{
    "cluster_mais_proximo": 2,
    "cluster_mais_distante": 1,
    "distancias": {
        "2": 8.133683120830332,
        "3": 9.625421545422611,
        "4": 9.898347740922384,
        "1": 10.749035954860014
    }
}