{
    "pl_orbper": [
        -0.7828089972301433,
        -0.7828089969600163
    ],
    "pl_orbsmax": [
        3.037185881213653,
        15.32806230900964
    ],
    "pl_rade": [
        -0.946666483258769,
        -0.9466664806970378
    ],
    "pl_bmasse": [
        -0.44783797167444955,
        -0.447837970182536
    ],
    "pl_orbeccen": [
        -0.41672447422411124,
        5.252861759174493
    ]
}