nome_planeta,similaridade_terra,pl_rade,pl_bmasse,pl_orbsmax
55 Cnc e,52.77205981336656,187500000.0,799000000.0,0.01544
61 Vir b,50.80485683835173,211000000.0,510000000.0,0.050201
61 Vir c,10.180257052535717,446000000.0,1820000000.0,0.2175
AU Mic b,19.749570116703975,395677019.0,2012000000.0,0.0649
AU Mic c,41.65184229011191,252202066.0,960000000.0,0.1108
BD+20 594 b,18.940960852802213,257807000.0,2224810000.0,0.241
BD-06 1339 b,44.14378360230263,285000000.0,850000000.0,0.0428
Barnard b,78.64003917224265,0.72,0.299,0.0229
Barnard c,76.22441601824175,0.743,0.335,0.0274
Barnard d,78.40661802995938,0.694,0.263,0.0188
Barnard e,77.31693342942899,0.637,0.193,0.0381
CoRoT-22 b,28.176735230735602,488000000.0,1220000000.0,0.092
CoRoT-24 c,16.360608020957443,500000000.0,2800000000.0,0.098
CoRoT-7 b,60.405063271117136,168135000.0,407660518.0,0.017016
CoRoT-7 c,44.48238497097942,283000000.0,840000000.0,0.046
DMPP-3 A b,58.313203002502185,141000000.0,258000000.0,0.0662
EPIC 201595106 b,56.37935211953868,156500000.0,767000000.0,0.0177
EPIC 211945201 b,14.444999971978884,576000000.0,2700000000.0,0.1493
EPIC 212737443 b,38.355884978914865,258600000.0,720000000.0,0.098
EPIC 220674823 b,55.325090010437734,167600000.0,780000000.0,0.01314
EPIC 220674823 c,37.557931327418586,284000000.0,732000000.0,0.1073
EPIC 249893012 b,49.80943877373611,195000000.0,875000000.0,0.047
EPIC 249893012 c,24.685563108634323,367000000.0,1467000000.0,0.13
EPIC 249893012 d,21.341378596723796,394000000.0,1018000000.0,0.22
G 192-15 b,69.24858118388235,102000000.0,103000000.0,0.01723
G 261-6 b,67.36247967762095,110000000.0,137000000.0,0.02971
G 268-110 b,67.91556975169703,113000000.0,152000000.0,0.01283
G 9-40 b,57.362665536759344,190000000.0,400000000.0,0.0418
GJ 1132 b,67.45901099360194,119151465.0,183704819.0,0.0157
GJ 1214 b,46.027929075741895,273300000.0,841000000.0,0.01505
GJ 1265 b,47.1598772782567,263000000.0,740000000.0,0.026
GJ 143 b,13.141484940132733,261000000.0,2270000000.0,0.1915
GJ 15 A b,57.41031470755175,155000000.0,303000000.0,0.072
GJ 160.2 b,37.78660704942412,317000000.0,1020000000.0,0.053
GJ 163 b,35.19849191483018,325000000.0,1060000000.0,0.0607
GJ 163 c,40.99912804132285,250000000.0,680000000.0,0.1254
GJ 180 b,45.344277421822895,243000000.0,649000000.0,0.092
GJ 180 c,42.9731700614028,241000000.0,640000000.0,0.129
GJ 2030 b,47.17034023019653,203000000.0,476742611.0,0.034
GJ 251 b,52.91367507646582,183000000.0,400000000.0,0.0818
GJ 27.1 b,26.578438744602426,366000000.0,1300000000.0,0.101
GJ 273 b,55.87156215330631,151000000.0,289000000.0,0.091101
GJ 273 c,62.177304145415455,106000000.0,118000000.0,0.036467
GJ 3082 b,34.91092306051139,279000000.0,820000000.0,0.079
GJ 3138 b,60.40320532525319,118000000.0,178000000.0,0.0197
GJ 3138 c,53.883751161911285,188000000.0,418000000.0,0.057
GJ 3293 b,10.536534445675013,519000000.0,2354000000.0,0.14339
GJ 3293 d,33.99322655790104,267000000.0,760000000.0,0.19394
GJ 3293 e,50.939529838904164,163000000.0,328000000.0,0.08208
GJ 3323 b,56.91206269733743,123000000.0,202000000.0,0.03282
GJ 3323 c,49.74229328783504,132000000.0,231000000.0,0.1264
GJ 3341 b,38.0000196855479,246000000.0,660000000.0,0.089
GJ 3470 b,30.03859027827739,457000000.0,1390000000.0,0.0355
GJ 3473 b,66.449142118015,126400000.0,186000000.0,0.01589
GJ 3473 c,44.49591645671657,263000000.0,741000000.0,0.0876
GJ 3634 b,42.71570133172744,283000000.0,840000000.0,0.0287
GJ 367 b,78.11619616075471,0.699,0.633,0.00709
GJ 3779 b,44.238431739138875,275000000.0,800000000.0,0.026
GJ 3929 b,67.62144075161943,109000000.0,175000000.0,0.0252
GJ 3929 c,49.8688172637686,226000000.0,571000000.0,0.081
GJ 3942 b,43.66074991469579,257000000.0,714000000.0,0.0608
GJ 3988 b,58.75418844550853,174000000.0,369000000.0,0.0405
GJ 3998 b,64.21522848322564,139000000.0,250000000.0,0.03
GJ 3998 c,46.77425741608006,250000000.0,682000000.0,0.09
GJ 3998 d,42.46822558442142,234000000.0,607000000.0,0.189
GJ 414 A b,28.802850480363777,263000000.0,760000000.0,0.2324
GJ 422 b,29.463284560533907,333000000.0,1107000000.0,0.111
GJ 4276 b,13.897678475705096,422000000.0,1657000000.0,0.082
GJ 433 b,50.47133665517926,233000000.0,604300000.0,0.062
GJ 433 d,44.686203688668506,214000000.0,522300000.0,0.178
GJ 436 b,14.056071120647058,417000000.0,2210000000.0,0.0291
GJ 480 b,26.745280677098975,369000000.0,1320000000.0,0.068
GJ 486 b,64.97086490311074,128900000.0,277000000.0,0.01714
GJ 581 b,19.707521018274903,479000000.0,2050000000.0,0.0399
GJ 581 c,47.048553345267266,250000000.0,681000000.0,0.0718
GJ 581 e,64.72037580478973,138000000.0,248000000.0,0.02799
GJ 667 C c,53.69879021065613,177000000.0,380000000.0,0.125
GJ 667 C e,54.70638840823577,145000000.0,270000000.0,0.213
GJ 667 C f,54.604125653656695,145000000.0,270000000.0,0.156
GJ 674 b,29.343726119866705,333000000.0,1109000000.0,0.039
GJ 676 A d,52.196398304485065,178000000.0,381394088.0,0.039
GJ 676 A e,36.664479624551156,247000000.0,667439655.0,0.181
GJ 682 b,51.64226626303776,193000000.0,440000000.0,0.08
GJ 682 c,31.615029153648074,289000000.0,870000000.0,0.176
GJ 685 b,37.641896335856295,295000000.0,900000000.0,0.1344
GJ 687 b,10.220779302365104,432000000.0,1720000000.0,0.163
GJ 876 d,42.04934596099066,251000000.0,683000000.0,0.02080665
GJ 887 b,56.374310052171886,188000000.0,420000000.0,0.068
GJ 9404 b,22.849905151057115,348000000.0,1190000000.0,0.0943
GJ 9689 b,27.986875699575993,307000000.0,965000000.0,0.1139
GJ 9827 b,61.72923917862289,144000000.0,428000000.0,0.0189
GJ 9827 c,66.89904253130723,113000000.0,186000000.0,0.0395
GJ 9827 d,57.96697156656763,198000000.0,302000000.0,0.053
Gl 378 b,28.261054851604214,366000000.0,1302000000.0,0.039435
Gl 49 b,41.1577320364172,224000000.0,563000000.0,0.0905
Gl 686 b,46.190535555059256,246000000.0,662400000.0,0.091
HAT-P-11 b,8.789184292627455,436000000.0,2500000000.0,0.05258
HAT-P-26 b,14.45690354845794,706167000.0,2224810000.0,0.0479
HD 103197 b,9.273452110403111,583000000.0,2860470000.0,0.25
HD 104067 c,19.296181511795673,369000000.0,1320000000.0,0.1058
HD 105618 b,7.517319989565988,544000000.0,2542627256.0,0.091
HD 106315 b,37.737236406252094,244000000.0,1260000000.0,0.0907
HD 106315 c,15.028976392504106,435000000.0,1520000000.0,0.1536
HD 107148 c,8.089823435547249,470000000.0,1989605828.0,0.1407
HD 108236 b,60.63426703133557,161500000.0,324000000.0,0.04527
HD 108236 c,54.581487586064256,207100000.0,494000000.0,0.062
HD 108236 d,45.19569709447305,253900000.0,698000000.0,0.1074
HD 108236 e,35.67803021969991,308300000.0,971000000.0,0.1367
HD 108236 f,48.7893919938557,201700000.0,472000000.0,0.1758
HD 109271 b,14.445126749257891,431000000.0,1716200000.0,0.079
HD 109271 c,6.538939948472942,527000000.0,2415400000.0,0.196
HD 110082 b,30.09611048361803,320000000.0,1030000000.0,0.113
HD 110113 b,53.6240066048434,205000000.0,455000000.0,0.035
HD 110113 c,45.982359011162885,211384817.0,1050000000.0,0.068
HD 115404 A b,8.033481448558895,609000000.0,3082935548.0,0.088
HD 11964 c,0.6092423288931172,538000000.0,2500000000.0,0.229
HD 12235 b,29.016642194543543,323000000.0,1048833743.0,0.054
HD 125612 c,21.79087334385435,407000000.0,1557359194.0,0.051
HD 134060 b,30.373797115525136,316000000.0,1010000000.0,0.0444
HD 134606 b,37.801038424123256,297000000.0,909000000.0,0.1046
HD 134606 c,26.196670032129184,337000000.0,1131000000.0,0.3007
HD 134606 e,57.246790529098845,133000000.0,234000000.0,0.0527
HD 134606 f,45.124147485664096,224000000.0,563000000.0,0.1784
HD 135694 b,44.40509200475809,285700000.0,610000000.0,0.124695
HD 136352 b,56.788797141663565,166400000.0,472000000.0,0.0964
HD 136352 c,33.97834169585078,291600000.0,1124000000.0,0.1721
HD 137496 b,62.98256924817682,131000000.0,404000000.0,0.02732
HD 13808 b,32.29670815073794,335000000.0,1120000000.0,0.10519
HD 13808 c,25.5525446588698,313000000.0,996000000.0,0.2554
HD 140901 b,16.340559932648286,407000000.0,1557359194.0,0.085
HD 141004 b,21.434066472915447,377000000.0,1363483866.0,0.1238
HD 151450 b,4.576873363541792,694000000.0,3845723725.0,0.16
HD 152843 b,28.95928807534174,341000000.0,1156000000.0,0.1053
HD 153557 b,18.10805691548281,477000000.0,2034101805.0,0.068
HD 153557 c,12.169888010055281,436000000.0,1748056238.0,0.111
HD 155918 b,40.27081089060833,267000000.0,762788177.0,0.03
HD 156098 b,18.70843125458221,412000000.0,1589142035.0,0.167
HD 156668 b,57.66552264820398,187000000.0,415000000.0,0.05
HD 15906 b,47.79594924539142,224000000.0,565000000.0,0.09
HD 15906 c,38.27458198432798,293000000.0,891000000.0,0.141
HD 160691 d,37.89425949438209,317000000.0,1017000000.0,0.09286
HD 16417 b,7.754822611820609,500000000.0,2210000000.0,0.14
HD 164595 b,14.786222782184955,416000000.0,1614000000.0,0.23
HD 164922 d,52.48448500395854,183000000.0,400000000.0,0.103
HD 164922 e,27.03874259497524,323000000.0,1052012027.0,0.2292
HD 168009 b,34.58224118591021,305000000.0,953485221.0,0.1192
HD 177565 b,17.374014615884683,400000000.0,1510000000.0,0.246
HD 179079 b,15.008140243966718,548000000.0,2574423000.0,0.1214
HD 18143 b,27.699351968565647,328000000.0,1080616584.0,0.088
HD 181433 b,40.00517792635151,240000000.0,635660000.0,0.08
HD 183579 b,18.15653159136833,349000000.0,2040000000.0,0.1322
HD 18599 b,18.469661251274395,260000000.0,2410000000.0,0.048
HD 189567 c,35.75874909902265,254000000.0,700000000.0,0.197
HD 190007 b,20.582640651509646,406000000.0,1550000000.0,0.092
HD 190360 c,9.944385743493367,459000000.0,1906900000.0,0.1304
HD 191939 b,36.5277094005676,341000000.0,1000000000.0,0.0804
HD 191939 c,35.96439713967554,319500000.0,800000000.0,0.1752
HD 191939 d,42.404786122039795,299500000.0,280000000.0,0.2132
HD 20003 b,23.97331698968579,343000000.0,1166000000.0,0.0974
HD 20003 c,18.107915749038412,389000000.0,1444000000.0,0.1964
HD 20329 b,55.500829825685614,172000000.0,742000000.0,0.018
HD 207496 b,42.94448686466041,225000000.0,610000000.0,0.0629
HD 20781 b,62.86177969603503,121000000.0,193000000.0,0.0529
HD 20781 c,48.92368931076834,217000000.0,533000000.0,0.1004
HD 20781 d,28.490439521200972,325000000.0,1061000000.0,0.1647
HD 207897 b,36.42144361678371,234302132.0,1480000000.0,0.117
HD 20794 b,58.255534980597375,145000000.0,270000000.0,0.1257
HD 211970 b,21.208995496222723,366000000.0,1300000000.0,0.143
HD 213519 b,30.984055327474827,299000000.0,921702380.0,0.099
HD 213885 b,53.11426337056571,174500000.0,883000000.0,0.02012
HD 213885 c,20.643502114860553,471000000.0,1995000000.0,0.056798
HD 215152 b,65.95910291552354,119000000.0,181900000.0,0.057638
HD 215152 c,65.87590208826596,117000000.0,172000000.0,0.067393
HD 215152 d,61.05647857224717,148000000.0,280100000.0,0.08799
HD 215152 e,57.16519130626535,151000000.0,287700000.0,0.15417
HD 215497 b,45.11840502706113,240000000.0,635660000.0,0.05
HD 216520 b,28.83550821262215,318000000.0,1026000000.0,0.198
HD 21693 b,36.48352251228777,280000000.0,823000000.0,0.1455
HD 21693 c,13.785728186292328,434000000.0,1737000000.0,0.2586
HD 217786 c,38.734674540411085,261000000.0,731005336.0,0.038
HD 219134 b,59.35210602677266,160200000.0,474000000.0,0.03876
HD 219134 c,58.43877175097088,151100000.0,436000000.0,0.0653
HD 219134 d,29.780531504419123,161000000.0,1617000000.0,0.237
HD 219134 f,48.286418913226356,131000000.0,730000000.0,0.1463
HD 219666 b,22.844631574516335,489800000.0,1760000000.0,0.06356
HD 219828 b,19.583937629810826,459000000.0,1906970442.0,0.049
HD 23472 b,45.998773082067814,200000000.0,832000000.0,0.1162
HD 23472 c,51.16529893081096,187000000.0,341000000.0,0.1646
HD 23472 d,76.69607654683942,0.75,0.55,0.04298
HD 23472 e,75.72234589421629,0.818,0.72,0.068
HD 23472 f,65.70123045403133,113700000.0,0.77,0.0906
HD 235088 b,55.28867497722945,207506422.0,420000000.0,0.071
HD 238090 b,37.26064597787335,252000000.0,689000000.0,0.0932
HD 24085 b,27.12762535607621,346000000.0,1180000000.0,0.034
HD 25463 b,45.48445371530646,254535814.0,870000000.0,0.076
HD 25463 c,61.85009832593266,136354953.0,430000000.0,0.0443
HD 25912 b,8.551254806971476,690000000.0,3813940884.0,0.242
HD 260655 b,65.62031659814795,124000000.0,214000000.0,0.02933
HD 260655 c,61.318759850896136,153300000.0,309000000.0,0.04749
HD 285968 b,43.22262139364408,283000000.0,840000000.0,0.066
HD 31527 b,32.47697791295178,322000000.0,1047000000.0,0.1254
HD 31527 c,19.506808709353365,385000000.0,1416000000.0,0.2663
HD 3167 b,59.26555987560678,167000000.0,497000000.0,0.01796
HD 34445 e,13.699743558814408,426000000.0,1680000000.0,0.2687
HD 35843 b,50.726840737268354,229000000.0,584000000.0,0.088
HD 35843 c,28.46530846329656,254000000.0,1132000000.0,0.25
HD 39855 b,39.66038325633526,285000000.0,850000000.0,0.041
HD 40307 b,51.02180279739506,183000000.0,400000000.0,0.0468
HD 40307 c,47.252866645020745,246000000.0,660000000.0,0.0799
HD 40307 d,35.57541216775515,304000000.0,950000000.0,0.1321
HD 40307 f,45.904247279723904,213000000.0,520000000.0,0.247
HD 42813 b,36.48464538630883,341000000.0,910000000.0,0.111
HD 4308 b,23.55757567240321,412000000.0,1589150000.0,0.12
HD 45184 b,31.692601322032843,352000000.0,1219000000.0,0.0644
HD 45184 c,39.35735222816717,291000000.0,881000000.0,0.11
HD 47186 b,17.974534218088174,502000000.0,2224810000.0,0.05
HD 48948 b,53.55558918291427,206000000.0,488000000.0,0.0652
HD 48948 c,30.065508844873246,260000000.0,727000000.0,0.1951
HD 49674 b,15.58549797871128,620000000.0,3178300000.0,0.06
HD 51608 b,27.207856967648482,362000000.0,1277000000.0,0.1059
HD 5278 b,43.64142364870523,245000000.0,780000000.0,0.1202
HD 5278 c,12.36878681131091,449000000.0,1840000000.0,0.2416
HD 6061 b,45.06898006420842,242763557.0,1000000000.0,0.06
HD 63433 b,30.449707885245225,216351593.0,3730000000.0,0.072
HD 63433 c,30.157170567250567,258229101.0,1720000000.0,0.146
HD 63433 d,62.540942957587305,107300000.0,125000000.0,0.0503
HD 63935 b,39.58923509305329,291575244.0,1050000000.0,0.083
HD 63935 c,34.532872178861425,306451296.0,1110000000.0,0.148
HD 64114 b,11.018896471393123,441000000.0,1780000000.0,0.246
HD 69830 b,35.19632446865022,317000000.0,1020000000.0,0.0785
HD 69830 c,23.732060388036246,346000000.0,1180000000.0,0.186
HD 74698 b,12.65607230397415,512000000.0,2300000000.0,0.121
HD 77338 b,23.51694751333677,412000000.0,1590000000.0,0.06
HD 77946 b,32.09153844748508,289646124.0,1090000000.0,0.073
HD 7924 b,49.10637071378639,240000000.0,635660000.0,0.06
HD 7924 c,40.40860130244543,272000000.0,786000000.0,0.1134
HD 7924 d,37.588351859818964,242000000.0,644000000.0,0.1551
HD 80653 b,58.683348936827706,161300000.0,572000000.0,0.01661
HD 86226 c,49.467709341269796,216000000.0,725000000.0,0.049
HD 86728 b,33.2257462599704,303000000.0,943000000.0,0.1916
HD 89345 b,8.228715769196022,739794000.0,3496130000.0,0.1066
HD 90156 b,5.265431157284939,443000000.0,1798000000.0,0.25
HD 93351 b,51.252720749289445,169000000.0,349611248.0,0.035
HD 93385 d,32.05008777017316,289000000.0,870000000.0,0.2565
HD 93963 A b,63.574678841005394,146954368.0,280000000.0,0.02061
HD 93963 A c,28.453509230706466,311976057.0,1840000000.0,0.04726
HD 97658 b,48.06264332067662,212000000.0,830000000.0,0.0805
HD 99492 b,15.023786591280231,544000000.0,2550000000.0,0.12
HIP 107772 b,16.441708264519676,364000000.0,1290000000.0,0.243
HIP 113103 b,51.517910807734545,182900000.0,400000000.0,0.06899
HIP 113103 c,42.13811795527253,240000000.0,635000000.0,0.10479
HIP 116454 b,36.30220772734265,246900000.0,970000000.0,0.0792
HIP 19976 b,0.2685369387919536,494000000.0,2161233168.0,0.234
HIP 35173 b,17.823561055458022,361000000.0,1270000000.0,0.217
HIP 38594 b,30.34142682195602,277000000.0,810000000.0,0.256
HIP 4845 b,11.730973216341734,389000000.0,1440000000.0,0.176
HIP 48714 b,5.5862695814929095,511000000.0,2290000000.0,0.112
HIP 54373 b,35.6099866447524,287000000.0,862000000.0,0.063
HIP 54373 c,23.005120694815307,357000000.0,1244000000.0,0.099
HIP 57274 b,42.77255190232502,240000000.0,635660000.0,0.07
HIP 67522 c,13.82567338244453,793595834.0,4830000000.0,0.1228
HIP 8152 b,44.36408861698254,253625843.0,890000000.0,0.093
HIP 8152 c,32.539738872127536,252442508.0,1070000000.0,0.139
HIP 9618 b,32.709696977739924,382838127.0,830000000.0,0.145
HIP 97166 b,21.61589624394167,248013380.0,1910000000.0,0.091
HIP 97166 c,42.50922711253786,275000000.0,800000000.0,0.124
HR 858 b,57.69673356867448,200400000.0,355000000.0,0.04888
HR 858 d,50.94294793454714,200100000.0,710000000.0,0.1046
K2-10 b,5.218070631250807,384000000.0,2700000000.0,0.137
K2-116 b,76.96299550870914,0.69,0.257,0.048
K2-117 b,55.210521094349936,203000000.0,478000000.0,0.0189
K2-117 c,49.86470863215695,206000000.0,490000000.0,0.0492
K2-118 b,32.37718942550202,254000000.0,699000000.0,0.245
K2-119 b,46.26646224594611,253000000.0,694000000.0,0.0698
K2-123 b,37.60766182514004,276000000.0,805000000.0,0.1649
K2-124 b,40.748758124437884,290000000.0,875000000.0,0.049
K2-125 b,47.25038357033739,218000000.0,539000000.0,0.121
K2-126 b,54.50431494277759,197000000.0,454000000.0,0.0656
K2-128 b,54.538358056090786,142000000.0,260000000.0,0.056
K2-129 b,63.28683505744412,104000000.0,112000000.0,0.057
K2-130 b,59.9654307988026,125000000.0,210000000.0,0.032
K2-131 b,55.07710894183711,169000000.0,790000000.0,0.00936
K2-136 c,25.83481020132961,300000000.0,1810000000.0,0.1185
K2-138 b,61.8818648006884,151000000.0,310000000.0,0.03385
K2-138 c,51.07488738761535,229900000.0,631000000.0,0.04461
K2-138 d,47.772411271399996,239000000.0,792000000.0,0.05893
K2-138 e,30.751730761189286,339000000.0,1297000000.0,0.0782
K2-138 f,49.72362937668913,290400000.0,163000000.0,0.10447
K2-138 g,38.45414413085877,301300000.0,432000000.0,0.23109
K2-14 b,14.08647461692901,481000000.0,2070000000.0,0.0627
K2-141 b,60.527433530639634,151000000.0,497000000.0,0.00747
K2-146 b,50.35381372358978,205000000.0,577000000.0,0.0248
K2-146 c,48.895853977451615,219000000.0,749000000.0,0.0327
K2-147 b,54.57337009247176,147286006.0,277000000.0,0.01575
K2-167 b,39.9335151685862,236509493.0,650000000.0,0.0932
K2-17 b,43.15359910867602,223000000.0,560000000.0,0.119
K2-18 b,32.90334849429706,237000000.0,892000000.0,0.1429
K2-180 b,40.122578194780125,246597575.0,1141003981.0,0.0756
K2-181 b,34.32971014214534,283587212.0,843000000.0,0.0714
K2-182 b,26.213939712014298,271257333.0,2097667486.0,0.05174
K2-19 b,10.062952441318636,700000000.0,3240000000.0,0.074
K2-19 c,23.785469520265238,410000000.0,1080000000.0,0.0971
K2-199 b,55.92132056389583,173000000.0,690000000.0,0.0382
K2-199 c,38.059175537735506,285000000.0,1240000000.0,0.0662
K2-203 b,55.39406306895954,126549392.0,214000000.0,0.0824
K2-204 b,29.202559679607933,317214154.0,1020000000.0,0.0738
K2-208 b,51.00852479058318,167462172.0,345000000.0,0.04878
K2-21 b,53.99678021593653,184000000.0,404000000.0,0.076
K2-21 c,38.8128608418054,249000000.0,676000000.0,0.107
K2-211 b,58.75296455775949,133162691.0,233000000.0,0.01419
K2-216 b,53.92761538531943,175000000.0,800000000.0,0.028
K2-225 b,20.851978788783498,360929179.0,1270000000.0,0.1409
K2-226 b,54.10787784452647,153899305.0,298000000.0,0.04095
K2-229 b,67.96132047592113,100000000.0,249000000.0,0.0131
K2-24 b,16.803798320587116,540000000.0,1900000000.0,0.154
K2-25 b,12.006548549605732,344000000.0,2450000000.0,0.0287
K2-250 b,38.45874882678236,271257333.0,781000000.0,0.04606
K2-265 b,49.606360431739,170824866.0,734183620.0,0.03359
K2-266 c,76.96368097565937,0.705,0.29013072,0.0679
K2-266 d,39.689615543673796,293000000.0,890000000.0,0.1035
K2-266 e,32.82705499088946,273000000.0,1430000000.0,0.1249
K2-27 b,8.322664778381489,448000000.0,3090000000.0,0.06702
K2-277 b,43.738259424686106,218575124.0,542000000.0,0.0664
K2-28 b,52.17607191556747,232000000.0,599000000.0,0.0214
K2-280 b,5.071707585139364,750000000.0,3710000000.0,0.1461
K2-284 b,43.00851983474094,278000000.0,815000000.0,0.04771
K2-285 b,44.67038232229539,259000000.0,968000000.0,0.03817
K2-285 c,28.09466033398123,353000000.0,1568000000.0,0.0824
K2-291 b,57.26216033806643,158900000.0,649000000.0,0.03261
K2-292 b,24.037101822584127,263000000.0,2450000000.0,0.13
K2-3 b,50.162499465030585,207800000.0,511000000.0,0.0747
K2-3 c,56.3694041699541,158200000.0,268000000.0,0.1357
K2-32 b,26.55887819058714,529900000.0,1500000000.0,0.0795
K2-32 c,37.616915540602136,313400000.0,810000000.0,0.13843
K2-32 d,34.000278341470214,348400000.0,670000000.0,0.18422
K2-32 e,65.33081017298773,121200000.0,210000000.0,0.04899
K2-35 b,60.90178485377751,132000000.0,230000000.0,0.031
K2-35 c,52.86979813702217,193000000.0,438000000.0,0.055
K2-360 c,22.56261662083684,402000000.0,1523000000.0,0.0883
K2-39 b,18.13263235120731,627704000.0,2860470000.0,0.05708
K2-4 b,51.24512555412009,210000000.0,506000000.0,0.078
K2-43 b,21.371374816301145,451000000.0,1850000000.0,0.03784
K2-45 b,15.94760138512244,671000000.0,3640000000.0,0.0224
K2-54 b,37.1803690447674,261169250.0,733000000.0,0.0761
K2-55 b,27.7159451803146,382000000.0,1400000000.0,0.03486
K2-57 b,41.386488974963626,230905002.0,594000000.0,0.0752
K2-66 b,29.0779384628513,249000000.0,2130000000.0,0.05983
K2-7 b,12.133464874923861,403523305.0,1530000000.0,0.1867
K2-72 b,64.28085513143157,108000000.0,128000000.0,0.04
K2-72 c,60.75995737169574,116000000.0,165000000.0,0.078
K2-72 d,64.66360946054691,101000000.0,101000000.0,0.05
K2-72 e,56.742374619089205,129000000.0,221000000.0,0.106
K2-81 b,54.82221103993461,197000000.0,454000000.0,0.059
K2-83 b,64.32821670000715,124400000.0,208000000.0,0.03014
K2-83 c,60.091783667149244,148300000.0,280000000.0,0.07131
K2-85 b,58.24858355718455,120000000.0,187000000.0,0.013
K2-88 b,56.35048027566273,123000000.0,204000000.0,0.0345
K2-89 b,73.92916993114622,0.615,0.17,0.01462
K2-90 b,43.77265573531047,260000000.0,727000000.0,0.096
K2-90 c,58.40766788958352,130000000.0,224000000.0,0.035
K2-91 b,65.89933029736719,110000000.0,137000000.0,0.0164
KOBE-1 b,42.10178345808071,291000000.0,880000000.0,0.07006
KOBE-1 c,26.788580602893276,356000000.0,1240000000.0,0.16071
KOI-1599.01,53.506094362003225,190000000.0,460000000.0,0.14728
KOI-1599.02,49.032566691948944,190000000.0,900000000.0,0.112293
KOI-351 b,64.08308562820922,131000000.0,227000000.0,0.074
KOI-351 c,65.23840911115674,119000000.0,181000000.0,0.089
KOI-351 d,34.80782087036904,287000000.0,860000000.0,0.32
KOI-7368 b,52.421122187403974,222000000.0,556000000.0,0.0678
KOI-7913 b,46.44038267273429,234000000.0,608000000.0,0.1456
KOI-94 b,41.14194028731112,171000000.0,1050000000.0,0.05119
KOI-94 c,15.957467178904562,432000000.0,1560000000.0,0.1013
KOI-94 e,9.899936518199231,656000000.0,3500000000.0,0.3046
KOI-984 b,20.91963354670807,430000000.0,1710000000.0,0.0504
Kepler-10 b,63.22281318587329,147000000.0,324000000.0,0.01685
Kepler-10 c,30.70521966215826,235500000.0,1129000000.0,0.241
Kepler-100 e,9.576383425089528,527000000.0,2414271827.0,0.312391586
Kepler-1002 b,59.80184610011577,171000000.0,357000000.0,0.0564
Kepler-1006 b,58.11944819877649,154000000.0,299000000.0,0.1464
Kepler-1007 b,62.959160451068115,144000000.0,267000000.0,0.048
Kepler-1009 b,51.98789018704309,217000000.0,535000000.0,0.0796
Kepler-1010 b,44.24728119548675,232000000.0,599000000.0,0.193
Kepler-1011 b,43.38267939432508,287000000.0,860000000.0,0.0633
Kepler-1013 b,50.37791536217284,215000000.0,527000000.0,0.137
Kepler-1014 b,47.65262631789646,239000000.0,630000000.0,0.121
Kepler-1018 b,39.048420027860516,258000000.0,718000000.0,0.253
Kepler-1019 b,63.653694212696564,146000000.0,273000000.0,0.0221
Kepler-1021 b,49.250520512086794,233000000.0,604000000.0,0.1034
Kepler-1022 b,49.44940666247704,236000000.0,617000000.0,0.0805
Kepler-1026 b,45.20476758252353,221000000.0,552000000.0,0.1977
Kepler-1028 b,64.95591112449515,133000000.0,233000000.0,0.0354
Kepler-1029 b,65.31170149873965,126000000.0,213000000.0,0.047
Kepler-1030 b,45.6955036221889,248000000.0,671000000.0,0.1338
Kepler-1031 b,78.9697034880463,0.87,0.59,0.0218
Kepler-1032 b,57.987510181575246,187000000.0,416000000.0,0.0361
Kepler-1033 b,48.18162858172501,251000000.0,685000000.0,0.0761
Kepler-1034 b,50.56362936833748,226000000.0,573000000.0,0.0965
Kepler-1037 b,65.91598656458726,128000000.0,218000000.0,0.0198
Kepler-1038 c,62.77543187278101,141623380.0,259000000.0,0.0692
Kepler-104 b,25.030754386188107,310000000.0,1960000000.0,0.094
Kepler-104 c,38.896933983791996,313000000.0,714430805.0,0.153
Kepler-104 d,33.41750639432163,358000000.0,554022107.0,0.257
Kepler-1041 b,37.62774723590311,294000000.0,896000000.0,0.1688
Kepler-1042 b,52.02183850189821,219000000.0,543000000.0,0.0756
Kepler-1043 b,39.93938489454399,255000000.0,704000000.0,0.2159
Kepler-1044 b,46.06905516950192,267000000.0,761000000.0,0.0741
Kepler-1045 b,40.923349232197616,269000000.0,770000000.0,0.1616
Kepler-1048 b,60.431770658673685,161000000.0,322000000.0,0.059
Kepler-1049 b,78.46257696570716,0.95,0.809,0.0349
Kepler-1053 b,78.67538850203336,0.98,0.904,0.0315
Kepler-1056 b,35.902209659405464,301000000.0,932000000.0,0.1629
Kepler-1057 b,33.876754514996485,336000000.0,1120000000.0,0.1138
Kepler-1059 b,59.68956513202381,173000000.0,364000000.0,0.044
Kepler-1060 b,41.891379635472035,238000000.0,626000000.0,0.2495
Kepler-1062 b,57.929333532542984,176000000.0,375000000.0,0.0748
Kepler-1063 b,60.141391488156614,149000000.0,283000000.0,0.1176
Kepler-1064 b,58.79717043872939,155000000.0,302000000.0,0.1183
Kepler-1065 b,30.52795931027095,373000000.0,1340000000.0,0.0455
Kepler-1065 c,61.67917107636109,160000000.0,319000000.0,0.0344
Kepler-1073 b,50.867694890535226,230000000.0,590000000.0,0.0805
Kepler-1073 c,60.7610179158837,164000000.0,333000000.0,0.0483
Kepler-1073 d,63.04046665446829,148770949.0,282000000.0,0.0352
Kepler-1074 b,65.05334268803455,125000000.0,210000000.0,0.0536
Kepler-1075 b,64.12013271787127,142000000.0,260000000.0,0.0208
Kepler-1076 b,77.75069795638393,0.8,0.437,0.0611
Kepler-1077 b,37.77513004057179,277000000.0,810000000.0,0.2101
Kepler-1078 b,57.66965419030733,190000000.0,427000000.0,0.0388
Kepler-1079 b,58.61120411786156,163000000.0,329000000.0,0.1092
Kepler-1083 b,29.08860142874603,336000000.0,1120000000.0,0.1899
Kepler-1084 b,68.07087134392796,111000000.0,141000000.0,0.0324
Kepler-1086 b,46.393661947038744,244000000.0,653000000.0,0.1198
Kepler-1089 b,58.052952908424,183000000.0,401000000.0,0.0497
Kepler-1091 b,63.64787008088965,146000000.0,273000000.0,0.0252
Kepler-1092 b,46.15214587605821,207000000.0,494000000.0,0.2996
Kepler-1095 b,66.0312587808792,121000000.0,192000000.0,0.0514
Kepler-1096 b,65.92985525631263,124000000.0,207000000.0,0.034
Kepler-1098 b,65.30927580590613,130000000.0,224000000.0,0.0358
Kepler-1099 b,44.861272046869445,283000000.0,840000000.0,0.0337
Kepler-11 b,59.4065317155156,180000000.0,190000000.0,0.091
Kepler-11 c,49.74486590343458,287000000.0,290000000.0,0.107
Kepler-11 d,39.179319018993894,312000000.0,730000000.0,0.155
Kepler-11 e,30.86347123262746,419000000.0,800000000.0,0.195
Kepler-11 f,47.44977717234252,249000000.0,200000000.0,0.25
Kepler-110 b,56.180591297064566,183000000.0,401000000.0,0.107
Kepler-110 c,46.392751760402476,221000000.0,552000000.0,0.198
Kepler-1102 b,37.89472812996175,266000000.0,756000000.0,0.2731
Kepler-1105 b,55.86023360179372,201000000.0,470000000.0,0.0471
Kepler-1106 b,61.327803171076084,165000000.0,336000000.0,0.0239
Kepler-1108 b,62.886077769308635,146000000.0,273000000.0,0.0511
Kepler-1109 b,45.20611708509041,219000000.0,543000000.0,0.2466
Kepler-111 b,61.69254829557164,158000000.0,312000000.0,0.046
Kepler-1110 b,45.493626996317005,266000000.0,756000000.0,0.0754
Kepler-1111 b,54.910485532494846,200000000.0,466000000.0,0.0872
Kepler-1112 b,38.99398432650706,302000000.0,938000000.0,0.1239
Kepler-1113 b,35.6937248623608,281000000.0,830000000.0,0.2415
Kepler-1115 b,55.17530138181447,170000000.0,353000000.0,0.2134
Kepler-1116 b,39.62526597680989,254000000.0,699000000.0,0.233
Kepler-1118 b,37.147887388068035,274000000.0,795000000.0,0.2079
Kepler-1119 b,56.08422163391743,192000000.0,435000000.0,0.0812
Kepler-112 b,50.08994520977939,236000000.0,617000000.0,0.076
Kepler-112 c,44.5316503837118,240000000.0,635000000.0,0.172
Kepler-1120 b,64.24761770532379,138000000.0,248000000.0,0.0369
Kepler-1122 b,46.55382773491871,204000000.0,482000000.0,0.2315
Kepler-1123 b,60.309156629821146,167000000.0,343000000.0,0.0497
Kepler-1124 b,65.47293891547457,128000000.0,218000000.0,0.0305
Kepler-1125 b,54.827108407037414,184000000.0,404000000.0,0.1348
Kepler-1127 b,56.355876184380364,196000000.0,450000000.0,0.0556
Kepler-1128 b,22.740800479337725,365000000.0,1290000000.0,0.302
Kepler-1131 b,61.525219589557175,159000000.0,315000000.0,0.0459
Kepler-1132 b,42.32057491908946,235000000.0,612000000.0,0.2881
Kepler-1133 b,54.62862011026612,197000000.0,454000000.0,0.0983
Kepler-1134 b,43.94607088888918,264000000.0,746000000.0,0.1242
Kepler-1136 b,61.17323482545714,164000000.0,333000000.0,0.0299
Kepler-1137 b,48.45847539825735,220000000.0,548000000.0,0.1871
Kepler-1138 b,60.224529825287846,170000000.0,353000000.0,0.0415
Kepler-114 b,66.55145025279512,126000000.0,109000000.0,0.053
Kepler-114 c,60.810984896648165,160000000.0,280000000.0,0.06482
Kepler-114 d,51.03790201365307,253000000.0,390000000.0,0.08358
Kepler-1140 b,40.31787193593147,277000000.0,810000000.0,0.1478
Kepler-1142 b,59.34933286709301,147000000.0,276000000.0,0.1343
Kepler-1143 b,60.66847750945631,167000000.0,343000000.0,0.0371
Kepler-1144 b,52.97591229720122,199000000.0,462000000.0,0.1291
Kepler-1145 b,63.75424642459929,140000000.0,254000000.0,0.0443
Kepler-1146 b,66.18374495412344,123000000.0,204000000.0,0.0325
Kepler-1147 b,45.98657996427826,261000000.0,732000000.0,0.0961
Kepler-1148 b,60.85647364918706,169000000.0,350000000.0,0.0188
Kepler-1149 b,63.319359073502454,144000000.0,267000000.0,0.0473
Kepler-115 b,68.26563203194735,109000000.0,132000000.0,0.036
Kepler-115 c,46.53972532198193,260000000.0,727000000.0,0.087
Kepler-1150 b,69.1077214244872,102000000.0,104000000.0,0.0382
Kepler-1152 b,78.86551968571207,0.87,0.59,0.0223
Kepler-1153 b,60.18705871933875,173000000.0,364000000.0,0.0277
Kepler-1154 b,51.16993058930905,234000000.0,608000000.0,0.0631
Kepler-1154 c,50.07775651660761,236000000.0,617000000.0,0.0875
Kepler-1155 b,48.39686846119829,203000000.0,478000000.0,0.2006
Kepler-1157 b,67.75689308812002,109000000.0,132000000.0,0.0448
Kepler-1159 b,46.413947156940594,237000000.0,621000000.0,0.1603
Kepler-116 b,34.86459010077035,342000000.0,1160000000.0,0.069
Kepler-116 c,49.77955996369439,230000000.0,590000000.0,0.116
Kepler-1160 b,53.24053786424153,214000000.0,522000000.0,0.0755
Kepler-1161 b,52.69516226526738,213000000.0,518000000.0,0.0784
Kepler-1162 b,46.18369979615609,221000000.0,552000000.0,0.19
Kepler-1162 c,49.592118515713835,181000000.0,393000000.0,0.2832
Kepler-1165 b,60.54658145293722,155000000.0,302000000.0,0.0914
Kepler-1165 c,29.935619222043748,336093385.0,1120000000.0,0.1969
Kepler-1166 b,52.89594875954057,169000000.0,350000000.0,0.1975
Kepler-1167 b,60.62734487477994,171000000.0,357000000.0,0.0175
Kepler-1168 b,40.202111925759276,250000000.0,680000000.0,0.2663
Kepler-117 b,13.925735388568249,805900000.0,2987500000.0,0.1445
Kepler-1170 b,49.00137528523028,241000000.0,639000000.0,0.088
Kepler-1171 b,48.98637411212336,256000000.0,708000000.0,0.0284
Kepler-1172 b,33.42099246611842,320000000.0,1030000000.0,0.168
Kepler-1174 b,60.69292554572152,159000000.0,315000000.0,0.0732
Kepler-1175 b,33.60891581595422,299000000.0,922000000.0,0.2181
Kepler-1176 b,44.92469984923312,245000000.0,657000000.0,0.1589
Kepler-1178 b,61.25003127092458,107000000.0,124000000.0,0.1596
Kepler-118 b,55.76255852078124,196000000.0,450000000.0,0.073
Kepler-118 c,14.276602953434695,768000000.0,4570000000.0,0.141
Kepler-1180 b,53.04684321408206,199000000.0,462000000.0,0.1246
Kepler-1181 b,61.4283456322208,157000000.0,309000000.0,0.0621
Kepler-1181 c,57.11106232861671,183000000.0,401000000.0,0.0928
Kepler-1182 b,48.70802176356642,241000000.0,639000000.0,0.0981
Kepler-1183 b,38.48486875197259,282000000.0,835000000.0,0.1793
Kepler-1184 b,37.61318351167629,268000000.0,765000000.0,0.2863
Kepler-1186 b,49.99992063275734,223000000.0,560000000.0,0.1281
Kepler-1187 b,43.94474271556503,261000000.0,732000000.0,0.1401
Kepler-1188 b,51.773224620721756,208000000.0,498000000.0,0.135
Kepler-1189 b,59.17545887909106,177000000.0,378000000.0,0.0467
Kepler-119 b,32.94785886381593,360000000.0,1260000000.0,0.035
Kepler-119 c,78.25161504906097,0.92,0.721,0.049
Kepler-1190 b,62.98813492962121,133000000.0,233000000.0,0.0845
Kepler-1191 b,62.00160634698129,151000000.0,289000000.0,0.0587
Kepler-1192 b,45.92972296309257,236000000.0,617000000.0,0.1693
Kepler-1194 b,59.37002311311341,151000000.0,289000000.0,0.1212
Kepler-1195 b,53.91358708804644,208000000.0,498000000.0,0.0726
Kepler-1198 b,61.97952610038134,147000000.0,276000000.0,0.0732
Kepler-120 b,49.06013790234634,215000000.0,850000000.0,0.055
Kepler-120 c,59.96542770781128,153000000.0,296000000.0,0.088
Kepler-1200 b,68.98565569175375,106000000.0,120000000.0,0.0188
Kepler-1201 b,49.389387383597956,229000000.0,586000000.0,0.1183
Kepler-1202 b,36.654861198802706,294000000.0,896000000.0,0.179
Kepler-1203 b,69.26273375210458,106000000.0,120000000.0,0.0114
Kepler-1205 b,64.35058542763947,141000000.0,257000000.0,0.0196
Kepler-1206 b,61.456797229073494,164000000.0,333000000.0,0.0201
Kepler-1207 b,58.623007212283746,162000000.0,326000000.0,0.1156
Kepler-1208 b,49.99010829560109,232000000.0,599000000.0,0.0901
Kepler-121 b,51.66738367052835,234000000.0,608000000.0,0.039
Kepler-121 c,43.432996679852835,227000000.0,577000000.0,0.216
Kepler-1210 b,59.01058287030282,170000000.0,353000000.0,0.0753
Kepler-1212 b,52.0091739891608,214000000.0,522000000.0,0.1082
Kepler-1214 b,47.509415376200124,236000000.0,617000000.0,0.128
Kepler-1215 b,65.74698414670019,122000000.0,198000000.0,0.0528
Kepler-1216 b,63.77540351872643,139000000.0,251000000.0,0.0519
Kepler-1217 b,56.71986642008701,199000000.0,462000000.0,0.0326
Kepler-122 b,51.02611431865994,234000000.0,608000000.0,0.064
Kepler-122 c,16.185478688722675,587000000.0,2900000000.0,0.108
Kepler-122 d,49.03653687558557,220000000.0,548000000.0,0.155
Kepler-122 e,19.35661991180728,260000000.0,2770000000.0,0.227
Kepler-1220 b,61.428951779109475,152000000.0,292000000.0,0.0734
Kepler-1221 b,55.70959370790431,188000000.0,419000000.0,0.0906
Kepler-1223 b,62.88982089058062,122000000.0,198000000.0,0.1186
Kepler-1225 b,57.72157737018201,182000000.0,397000000.0,0.0771
Kepler-123 c,57.15031096188857,148000000.0,279000000.0,0.181
Kepler-1230 b,44.70385952573589,271000000.0,780000000.0,0.0921
Kepler-1231 b,61.917101176611,142000000.0,260000000.0,0.0914
Kepler-1233 b,38.76687540957506,260000000.0,727000000.0,0.263
Kepler-1234 b,42.73601016969626,281000000.0,830000000.0,0.096
Kepler-1236 b,47.52166002258347,214000000.0,522000000.0,0.1803
Kepler-1238 b,56.99918312495027,193000000.0,438000000.0,0.0541
Kepler-1239 b,43.078986516843734,290000000.0,875000000.0,0.0625
Kepler-124 b,78.4286324207357,0.73,0.315,0.039
Kepler-124 c,56.94424991433077,175000000.0,371000000.0,0.1
Kepler-124 d,60.91261354203867,111000000.0,141000000.0,0.17
Kepler-1241 b,43.741987961151274,263000000.0,741000000.0,0.1336
Kepler-1242 b,50.19107690891304,226000000.0,573000000.0,0.1039
Kepler-1243 b,56.19846425348839,175000000.0,371000000.0,0.1256
Kepler-1244 b,64.4209443627828,135000000.0,239000000.0,0.0502
Kepler-1245 b,63.16498649634347,144000000.0,267000000.0,0.0484
Kepler-1245 c,63.5161201681298,144000000.0,267000000.0,0.0372
Kepler-1246 b,62.41363059903004,136000000.0,242000000.0,0.0848
Kepler-1247 b,49.19168734838943,233000000.0,604000000.0,0.1091
Kepler-1248 b,65.696225015995,118000000.0,176000000.0,0.0806
Kepler-1249 b,45.86338201084992,238000000.0,626000000.0,0.167
Kepler-125 b,51.00746164037954,237000000.0,621000000.0,0.041
Kepler-125 c,77.84304870227245,0.74,0.33,0.051
Kepler-1250 b,57.50087885286639,192000000.0,435000000.0,0.0393
Kepler-1251 b,49.20419336923179,184000000.0,404000000.0,0.2478
Kepler-1252 b,57.65503067284506,167000000.0,343000000.0,0.1078
Kepler-1254 b,60.41960158214307,155000000.0,302000000.0,0.0833
Kepler-1254 c,65.04725362572671,130000000.0,224000000.0,0.0422
Kepler-1254 d,64.40039929031259,131000000.0,227000000.0,0.0575
Kepler-1255 b,43.74607010198661,232000000.0,599000000.0,0.2226
Kepler-1257 b,62.60771942697737,152000000.0,292000000.0,0.0376
Kepler-1259 b,64.37744105471758,143000000.0,263000000.0,0.0141
Kepler-126 b,57.42942795229332,152000000.0,411726105.0,0.099
Kepler-126 c,52.82197376257667,158000000.0,127942148.0,0.162
Kepler-1260 b,55.37798969128648,177000000.0,378000000.0,0.1444
Kepler-1261 b,43.566890632806334,226000000.0,573000000.0,0.239
Kepler-1262 b,57.308332488723856,182000000.0,397000000.0,0.083
Kepler-1263 b,67.02287618809933,114000000.0,155000000.0,0.0499
Kepler-1265 b,63.72979570304668,135000000.0,239000000.0,0.0612
Kepler-1267 b,39.485166797712616,301000000.0,932000000.0,0.1057
Kepler-1268 b,46.68772168787221,203000000.0,478000000.0,0.2383
Kepler-127 b,51.88845934948665,140000000.0,254000000.0,0.125
Kepler-127 c,40.761604234286565,266000000.0,756000000.0,0.2
Kepler-127 d,38.337949390244205,264000000.0,746000000.0,0.28
Kepler-1272 b,42.039030300803994,237000000.0,621000000.0,0.2705
Kepler-1273 b,43.24509133131647,249000000.0,676000000.0,0.1857
Kepler-1275 b,62.85713777625658,148000000.0,279000000.0,0.0488
Kepler-1281 b,60.98638486132363,164000000.0,333000000.0,0.0415
Kepler-1282 b,62.36641553675568,155000000.0,302000000.0,0.0335
Kepler-1283 b,55.07379008427621,191000000.0,431000000.0,0.1062
Kepler-1284 b,67.08924390926074,121000000.0,192000000.0,0.0143
Kepler-1286 b,52.27948069853734,215000000.0,527000000.0,0.0991
Kepler-1287 b,60.17170684019696,154000000.0,299000000.0,0.0976
Kepler-1289 b,61.289425863496874,152000000.0,292000000.0,0.0785
Kepler-1290 b,63.33457065126274,142000000.0,260000000.0,0.0557
Kepler-1291 b,59.38012674388456,166000000.0,339000000.0,0.0779
Kepler-1292 b,58.64660546805424,182000000.0,397000000.0,0.0443
Kepler-1295 b,61.94982031559942,155000000.0,302000000.0,0.0464
Kepler-1296 b,77.19663897556245,0.91,0.693,0.0896
Kepler-1297 b,78.85682795499646,0.97,0.871,0.0283
Kepler-1299 b,38.21675343221424,298000000.0,917000000.0,0.1357
Kepler-130 b,62.63051320864492,102000000.0,104000000.0,0.079
Kepler-130 c,37.55064181759095,290000000.0,875000000.0,0.178
Kepler-1301 b,62.48804164458409,140000000.0,254000000.0,0.0815
Kepler-1302 b,62.187859549939034,143000000.0,263000000.0,0.0795
Kepler-1303 b,62.62456127526066,142000000.0,260000000.0,0.0751
Kepler-1304 b,49.15613543435368,229000000.0,586000000.0,0.1202
Kepler-1305 b,55.3226338569015,188000000.0,419000000.0,0.1109
Kepler-1306 b,54.243990925216615,191000000.0,431000000.0,0.123
Kepler-1307 b,46.16847757975653,247000000.0,666000000.0,0.1369
Kepler-1308 b,78.75218249264542,0.52,0.0933,0.025
Kepler-1309 b,44.89421074836168,237000000.0,621000000.0,0.1679
Kepler-1314 b,17.9296772252807,511000000.0,2290000000.0,0.0504
Kepler-1317 b,62.77438679010645,156000000.0,305000000.0,0.0128
Kepler-1319 b,55.47013868645438,134000000.0,236000000.0,0.0296
Kepler-132 b,65.55883131581167,121000000.0,192000000.0,0.067
Kepler-132 c,64.59044920720342,128000000.0,218000000.0,0.068
Kepler-132 d,58.433183635926525,155000000.0,302000000.0,0.136
Kepler-1320 b,61.00992514778587,170000000.0,353000000.0,0.0163
Kepler-1321 b,16.93990710982598,492000000.0,2150000000.0,0.0781
Kepler-1321 c,51.058306707684594,240000000.0,635000000.0,0.0267
Kepler-1321 d,46.93286067273949,262843782.0,741000000.0,0.0501
Kepler-1322 b,62.14618716247531,161000000.0,322000000.0,0.0183
Kepler-1322 c,53.40066609372916,215492527.0,529000000.0,0.0652
Kepler-1324 b,62.36928605124295,151000000.0,289000000.0,0.0466
Kepler-1325 b,36.56331881140116,286000000.0,855000000.0,0.2004
Kepler-1326 b,16.850010947269396,418000000.0,1630000000.0,0.2743
Kepler-1329 b,52.48669603031382,217000000.0,535000000.0,0.0747
Kepler-133 b,58.220183152718064,176000000.0,375000000.0,0.083
Kepler-133 c,37.443492135726906,284000000.0,845000000.0,0.204
Kepler-1330 b,59.134329636114046,165000000.0,336000000.0,0.0889
Kepler-1331 b,69.39662770505858,105000000.0,116000000.0,0.0142
Kepler-1334 b,49.27577239156194,229000000.0,586000000.0,0.1229
Kepler-1335 b,62.57172563855084,145000000.0,270000000.0,0.0615
Kepler-1337 b,45.43170785750886,241000000.0,639000000.0,0.1441
Kepler-134 b,55.77221317103165,200000000.0,466000000.0,0.06
Kepler-134 c,63.902694352401966,126000000.0,213000000.0,0.092
Kepler-1342 b,60.96912974072989,166000000.0,339000000.0,0.0313
Kepler-1343 b,57.19637268955503,193000000.0,438000000.0,0.0449
Kepler-1346 b,61.67772480004101,158000000.0,312000000.0,0.044
Kepler-1347 b,66.19410204203938,103000000.0,108000000.0,0.104
Kepler-1348 b,51.06278716832712,194000000.0,442000000.0,0.1834
Kepler-135 b,58.10522047786946,181000000.0,393000000.0,0.067
Kepler-135 c,65.0190295892693,116000000.0,165000000.0,0.103
Kepler-1350 b,48.79288481648903,252000000.0,690000000.0,0.0413
Kepler-1350 c,60.18434534896184,173000000.0,364000000.0,0.0222
Kepler-1351 b,79.27345207100181,0.65,0.208,0.0156
Kepler-1353 b,53.5940541528359,180000000.0,389000000.0,0.153
Kepler-1355 b,63.68382631652637,146000000.0,273000000.0,0.0224
Kepler-1356 b,63.134798511831725,153000000.0,296000000.0,0.0136
Kepler-1357 b,65.43410179726926,128000000.0,218000000.0,0.041
Kepler-1358 b,66.6822245911576,112000000.0,146000000.0,0.0656
Kepler-136 b,32.999174310118704,205000000.0,1980000000.0,0.106
Kepler-136 c,53.161012037880035,199000000.0,462000000.0,0.133
Kepler-1360 b,26.63841779831364,340000000.0,1150000000.0,0.2866
Kepler-1363 b,65.79740093002633,125000000.0,210000000.0,0.0363
Kepler-1364 b,51.76722909114571,215000000.0,527000000.0,0.1284
Kepler-1366 b,63.8412510954503,143000000.0,263000000.0,0.0273
Kepler-1367 b,78.88353122808671,0.92,0.721,0.0236
Kepler-1368 b,61.638124775417516,165000000.0,336000000.0,0.0153
Kepler-1369 b,41.0564465090773,269000000.0,770000000.0,0.1741
Kepler-137 b,61.79334203063848,147000000.0,276000000.0,0.077
Kepler-137 c,54.041305522991564,188000000.0,419000000.0,0.13
Kepler-1372 b,65.97474899983146,127000000.0,215000000.0,0.024
Kepler-1374 b,50.512635019719426,229000000.0,586000000.0,0.0918
Kepler-1375 b,59.67055297911433,174000000.0,368000000.0,0.0471
Kepler-1376 b,68.08157321115142,105000000.0,116000000.0,0.0598
Kepler-1377 b,66.52615467269001,125000000.0,210000000.0,0.0153
Kepler-1378 b,51.42286579096526,220000000.0,548000000.0,0.0885
Kepler-1379 b,65.93922518219362,130000000.0,224000000.0,0.0171
Kepler-138 b,77.30167883112908,0.64,0.07,0.0753
Kepler-138 c,61.50013048487844,151000000.0,230000000.0,0.0913
Kepler-138 d,59.19043137158919,151000000.0,210000000.0,0.1288
Kepler-138 e,66.38386588541519,0.797,0.43,0.1803
Kepler-1380 b,61.82332725335637,143000000.0,263000000.0,0.0917
Kepler-1381 b,47.412799487644435,225000000.0,569000000.0,0.1728
Kepler-1384 b,54.08726179609958,194000000.0,442000000.0,0.1126
Kepler-1386 b,64.97678220586681,124000000.0,207000000.0,0.068
Kepler-1387 b,78.70878625075453,0.93,0.749,0.031
Kepler-1388 b,45.871271510620026,259000000.0,722000000.0,0.0882
Kepler-1388 c,52.19553743104916,226000000.0,573000000.0,0.0519
Kepler-1388 d,39.76421912946294,286000000.0,855000000.0,0.126
Kepler-1388 e,41.44313191697072,246000000.0,662000000.0,0.1861
Kepler-1390 b,65.94072589895904,118000000.0,176000000.0,0.0662
Kepler-1392 b,53.87436382990762,196000000.0,450000000.0,0.1189
Kepler-1393 b,78.66814873834205,0.8,0.437,0.0337
Kepler-1396 b,51.638676222793805,207000000.0,494000000.0,0.1406
Kepler-1399 b,66.12024083181296,125000000.0,210000000.0,0.0276
Kepler-140 b,61.34006579869825,161000000.0,322000000.0,0.045
Kepler-1400 b,59.76631572876827,162000000.0,326000000.0,0.0771
Kepler-1401 b,58.48941860596892,168000000.0,346000000.0,0.0975
Kepler-1402 b,78.7696360419945,0.76,0.363,0.0322
Kepler-1403 b,53.92804426498494,214000000.0,522000000.0,0.064
Kepler-1404 b,53.00909411716148,201000000.0,470000000.0,0.1143
Kepler-1405 b,21.78368357746875,396000000.0,1490000000.0,0.1778
Kepler-1406 b,65.83274524815386,110000000.0,137000000.0,0.0987
Kepler-1407 b,48.72892202784372,225000000.0,569000000.0,0.1502
Kepler-141 b,78.50364403526699,0.69,0.257,0.039
Kepler-141 c,62.88110508977391,141000000.0,257000000.0,0.067
Kepler-1410 b,49.98004366219587,178000000.0,382000000.0,0.2543
Kepler-1413 b,56.19264761296595,182000000.0,397000000.0,0.1066
Kepler-1414 b,65.89553282819229,123000000.0,204000000.0,0.0426
Kepler-1416 b,78.90308578618757,0.88,0.615,0.0257
Kepler-1418 b,55.9503055306782,166000000.0,339000000.0,0.131
Kepler-1419 b,34.955471535701,286000000.0,855000000.0,0.2391
Kepler-142 b,56.72189098718244,199000000.0,462000000.0,0.032
Kepler-142 c,43.77594134435219,286000000.0,855000000.0,0.057
Kepler-142 d,44.93334358709825,216000000.0,531000000.0,0.242
Kepler-1420 b,64.51992908580907,128000000.0,218000000.0,0.0671
Kepler-1422 b,52.212887860856924,202000000.0,474000000.0,0.1499
Kepler-1423 b,63.328701843085994,106000000.0,120000000.0,0.1586
Kepler-1426 b,59.24292618073813,156000000.0,305000000.0,0.1187
Kepler-1427 b,68.71340122791307,110000000.0,137000000.0,0.0197
Kepler-1429 b,64.94840558846656,129000000.0,221000000.0,0.055
Kepler-143 b,47.5106724587645,241000000.0,639000000.0,0.127
Kepler-143 c,30.441493426993432,337000000.0,1130000000.0,0.181
Kepler-1430 b,66.93645505937417,118000000.0,176000000.0,0.0304
Kepler-1431 b,62.430053667075484,147000000.0,276000000.0,0.0648
Kepler-1432 b,48.19320870394586,222000000.0,556000000.0,0.1696
Kepler-1433 b,61.74986956902405,156000000.0,305000000.0,0.0516
Kepler-1436 b,63.41486670920368,131000000.0,227000000.0,0.0907
Kepler-1437 b,62.39088600115798,137000000.0,245000000.0,0.0951
Kepler-1438 b,78.69890417410313,0.94,0.779,0.0346
Kepler-1439 b,62.003264553027506,146000000.0,273000000.0,0.0594
Kepler-144 b,64.12096137637154,133000000.0,233000000.0,0.066
Kepler-144 c,62.83549333691957,135000000.0,239000000.0,0.094
Kepler-1441 b,56.04883964724328,131000000.0,227000000.0,0.2346
Kepler-1447 b,34.364868874373165,290000000.0,875000000.0,0.2836
Kepler-1448 b,59.10659914375691,161000000.0,322000000.0,0.1058
Kepler-1449 b,57.987359037324595,168000000.0,346000000.0,0.1176
Kepler-1450 b,50.87603119573499,171000000.0,357000000.0,0.2401
Kepler-1451 b,28.621404098508144,335000000.0,1120000000.0,0.2101
Kepler-1453 b,37.74707746462979,267000000.0,761000000.0,0.262
Kepler-1454 b,48.68237426979625,188000000.0,419000000.0,0.2447
Kepler-1455 b,44.93334358709825,216000000.0,531000000.0,0.2149
Kepler-1456 b,63.657466632600936,114000000.0,155000000.0,0.1132
Kepler-1459 b,55.21840173964598,136000000.0,242000000.0,0.2829
Kepler-146 b,23.998924438063625,371000000.0,1330000000.0,0.2
Kepler-1460 b,50.202707628892234,196000000.0,450000000.0,0.1614
Kepler-1461 b,49.417507207039755,203000000.0,478000000.0,0.1715
Kepler-1463 b,52.70431125168989,186000000.0,412000000.0,0.1694
Kepler-1465 b,52.22983521049108,177000000.0,378000000.0,0.1939
Kepler-1467 b,28.25249157541785,330000000.0,1090000000.0,0.2388
Kepler-1468 b,58.58089152772655,173000000.0,364000000.0,0.0817
Kepler-1468 c,67.12439134573063,115000000.0,160000000.0,0.0466
Kepler-1468 d,32.87317207635934,333187146.0,1110000000.0,0.1456
Kepler-1469 b,40.42551921037457,280000000.0,825000000.0,0.1466
Kepler-147 b,60.01100694290513,153000000.0,296000000.0,0.113
Kepler-147 c,42.916751217138945,243000000.0,648000000.0,0.216
Kepler-1470 b,65.09235221850473,107000000.0,124000000.0,0.116
Kepler-1471 b,63.71629346866765,141000000.0,257000000.0,0.0453
Kepler-1471 c,55.80780461480962,188000000.0,419000000.0,0.0981
Kepler-1472 b,48.969014238310955,190000000.0,427000000.0,0.2322
Kepler-1474 b,45.90837086434307,216000000.0,531000000.0,0.2108
Kepler-1476 b,58.81813723499393,167000000.0,343000000.0,0.0932
Kepler-1477 b,64.68356738864753,118000000.0,176000000.0,0.0911
Kepler-1478 b,54.1606684038562,173000000.0,364000000.0,0.1681
Kepler-148 b,59.29762795276344,180000000.0,389000000.0,0.028
Kepler-148 c,32.51239102557148,360000000.0,1260000000.0,0.05
Kepler-1480 b,55.90302231031585,167000000.0,343000000.0,0.1525
Kepler-1481 b,65.29447310293376,123000000.0,204000000.0,0.059
Kepler-1483 b,60.91332011575852,152000000.0,292000000.0,0.0958
Kepler-1484 b,48.07252592007771,211000000.0,510000000.0,0.1939
Kepler-1486 b,42.73601349032841,232000000.0,599000000.0,0.2846
Kepler-1487 b,53.535664004706696,213000000.0,518000000.0,0.0898
Kepler-1487 c,10.405190350166402,797000000.0,4870000000.0,0.2588
Kepler-149 b,19.34195140406365,421000000.0,1650000000.0,0.184
Kepler-149 c,52.14618716337769,161000000.0,322000000.0,0.281
Kepler-1491 b,59.2802366868705,151000000.0,289000000.0,0.127
Kepler-1491 c,41.04674578061566,244000000.0,653000000.0,0.3045
Kepler-1492 b,59.479298382578094,149000000.0,283000000.0,0.1262
Kepler-1493 b,60.89663752044693,141000000.0,257000000.0,0.1197
Kepler-1497 b,59.3524907770144,166000000.0,339000000.0,0.0817
Kepler-1498 b,55.5788134613711,133000000.0,233000000.0,0.2528
Kepler-150 b,65.67698494617879,125000000.0,210000000.0,0.044
Kepler-150 c,30.184022033740582,369000000.0,1320000000.0,0.073
Kepler-150 d,42.87753450927897,279000000.0,820000000.0,0.104
Kepler-150 e,33.3979093303763,312000000.0,991000000.0,0.189
Kepler-1500 b,63.51303916394197,120000000.0,187000000.0,0.1236
Kepler-1502 b,30.161866683185977,318000000.0,1020000000.0,0.2482
Kepler-1506 b,62.222830735738256,132000000.0,230000000.0,0.1168
Kepler-1508 b,60.449777710553604,133000000.0,233000000.0,0.1629
Kepler-1509 b,52.77003992163212,185000000.0,408000000.0,0.1707
Kepler-151 b,38.175037442830906,306000000.0,959000000.0,0.116
Kepler-151 c,49.77216324821476,209000000.0,502000000.0,0.16
Kepler-1511 b,55.507558329886535,168000000.0,346000000.0,0.1753
Kepler-1514 c,55.72846042181208,117582410.0,174000000.0,0.0997
Kepler-1516 b,58.569748999202076,175000000.0,371000000.0,0.0718
Kepler-1518 b,40.84259032140482,305000000.0,953000000.0,0.0593
Kepler-1518 c,41.97914929150869,290000000.0,875000000.0,0.0905
Kepler-152 b,41.47869482643989,279000000.0,820000000.0,0.124
Kepler-1520 b,19.273452109499964,577000000.0,2810000000.0,0.0129
Kepler-1522 b,60.164255887848874,173000000.0,364000000.0,0.0288
Kepler-1526 b,50.226181833609864,243000000.0,648000000.0,0.0418
Kepler-1528 b,63.55959333202299,146000000.0,273000000.0,0.0296
Kepler-1529 b,54.42791616346383,210000000.0,506000000.0,0.0525
Kepler-153 b,39.395187988484984,292000000.0,885000000.0,0.129
Kepler-153 c,39.77291664214185,253000000.0,694000000.0,0.237
Kepler-1532 b,65.06762551614877,135000000.0,239000000.0,0.0206
Kepler-1534 b,57.13238856211992,189000000.0,423000000.0,0.0599
Kepler-1537 b,67.18814424209043,118000000.0,176000000.0,0.0245
Kepler-154 b,45.38235807326936,226000000.0,573000000.0,0.198
Kepler-154 c,33.612858835334904,295000000.0,901000000.0,0.303
Kepler-1543 b,45.444397355735525,271000000.0,780000000.0,0.0867
Kepler-1546 b,36.031830292725786,313000000.0,996000000.0,0.1366
Kepler-155 b,54.415130707545316,209000000.0,502000000.0,0.056
Kepler-155 c,43.834678538713334,224000000.0,565000000.0,0.242
Kepler-1551 b,41.8264384080109,266000000.0,756000000.0,0.1772
Kepler-1553 b,66.95171421255938,115000000.0,160000000.0,0.0481
Kepler-1555 b,60.138478262395296,161000000.0,322000000.0,0.0805
Kepler-1556 b,55.43839318996832,196000000.0,450000000.0,0.0829
Kepler-1557 b,62.20827555626864,153000000.0,296000000.0,0.049
Kepler-156 b,51.78557393414506,230000000.0,590000000.0,0.054
Kepler-156 c,45.53731160550028,255000000.0,704000000.0,0.117
Kepler-1561 b,68.6120501695722,109000000.0,132000000.0,0.0194
Kepler-1562 b,24.354874256441935,355000000.0,1230000000.0,0.3308
Kepler-1563 b,78.42311514082728,0.75,0.347,0.0442
Kepler-1564 b,59.410935519056935,147000000.0,276000000.0,0.1327
Kepler-1565 b,67.0172743923659,119000000.0,181000000.0,0.0241
Kepler-157 b,65.26982899546371,132000000.0,230000000.0,0.028
Kepler-157 c,50.48053572089287,224000000.0,565000000.0,0.11
Kepler-1573 b,66.58894086786312,120000000.0,187000000.0,0.0364
Kepler-1574 b,64.33963914012654,129000000.0,221000000.0,0.0743
Kepler-1575 b,65.18664428621061,131000000.0,227000000.0,0.0366
Kepler-1577 b,66.72223325362565,113000000.0,151000000.0,0.0657
Kepler-1578 b,69.17111972489137,104000000.0,112000000.0,0.0252
Kepler-1579 b,79.2734520902785,0.84,0.52,0.014
Kepler-158 b,51.34361259752774,212000000.0,514000000.0,0.111
Kepler-158 c,51.34206937841067,190000000.0,427000000.0,0.158
Kepler-1582 b,62.43063019970868,149000000.0,283000000.0,0.0316
Kepler-1584 b,58.82691972703225,161000000.0,322000000.0,0.1168
Kepler-1585 b,58.9586608601446,179000000.0,386000000.0,0.0445
Kepler-1589 b,68.86105189324508,109000000.0,132000000.0,0.0205
Kepler-159 b,49.37967447999179,238000000.0,626000000.0,0.082
Kepler-159 c,26.559550694873984,341000000.0,1150000000.0,0.218
Kepler-1591 b,64.27210284363133,127000000.0,215000000.0,0.0794
Kepler-1592 b,62.257381089505444,154000000.0,299000000.0,0.04
Kepler-1594 b,68.58993883090703,106000000.0,120000000.0,0.0396
Kepler-1595 b,65.63592048215077,123000000.0,204000000.0,0.051
Kepler-160 b,59.741595353386586,171500000.0,359000000.0,0.05511
Kepler-160 c,27.51678105454951,376000000.0,1360000000.0,0.1192
Kepler-1603 b,65.49665037475044,129000000.0,221000000.0,0.0351
Kepler-1608 b,56.54130122400649,173000000.0,364000000.0,0.1126
Kepler-161 b,57.71653278088931,212000000.0,263000000.0,0.054
Kepler-161 c,56.38962660287783,205000000.0,361000000.0,0.068
Kepler-1610 b,59.99064395877371,161000000.0,322000000.0,0.0777
Kepler-1610 c,45.884357970151214,209000000.0,502000000.0,0.2323
Kepler-1611 b,77.99123518763005,0.81,0.457,0.0586
Kepler-1612 b,68.69389257120831,103000000.0,108000000.0,0.0482
Kepler-1614 b,62.65148095861522,149000000.0,283000000.0,0.0471
Kepler-1615 b,46.28603982901172,206000000.0,490000000.0,0.2788
Kepler-162 b,64.69190120714158,126000000.0,213000000.0,0.069
Kepler-162 c,37.58704677811981,303000000.0,943000000.0,0.137
Kepler-1623 b,64.73874617872988,131000000.0,227000000.0,0.0518
Kepler-1624 b,18.458404567238688,570000000.0,2760000000.0,0.0327
Kepler-1626 b,55.796180163256935,202000000.0,474000000.0,0.0537
Kepler-1627 b,30.228402459721366,369000000.0,1320000000.0,0.0643
Kepler-1629 b,78.31333119353597,0.77,0.381,0.0485
Kepler-163 b,67.46176575597326,105000000.0,116000000.0,0.078
Kepler-163 c,48.27892006122514,226000000.0,573000000.0,0.152
Kepler-1631 b,64.32412428876897,135000000.0,239000000.0,0.0511
Kepler-1637 b,77.7600307445021,0.89,0.64,0.0596
Kepler-1639 b,46.601402602510234,258000000.0,718000000.0,0.0932
Kepler-164 b,63.37047875051361,141000000.0,257000000.0,0.058
Kepler-164 c,44.163544476663425,273000000.0,790000000.0,0.097
Kepler-164 d,43.73248455413855,245000000.0,657000000.0,0.187
Kepler-1640 b,18.918308337548407,482000000.0,2070000000.0,0.0836
Kepler-1641 b,36.32236719038956,311000000.0,985000000.0,0.1473
Kepler-1641 c,35.52327919668517,295000000.0,901000000.0,0.2065
Kepler-1642 b,36.84305565511131,320000000.0,1030000000.0,0.1016
Kepler-1642 c,46.2471021840816,266000000.0,756000000.0,0.0678
Kepler-1643 b,51.41257383911825,232000000.0,599000000.0,0.0531
Kepler-1644 b,53.45793837904901,188000000.0,419000000.0,0.142
Kepler-1645 b,55.97257161447118,178000000.0,382000000.0,0.1285
Kepler-1646 b,65.65529671658096,123000000.0,204000000.0,0.0295
Kepler-1649 b,67.68333329130218,101700000.0,103000000.0,0.0514
Kepler-1649 c,64.42361514068874,106000000.0,120000000.0,0.0649
Kepler-165 b,50.7095201881585,232000000.0,599000000.0,0.072
Kepler-165 c,50.189119541960416,223000000.0,560000000.0,0.11
Kepler-1650 b,79.32748524820018,0.96,0.84,0.0167
Kepler-1651 b,52.554470775371776,184000000.0,404000000.0,0.0692
Kepler-1652 b,52.829190113184694,160000000.0,319000000.0,0.1654
Kepler-166 b,51.537937819155445,227000000.0,577000000.0,0.072
Kepler-166 c,43.404700748325496,238000000.0,626000000.0,0.195
Kepler-1663 b,33.86039970301496,330395896.0,1090000000.0,0.1072
Kepler-1664 b,38.78755630125745,303320653.0,945000000.0,0.1137
Kepler-1666 b,38.222063305390904,288273782.0,866000000.0,0.1761
Kepler-1666 c,29.31028967683342,323564749.0,1050000000.0,0.2383
Kepler-1668 b,21.513587307993596,434764405.0,1740000000.0,0.124
Kepler-1669 b,43.77694594848384,278043818.0,815000000.0,0.0745
Kepler-1669 c,58.00639794690133,190120972.0,427000000.0,0.0228
Kepler-1669 d,65.75630501494014,122000000.0,198000000.0,0.0468
Kepler-167 b,59.68343093014877,171800000.0,360000000.0,0.04825
Kepler-167 c,59.50420953035846,167400000.0,344000000.0,0.0684
Kepler-167 d,61.27476406287323,123800000.0,206000000.0,0.1404
Kepler-1670 b,32.31630385556664,335648010.0,1120000000.0,0.1528
Kepler-1674 b,29.683453265172083,320577490.0,1040000000.0,0.3017
Kepler-1676 b,29.683205125504465,337695960.0,1130000000.0,0.1954
Kepler-1679 b,53.75606126129266,206920360.0,493000000.0,0.0892
Kepler-168 b,62.907050662915125,146000000.0,273000000.0,0.056
Kepler-168 c,44.19740996330802,269000000.0,770000000.0,0.116
Kepler-1682 b,40.842776115267895,288940836.0,870000000.0,0.1134
Kepler-1683 b,55.0270488840187,187477762.0,417000000.0,0.1182
Kepler-1684 b,34.80113357093419,287084792.0,860000000.0,0.2253
Kepler-1685 b,44.02590487230403,257673985.0,716000000.0,0.1485
Kepler-1687 b,60.129746821384124,165623882.0,338000000.0,0.0532
Kepler-1688 b,65.00007914686239,126174569.0,213000000.0,0.0577
Kepler-169 b,67.47898897662145,113000000.0,151000000.0,0.04
Kepler-169 c,65.5545525883712,121000000.0,192000000.0,0.062
Kepler-169 d,64.45822486994318,125000000.0,210000000.0,0.075
Kepler-169 e,50.97373623585312,220000000.0,548000000.0,0.105
Kepler-1691 b,58.32018378842797,183470985.0,402000000.0,0.0495
Kepler-1692 b,67.07549794541947,111177184.0,142000000.0,0.0646
Kepler-1693 b,63.06693053992452,128938413.0,221000000.0,0.1011
Kepler-1693 c,77.9447973956255,0.97698289,0.894,0.0588
Kepler-1694 b,66.58215210537257,117986031.0,176000000.0,0.0449
Kepler-1695 b,67.26349104709642,111948901.0,146000000.0,0.0529
Kepler-1697 b,58.12576167587402,125954761.0,212000000.0,0.2008
Kepler-1699 b,61.81546943617266,156671124.0,308000000.0,0.0418
Kepler-170 c,40.82713914863571,286000000.0,855000000.0,0.131
Kepler-1702 b,57.654553219956284,160190793.0,320000000.0,0.1275
Kepler-1705 b,54.89350025534544,203000000.0,447000000.0,0.08
Kepler-171 b,51.42226037181194,234000000.0,608000000.0,0.05
Kepler-171 c,46.504085545018384,256000000.0,708000000.0,0.098
Kepler-171 d,48.74019955207796,189000000.0,423000000.0,0.223
Kepler-1711 b,52.89237094959379,192300000.0,436000000.0,0.1463
Kepler-1712 b,49.82006726253084,228372556.0,583000000.0,0.0903
Kepler-1717 b,35.434733095785276,298929758.0,921000000.0,0.2014
Kepler-172 b,51.592225426461255,235000000.0,612000000.0,0.04
Kepler-172 c,43.37284127536991,286000000.0,855000000.0,0.068
Kepler-172 d,50.07747332397198,225000000.0,569000000.0,0.118
Kepler-172 e,37.73264979310786,276000000.0,805000000.0,0.211
Kepler-1720 b,36.45644429172185,321585295.0,1040000000.0,0.1043
Kepler-1721 b,39.92148078384228,311856756.0,990000000.0,0.0519
Kepler-1722 b,42.58383412113703,286719266.0,858000000.0,0.0819
Kepler-1723 b,34.80923173909633,288046569.0,865000000.0,0.2249
Kepler-1724 b,43.70490500998013,283677238.0,843000000.0,0.0683
Kepler-1727 b,37.97870327095679,317321625.0,1020000000.0,0.0796
Kepler-1728 b,42.34720131350417,295501875.0,904000000.0,0.0535
Kepler-1729 b,28.41820181427294,389404186.0,1440000000.0,0.0418
Kepler-173 b,65.00318284404376,129000000.0,221000000.0,0.048
Kepler-173 c,49.2112703117122,243000000.0,648000000.0,0.074
Kepler-1730 b,20.54015069819845,448524519.0,1840000000.0,0.1131
Kepler-1732 b,19.67124787970979,409903273.0,1570000000.0,0.2015
Kepler-1733 b,30.703896569337118,363582354.0,1280000000.0,0.0933
Kepler-1734 b,39.83256273098065,308851092.0,974000000.0,0.0714
Kepler-1735 b,65.41136428971132,119429134.0,184000000.0,0.0621
Kepler-1736 b,20.23529289461159,387658560.0,1430000000.0,0.2188
Kepler-1738 b,43.580168733245664,282472883.0,837000000.0,0.0781
Kepler-1739 b,49.37079001638233,243056832.0,648000000.0,0.0697
Kepler-174 b,54.16152376169481,196000000.0,450000000.0,0.1
Kepler-174 c,53.629104187413546,149000000.0,283000000.0,0.214
Kepler-1740 b,35.90744050376527,332321414.0,1100000000.0,0.0779
Kepler-1741 b,65.57913222361212,127300000.0,216000000.0,0.0296
Kepler-1742 b,44.69318275105165,217824130.0,538000000.0,0.2587
Kepler-1745 b,57.28953743876682,192872921.0,438000000.0,0.0408
Kepler-1747 b,24.61885100524428,426508000.0,1680000000.0,0.066
Kepler-1748 b,45.69222983075303,271275017.0,781000000.0,0.0615
Kepler-1749 b,58.50836045427783,161301783.0,323000000.0,0.0956
Kepler-175 b,46.39507918559233,256000000.0,708000000.0,0.105
Kepler-175 c,32.91213423856816,310000000.0,980000000.0,0.213
Kepler-1751 b,57.673279313565985,182417378.0,398000000.0,0.0712
Kepler-1752 b,13.548399976438901,454060463.0,1870000000.0,0.2698
Kepler-1753 b,50.05694524124735,222678077.0,559000000.0,0.1179
Kepler-1754 b,49.0167869690516,243996509.0,653000000.0,0.0718
Kepler-1755 b,13.127200110181235,591688317.0,2940000000.0,0.1668
Kepler-1756 b,63.27006236450298,147199944.0,277000000.0,0.0319
Kepler-1757 b,38.798043157868264,294660251.0,899000000.0,0.1335
Kepler-1758 b,46.71987845975618,257059831.0,713000000.0,0.0919
Kepler-1759 b,78.35190687685645,0.9037791,0.676,0.0429
Kepler-176 c,53.777630214125196,260000000.0,133000000.0,0.102
Kepler-176 d,50.73258461362036,251000000.0,172000000.0,0.163
Kepler-1760 b,43.65797289659225,228995546.0,586000000.0,0.2084
Kepler-1761 b,63.847713020056716,139109603.0,251000000.0,0.0413
Kepler-1762 b,39.11298471776237,276022913.0,805000000.0,0.204
Kepler-1763 b,67.6772335115261,114651332.0,159000000.0,0.0257
Kepler-1765 b,47.687475101838345,249508857.0,678000000.0,0.0917
Kepler-1767 b,32.66209736951234,301299077.0,934000000.0,0.2873
Kepler-1768 b,50.17815885451614,223346338.0,562000000.0,0.1286
Kepler-1770 b,41.06765432650294,284141754.0,845000000.0,0.1261
Kepler-1778 b,40.10687922889093,301665969.0,936000000.0,0.0956
Kepler-1779 b,38.318559713587035,303295685.0,944000000.0,0.1264
Kepler-178 b,41.99260792426216,290000000.0,875000000.0,0.085
Kepler-178 c,39.56899681995302,288000000.0,865000000.0,0.142
Kepler-1781 b,50.6735011962846,238091029.0,626000000.0,0.0574
Kepler-1784 b,42.49361278618547,279936489.0,824000000.0,0.1072
Kepler-1787 b,43.00557240794726,231898181.0,599000000.0,0.227
Kepler-1788 b,51.223307016375884,237850461.0,625000000.0,0.0343
Kepler-179 b,61.080540623061395,164000000.0,333000000.0,0.036
Kepler-179 c,55.50401526224124,200000000.0,466000000.0,0.064
Kepler-1791 b,39.11331652755627,312103321.0,991000000.0,0.0761
Kepler-1792 b,48.8819347849271,251990972.0,689000000.0,0.0488
Kepler-1793 b,28.2206876720171,379037518.0,1380000000.0,0.0787
Kepler-1794 b,57.380367522414076,179426276.0,387000000.0,0.0821
Kepler-1795 b,58.170963290347494,166301611.0,340000000.0,0.1002
Kepler-1796 b,39.279302038747275,275047868.0,800000000.0,0.1879
Kepler-1797 b,36.19257617321848,305774442.0,958000000.0,0.1637
Kepler-1798 b,48.715256768174015,230911251.0,594000000.0,0.1082
Kepler-1799 b,24.445150958461042,412801189.0,1590000000.0,0.1028
Kepler-18 b,53.13973792838277,200000000.0,690000000.0,0.0447
Kepler-18 c,23.581427024523123,549000000.0,1730000000.0,0.0752
Kepler-18 d,23.031722606834816,698000000.0,1640000000.0,0.1172
Kepler-180 b,60.08630107572702,150000000.0,286000000.0,0.109
Kepler-180 c,32.71319813096468,301000000.0,932000000.0,0.229
Kepler-1801 b,44.58972052301302,270926154.0,780000000.0,0.0915
Kepler-1802 b,57.54900864240128,167100000.0,343000000.0,0.0662
Kepler-1802 c,44.498277277279726,232200000.0,600000000.0,0.1748
Kepler-1804 b,59.26638020163661,159615726.0,318000000.0,0.1017
Kepler-1805 b,60.76950107930007,154502915.0,300000000.0,0.0699
Kepler-1806 b,49.9974634416618,235560189.0,615000000.0,0.0813
Kepler-1807 b,44.56905718243635,270393215.0,777000000.0,0.0988
Kepler-1808 b,36.70225769887912,302511302.0,940000000.0,0.1467
Kepler-181 b,65.52234846076307,127000000.0,215000000.0,0.04
Kepler-181 c,56.15760404957839,199000000.0,462000000.0,0.049
Kepler-1812 b,50.89461066903358,232494240.0,601000000.0,0.0765
Kepler-1813 b,63.882206946013284,141300000.0,258000000.0,0.0364
Kepler-1814 c,60.2340748548212,176000000.0,375000000.0,0.0133
Kepler-1815 b,43.581899713021215,274892620.0,799000000.0,0.0984
Kepler-1817 b,43.37794869874045,227349126.0,579000000.0,0.2348
Kepler-1818 b,59.68322899141499,171360684.0,358000000.0,0.055
Kepler-1819 b,25.242217969184424,390351256.0,1450000000.0,0.1337
Kepler-182 b,46.614454541886076,258000000.0,718000000.0,0.096
Kepler-182 c,31.14049195738567,343000000.0,1160000000.0,0.157
Kepler-1820 b,33.369873851343336,311883067.0,990000000.0,0.1964
Kepler-1821 b,44.79057767274856,259248115.0,724000000.0,0.1244
Kepler-1822 b,42.592677286497974,264755943.0,750000000.0,0.1416
Kepler-1825 b,64.21387024725001,142200732.0,261000000.0,0.0187
Kepler-1826 b,63.414536901059535,147519116.0,278000000.0,0.0213
Kepler-1828 b,52.98314565974726,211598626.0,513000000.0,0.0924
Kepler-1829 b,49.20775627158417,247887001.0,671000000.0,0.0559
Kepler-183 b,54.87706823543666,206000000.0,490000000.0,0.064
Kepler-183 c,28.4879788818074,227000000.0,3570000000.0,0.103
Kepler-1831 b,56.05678900641441,197019818.0,454000000.0,0.0655
Kepler-1832 b,66.03854481635035,122719556.0,202000000.0,0.037
Kepler-1834 c,66.92783653155058,122000000.0,198000000.0,0.015
Kepler-1835 b,31.655943285865895,353387773.0,1220000000.0,0.0997
Kepler-1836 b,48.138423451424046,255303229.0,705000000.0,0.0602
Kepler-1837 b,54.74237378792137,206673842.0,492000000.0,0.065
Kepler-1839 b,56.51117588296385,194937590.0,446000000.0,0.0583
Kepler-184 b,49.52548462614189,236000000.0,617000000.0,0.092
Kepler-184 c,46.60143023375814,197000000.0,880000000.0,0.141
Kepler-184 d,43.14682278680908,249000000.0,676000000.0,0.179
Kepler-1841 b,57.23748742473498,148912557.0,282000000.0,0.1606
Kepler-1842 b,48.787901422134986,235388681.0,614000000.0,0.116
Kepler-1844 b,41.339601223189845,303648191.0,946000000.0,0.0478
Kepler-1845 b,48.19831338846254,243836702.0,652000000.0,0.0885
Kepler-1847 b,43.90203965849505,274516914.0,797000000.0,0.0989
Kepler-1849 b,41.79605800786139,238685349.0,629000000.0,0.2597
Kepler-185 b,67.28911454294884,117000000.0,171000000.0,0.026
Kepler-185 c,51.68678551261015,202000000.0,474000000.0,0.139
Kepler-1850 b,78.93017294518602,0.72909663,0.313,0.0206
Kepler-1851 b,26.34800401037119,390012032.0,1450000000.0,0.1016
Kepler-1852 b,56.61845188705094,188610592.0,422000000.0,0.0762
Kepler-1853 b,53.27955467411096,151862272.0,292000000.0,0.2395
Kepler-1855 b,66.98528002206275,121620500.0,196000000.0,0.0115
Kepler-1856 b,60.23664363697127,173447868.0,366000000.0,0.0215
Kepler-1859 b,61.80571377635307,158313575.0,313000000.0,0.0394
Kepler-1859 c,60.62710391660233,166000000.0,339000000.0,0.0473
Kepler-186 b,68.16603553861339,107000000.0,124000000.0,0.0343
Kepler-186 c,64.72595757580804,125000000.0,210000000.0,0.0451
Kepler-186 d,61.43263404824212,140000000.0,254000000.0,0.0781
Kepler-186 e,60.7489822433635,127000000.0,215000000.0,0.11
Kepler-1862 b,50.369009980898106,220300000.0,549000000.0,0.1199
Kepler-1865 b,61.9336436346395,157686072.0,311000000.0,0.0344
Kepler-1866 b,53.09918488706594,208215108.0,499000000.0,0.1016
Kepler-1867 b,65.40689852051682,115985997.0,165000000.0,0.0872
Kepler-1869 c,78.84817330112342,0.74,0.33,0.028
Kepler-187 b,63.394300211929774,141000000.0,257000000.0,0.059
Kepler-187 c,45.11135782956855,267000000.0,761000000.0,0.099
Kepler-1871 b,50.830948767798546,242172881.0,644000000.0,0.0308
Kepler-1872 b,50.88292862905909,238421141.0,628000000.0,0.0465
Kepler-1873 b,61.939524973272064,162573811.0,328000000.0,0.0128
Kepler-1874 b,44.24138462879104,221110724.0,552000000.0,0.2633
Kepler-1875 b,30.843734853444175,322686692.0,1050000000.0,0.2039
Kepler-1878 b,42.9529534495371,292019781.0,886000000.0,0.0521
Kepler-188 b,60.753199944502754,168000000.0,346000000.0,0.032
Kepler-188 c,38.460014992071585,319000000.0,1030000000.0,0.066
Kepler-1880 b,53.95831114473935,211686218.0,513000000.0,0.054
Kepler-1884 b,57.306009649052754,181406781.0,395000000.0,0.0845
Kepler-1885 b,62.755242483969525,151110555.0,289000000.0,0.036
Kepler-1886 b,43.022520848517296,258158428.0,718000000.0,0.16
Kepler-1887 b,39.05123064519569,292454357.0,888000000.0,0.1421
Kepler-1888 b,62.80393616157122,132578716.0,232000000.0,0.0956
Kepler-1889 b,34.463979988726216,294360686.0,898000000.0,0.2082
Kepler-189 b,64.51305736855633,121000000.0,192000000.0,0.088
Kepler-189 c,25.515435901147832,238000000.0,2270000000.0,0.137
Kepler-1891 b,62.247591816830685,152139156.0,293000000.0,0.0473
Kepler-1892 b,57.67266318953825,183707938.0,403000000.0,0.0633
Kepler-1893 b,59.90316803756757,170557445.0,355000000.0,0.0504
Kepler-1894 b,66.54326353412708,120117759.0,187000000.0,0.0385
Kepler-1894 c,65.83738485723443,121000000.0,192000000.0,0.0576
Kepler-1895 b,53.98414090744851,211934728.0,514000000.0,0.0615
Kepler-1896 b,31.3481197370631,309935997.0,980000000.0,0.2529
Kepler-1897 b,39.634380882620114,281407954.0,832000000.0,0.1546
Kepler-1899 b,61.87219865651118,155098292.0,302000000.0,0.0457
Kepler-19 c,17.42891950196091,368000000.0,1310000000.0,0.1765736996
Kepler-190 b,62.27400902597667,156000000.0,305000000.0,0.03
Kepler-190 c,63.071126842997884,146000000.0,273000000.0,0.045
Kepler-1900 b,61.233994268683524,162314676.0,327000000.0,0.042
Kepler-1901 b,62.973280290905365,147418907.0,277000000.0,0.0453
Kepler-1902 b,66.66107326897486,117563613.0,174000000.0,0.0385
Kepler-1903 b,48.965490387425724,228642395.0,585000000.0,0.1321
Kepler-1904 b,63.72026908870021,139049940.0,251000000.0,0.0436
Kepler-1905 b,63.31998638505881,144607340.0,269000000.0,0.0451
Kepler-1906 b,44.37066881972557,277615754.0,813000000.0,0.0738
Kepler-1909 b,68.23771840155578,109217411.0,133000000.0,0.0306
Kepler-191 b,62.996511213497904,134000000.0,236000000.0,0.087
Kepler-191 c,54.54236665363804,186000000.0,412000000.0,0.128
Kepler-1910 b,66.07771644185408,118400000.0,178000000.0,0.0536
Kepler-1911 b,68.42656774143454,101100000.0,101000000.0,0.0636
Kepler-1913 b,59.7638421586985,151852059.0,292000000.0,0.1209
Kepler-1914 b,36.08681073330163,294298030.0,897000000.0,0.1954
Kepler-1915 b,36.159969642717044,321798413.0,1040000000.0,0.114
Kepler-1916 b,40.77617222560416,261757235.0,735000000.0,0.2053
Kepler-1917 b,55.35466688203999,188971288.0,423000000.0,0.103
Kepler-1918 b,43.05000451056416,229763023.0,589000000.0,0.2524
Kepler-1919 b,39.04204596732936,262390658.0,738000000.0,0.2107
Kepler-192 b,44.26830652777445,274000000.0,795000000.0,0.09
Kepler-192 c,40.731737711308234,279000000.0,820000000.0,0.15
Kepler-1920 b,36.05824825699192,295415848.0,903000000.0,0.2043
Kepler-1921 c,63.83563439778422,141000000.0,257000000.0,0.0454
Kepler-1922 b,49.870938067397354,229064904.0,586000000.0,0.1077
Kepler-1923 b,47.62827765967967,195958179.0,450000000.0,0.2846
Kepler-1924 b,44.181801097166264,265446572.0,753000000.0,0.1216
Kepler-1925 b,32.83305989113999,300177922.0,928000000.0,0.2588
Kepler-1926 b,42.80327901103596,231495961.0,597000000.0,0.2197
Kepler-1928 b,43.070654025946595,199200000.0,463000000.0,0.194
Kepler-193 b,48.93642380179441,239000000.0,630000000.0,0.106
Kepler-193 c,36.57962885435256,275000000.0,800000000.0,0.286
Kepler-1935 b,49.17436186093947,250271696.0,682000000.0,0.0463
Kepler-1938 b,56.11581801292102,182828927.0,400000000.0,0.0938
Kepler-1939 b,67.08454371799449,116480773.0,168000000.0,0.0334
Kepler-194 b,62.87054683054586,151000000.0,289000000.0,0.032
Kepler-194 c,44.627120792471686,259000000.0,722000000.0,0.131
Kepler-194 d,41.609835017186576,240000000.0,635000000.0,0.275
Kepler-1940 b,61.70305515045519,154732469.0,301000000.0,0.0525
Kepler-1941 b,40.28211993972967,264976949.0,751000000.0,0.2054
Kepler-1942 b,54.373939029027525,211702870.0,513000000.0,0.0516
Kepler-1944 b,43.996128445671715,275971163.0,805000000.0,0.0918
Kepler-1945 b,64.56115095318584,128900000.0,221000000.0,0.0597
Kepler-1946 b,49.61268188702159,248812698.0,675000000.0,0.0394
Kepler-1948 b,65.7711256768614,103283226.0,109000000.0,0.1022
Kepler-1949 b,53.57200247706134,221964541.0,556000000.0,0.0352
Kepler-195 b,54.62976303084792,203000000.0,478000000.0,0.077
Kepler-195 c,54.44832572574258,155000000.0,302000000.0,0.197
Kepler-1950 b,60.50293698380904,152696349.0,295000000.0,0.0871
Kepler-1951 b,47.596620367004945,232107188.0,600000000.0,0.1435
Kepler-1952 b,59.91189871140301,123923346.0,207000000.0,0.1724
Kepler-1953 b,64.5595397312029,128574667.0,220000000.0,0.0607
Kepler-1954 b,58.23625277212502,180235934.0,390000000.0,0.0625
Kepler-1956 b,67.39343508195766,108940238.0,132000000.0,0.0563
Kepler-1957 b,78.73180033630646,0.94374867,0.79,0.0299
Kepler-1958 b,54.099319672900315,205124311.0,486000000.0,0.0856
Kepler-1959 b,66.51583902212273,114315727.0,157000000.0,0.0617
Kepler-196 b,53.27707004796081,190000000.0,427000000.0,0.138
Kepler-196 c,43.834678538713334,224000000.0,565000000.0,0.24
Kepler-1960 b,65.2833577165782,130749704.0,226000000.0,0.0354
Kepler-1961 b,60.64731208020548,161878080.0,325000000.0,0.0588
Kepler-1962 b,65.03180543160876,121463929.0,195000000.0,0.0783
Kepler-1964 b,59.35331468500885,178105870.0,383000000.0,0.0322
Kepler-1966 b,66.51344488447425,110479327.0,139000000.0,0.0763
Kepler-1968 b,61.705033821061676,150004034.0,286000000.0,0.0696
Kepler-1969 b,59.5908322027661,168161001.0,347000000.0,0.0717
Kepler-197 b,68.99427295600226,102000000.0,104000000.0,0.06
Kepler-197 c,57.690625279153345,123000000.0,530000000.0,0.09
Kepler-197 d,63.192237733863166,122000000.0,198000000.0,0.119
Kepler-197 e,63.75525389236693,0.91,0.693,0.164
Kepler-1977 b,60.394113447072726,166000000.0,339000000.0,0.0486
Kepler-1978 b,45.05947909042609,267000000.0,761000000.0,0.0914
Kepler-198 b,41.13927054604437,282000000.0,835000000.0,0.131
Kepler-198 c,40.63130720937669,247000000.0,666000000.0,0.259
Kepler-1980 b,46.06925417909453,221000000.0,552000000.0,0.2049
Kepler-1982 b,78.32641065370257,0.77,0.381,0.0511
Kepler-1983 b,50.7730014321426,233000000.0,604000000.0,0.0689
Kepler-1984 b,18.77980880449322,681000000.0,3730000000.0,0.0238
Kepler-1985 b,52.58566178164101,227000000.0,577000000.0,0.0426
Kepler-1986 b,53.70596889387917,189000000.0,423000000.0,0.1307
Kepler-1987 b,66.18533100256103,123000000.0,204000000.0,0.0318
Kepler-1987 c,64.67508572817175,133000000.0,233000000.0,0.0427
Kepler-1987 d,46.49641578848924,266000000.0,756000000.0,0.0571
Kepler-1987 e,55.98107322714548,192000000.0,435000000.0,0.0765
Kepler-1988 b,60.287349794446634,153000000.0,296000000.0,0.1038
Kepler-1989 b,20.205990913057125,462000000.0,1930000000.0,0.0918
Kepler-199 b,35.34010582806777,311000000.0,985000000.0,0.158
Kepler-1990 b,38.33441327274344,327000000.0,1070000000.0,0.0286
Kepler-1990 c,78.26564878441438,0.98,0.904,0.0504
Kepler-1991 b,60.598278093420674,147000000.0,276000000.0,0.1065
Kepler-1991 c,43.550666355974336,257000000.0,713000000.0,0.1528
Kepler-1992 b,75.40636637934973,0.91,0.693,0.1169
Kepler-1993 b,20.52199499835959,415000000.0,1610000000.0,0.1943
Kepler-1994 b,78.13094279841064,0.51,0.087,0.053
Kepler-1996 b,45.54692521831402,226000000.0,573000000.0,0.1789
Kepler-1997 b,46.65717372187602,228000000.0,582000000.0,0.1815
Kepler-1998 b,78.52222332252381,0.6,0.156,0.0405
Kepler-1999 b,36.3040042110978,329000000.0,1080000000.0,0.0713
Kepler-20 g,8.087217384161505,471000000.0,1996000000.0,0.2055
Kepler-200 b,53.21974678616907,213000000.0,518000000.0,0.08
Kepler-200 c,59.86806854846629,159000000.0,315000000.0,0.09
Kepler-2000 b,45.29374578553422,273000000.0,790000000.0,0.0562
Kepler-2000 c,57.533160512928276,157000000.0,309000000.0,0.1228
Kepler-2001 b,69.26051297638523,104000000.0,112000000.0,0.0197
Kepler-2001 c,55.967324175889736,182000000.0,397000000.0,0.1084
Kepler-201 b,44.405921015812915,246000000.0,662000000.0,0.175
Kepler-202 b,60.88411052572776,163000000.0,329000000.0,0.045
Kepler-202 c,55.03693233569464,185000000.0,408000000.0,0.113
Kepler-203 b,48.412633049227864,257000000.0,713000000.0,0.043
Kepler-203 d,35.110082963770964,144000000.0,3390000000.0,0.1
Kepler-204 b,46.20562418525342,253000000.0,694000000.0,0.117
Kepler-204 c,53.48971577231758,179000000.0,386000000.0,0.173
Kepler-205 b,62.70622492027026,151000000.0,289000000.0,0.032
Kepler-205 c,56.728089170489476,164000000.0,333000000.0,0.122
Kepler-206 b,65.30920388466372,120000000.0,187000000.0,0.078
Kepler-206 c,56.85962987181566,177000000.0,378000000.0,0.111
Kepler-206 d,61.591239230264776,119000000.0,181000000.0,0.163
Kepler-207 b,62.2412147166979,157000000.0,309000000.0,0.029
Kepler-207 c,62.74810229637481,150000000.0,286000000.0,0.044
Kepler-207 d,36.58246541224291,331000000.0,1100000000.0,0.068
Kepler-208 b,60.844671572912304,163000000.0,329000000.0,0.054
Kepler-208 c,63.00841873891878,139000000.0,251000000.0,0.079
Kepler-208 d,64.47941885013597,120000000.0,187000000.0,0.103
Kepler-208 e,59.73533710312222,148000000.0,279000000.0,0.132
Kepler-209 b,49.58174017578749,226000000.0,573000000.0,0.122
Kepler-209 c,31.343072005841663,310000000.0,980000000.0,0.231
Kepler-21 b,55.33951863739596,163900000.0,750000000.0,0.0434
Kepler-210 b,43.15281427585969,294000000.0,896000000.0,0.032
Kepler-210 c,31.140082667446507,362000000.0,1280000000.0,0.07
Kepler-211 b,65.38084320726887,126000000.0,213000000.0,0.048
Kepler-211 c,42.42852093409323,129000000.0,1830000000.0,0.062
Kepler-212 b,64.83385556440435,109000000.0,132000000.0,0.133
Kepler-212 c,38.84875982261606,274000000.0,795000000.0,0.207
Kepler-213 b,61.40233736692762,162000000.0,326000000.0,0.036
Kepler-213 c,51.25976385043861,234000000.0,608000000.0,0.057
Kepler-214 b,44.73992182465522,261000000.0,732000000.0,0.13
Kepler-214 c,48.2196835665498,213000000.0,518000000.0,0.194
Kepler-215 b,59.69354347777093,162000000.0,326000000.0,0.084
Kepler-215 c,56.48072060267446,177000000.0,378000000.0,0.113
Kepler-215 d,22.77872997641996,239000000.0,2360000000.0,0.185
Kepler-216 b,50.41476858270978,235000000.0,612000000.0,0.079
Kepler-216 c,37.94465058266373,304000000.0,948000000.0,0.136
Kepler-217 b,52.65089192682094,223000000.0,560000000.0,0.065
Kepler-217 c,56.94344415643595,185000000.0,408000000.0,0.089
Kepler-218 b,62.86644533989103,148000000.0,279000000.0,0.046
Kepler-218 c,30.752469344513813,314000000.0,1000000000.0,0.248
Kepler-219 b,42.4769730015232,295000000.0,901000000.0,0.057
Kepler-219 c,28.216459029278475,358000000.0,1250000000.0,0.165
Kepler-219 d,20.83647549362358,281000000.0,1910000000.0,0.272
Kepler-220 b,78.24301844339458,0.81,0.457,0.046
Kepler-220 c,60.40261434859626,157000000.0,309000000.0,0.076
Kepler-220 d,72.3072000539887,0.98,0.904,0.163
Kepler-220 e,55.5788134613711,133000000.0,233000000.0,0.226
Kepler-221 c,41.96202258256774,293000000.0,930000000.0,0.059
Kepler-221 d,50.289146010763346,273000000.0,361000000.0,0.087
Kepler-222 b,39.48193101843933,316000000.0,1010000000.0,0.048
Kepler-222 c,20.086311938628604,464000000.0,1940000000.0,0.091
Kepler-222 d,25.056407256492328,369000000.0,1320000000.0,0.18
Kepler-224 b,64.08192749999604,139000000.0,251000000.0,0.038
Kepler-224 c,39.56632028449164,312000000.0,991000000.0,0.058
Kepler-224 d,50.20617854245388,230000000.0,590000000.0,0.089
Kepler-224 e,52.872849749771795,197000000.0,454000000.0,0.124
Kepler-225 b,65.56757035633348,120000000.0,187000000.0,0.056
Kepler-225 c,54.54863818350817,184000000.0,404000000.0,0.111
Kepler-226 b,36.07281934977062,155000000.0,2400000000.0,0.047
Kepler-226 c,30.045471340654565,227000000.0,4520000000.0,0.058
Kepler-226 d,64.91912993468557,122000000.0,198000000.0,0.076
Kepler-227 b,38.8451272329098,311000000.0,985000000.0,0.09
Kepler-227 c,32.25648942259034,304000000.0,948000000.0,0.29
Kepler-228 b,62.49903455848087,153000000.0,296000000.0,0.038
Kepler-228 c,46.293731253072444,270000000.0,775000000.0,0.052
Kepler-228 d,25.339928531768926,404000000.0,1540000000.0,0.101
Kepler-229 b,52.83507556442059,220000000.0,548000000.0,0.062
Kepler-229 c,15.716127855682917,492000000.0,2150000000.0,0.117
Kepler-229 d,19.738920546746073,385000000.0,1420000000.0,0.22
Kepler-230 b,18.080437504933336,426000000.0,1680000000.0,0.191
Kepler-231 b,33.136155022174044,173000000.0,3540000000.0,0.074
Kepler-231 c,29.27830522879576,193000000.0,2410000000.0,0.114
Kepler-232 b,40.55446368226344,308000000.0,969000000.0,0.054
Kepler-232 c,27.195254770839988,383000000.0,1400000000.0,0.101
Kepler-233 b,49.095686706237416,243000000.0,648000000.0,0.077
Kepler-233 c,37.17023151568041,271000000.0,780000000.0,0.287
Kepler-234 b,31.262091321255006,370000000.0,1320000000.0,0.04
Kepler-234 c,33.158966397217625,351000000.0,1210000000.0,0.077
Kepler-235 b,53.15491650717317,223000000.0,560000000.0,0.037
Kepler-235 c,64.24117792231922,128000000.0,218000000.0,0.065
Kepler-235 d,51.45069756456986,205000000.0,486000000.0,0.122
Kepler-235 e,44.1162231569988,222000000.0,556000000.0,0.213
Kepler-236 b,60.58557137649011,157000000.0,309000000.0,0.065
Kepler-236 c,51.1522135579514,200000000.0,466000000.0,0.132
Kepler-237 b,63.449727728552666,141000000.0,257000000.0,0.05
Kepler-237 c,54.01088495122685,208000000.0,498000000.0,0.071
Kepler-238 d,21.78314402719137,307000000.0,2310000000.0,0.115
Kepler-239 b,49.67451525469272,233000000.0,604000000.0,0.095
Kepler-239 c,40.05446126042732,251000000.0,685000000.0,0.268
Kepler-240 b,64.07162381894527,137000000.0,245000000.0,0.048
Kepler-241 b,49.43794024551742,233000000.0,604000000.0,0.094
Kepler-241 c,40.262099193118516,257000000.0,713000000.0,0.189
Kepler-242 b,46.587008802037865,261000000.0,732000000.0,0.075
Kepler-242 c,53.49845287056228,200000000.0,466000000.0,0.109
Kepler-243 b,49.49706890030426,245000000.0,657000000.0,0.062
Kepler-243 c,52.26256523140402,199000000.0,462000000.0,0.142
Kepler-244 b,45.36389605317733,276000000.0,805000000.0,0.05
Kepler-244 c,54.000459441435595,205000000.0,486000000.0,0.087
Kepler-244 d,35.17822580833768,231000000.0,1520000000.0,0.14
Kepler-245 c,27.755172934749055,218000000.0,2670000000.0,0.124
Kepler-245 d,16.675950212360135,303000000.0,2160000000.0,0.202
Kepler-246 b,51.31454335276264,234000000.0,608000000.0,0.052
Kepler-246 c,60.73777417568367,150000000.0,286000000.0,0.095
Kepler-247 b,60.93185552571235,164000000.0,333000000.0,0.042
Kepler-247 c,25.337149214791424,409000000.0,1570000000.0,0.084
Kepler-247 d,23.978462686027232,394000000.0,1470000000.0,0.14
Kepler-248 b,40.98917338406216,302000000.0,938000000.0,0.066
Kepler-248 c,23.790265096647737,407000000.0,1560000000.0,0.123
Kepler-249 b,68.04198287679694,109000000.0,132000000.0,0.035
Kepler-249 c,61.62668115446698,151000000.0,289000000.0,0.058
Kepler-249 d,58.833542845258975,157000000.0,309000000.0,0.097
Kepler-250 b,67.25666210752888,113000000.0,151000000.0,0.048
Kepler-250 c,51.512520584930165,228000000.0,582000000.0,0.069
Kepler-250 d,50.29385899752585,218000000.0,539000000.0,0.127
Kepler-251 b,64.39204166069008,133000000.0,233000000.0,0.053
Kepler-251 c,42.19360275545123,277000000.0,810000000.0,0.122
Kepler-251 d,38.820024957421566,277000000.0,810000000.0,0.182
Kepler-252 b,65.11458943147942,123000000.0,204000000.0,0.058
Kepler-252 c,52.37994428992027,215000000.0,527000000.0,0.08
Kepler-253 b,60.954817654734796,163000000.0,329000000.0,0.046
Kepler-253 c,45.495417302225974,265000000.0,751000000.0,0.089
Kepler-253 d,35.75222682821634,317000000.0,1020000000.0,0.13
Kepler-254 b,28.158019979426285,387000000.0,1430000000.0,0.064
Kepler-254 c,54.840231718843526,215000000.0,320000000.0,0.105
Kepler-254 d,45.55838671666827,250000000.0,680000000.0,0.139
Kepler-255 b,61.47894819136527,155000000.0,302000000.0,0.063
Kepler-255 c,40.544745382569275,299000000.0,922000000.0,0.092
Kepler-255 d,65.43993754015919,132000000.0,230000000.0,0.0192
Kepler-256 b,61.99880297737862,159000000.0,315000000.0,0.027
Kepler-256 c,54.227984710359614,215000000.0,527000000.0,0.045
Kepler-256 d,49.03722422479135,248000000.0,671000000.0,0.064
Kepler-256 e,49.67462255364907,235000000.0,612000000.0,0.096
Kepler-257 b,48.02900980423256,261000000.0,732000000.0,0.034
Kepler-257 c,17.643140284185172,541000000.0,2520000000.0,0.066
Kepler-257 d,13.31168377026895,495000000.0,2170000000.0,0.16
Kepler-258 b,24.681439656619666,406000000.0,1550000000.0,0.103
Kepler-258 c,24.99513540730328,361000000.0,1270000000.0,0.193
Kepler-259 b,43.831115033251805,280000000.0,825000000.0,0.079
Kepler-259 c,38.17113781165202,270000000.0,775000000.0,0.217
Kepler-26 b,47.802531410456055,278000000.0,512000000.0,0.08551
Kepler-26 c,45.583523027984064,272000000.0,620000000.0,0.10725
Kepler-26 d,68.25096893474344,107000000.0,124000000.0,0.039
Kepler-26 e,41.475941064233076,241000000.0,639000000.0,0.22
Kepler-260 b,54.92739353103138,201000000.0,470000000.0,0.075
Kepler-261 b,52.09400234273585,218000000.0,539000000.0,0.088
Kepler-261 c,51.002909924018155,200000000.0,466000000.0,0.156
Kepler-262 b,61.9830726903191,136000000.0,242000000.0,0.108
Kepler-262 c,56.3448352825456,164000000.0,333000000.0,0.152
Kepler-263 b,43.64296535512025,267000000.0,761000000.0,0.12
Kepler-263 c,40.63130720937669,247000000.0,666000000.0,0.242
Kepler-264 b,27.740756017529662,333000000.0,1110000000.0,0.249
Kepler-265 b,57.240504978840434,186000000.0,412000000.0,0.069
Kepler-265 c,44.119409992888436,263000000.0,741000000.0,0.127
Kepler-265 d,40.33600587871277,249000000.0,676000000.0,0.236
Kepler-266 b,48.84421752560356,248000000.0,671000000.0,0.071
Kepler-267 b,32.82700741458714,198000000.0,3790000000.0,0.037
Kepler-267 c,53.64515603549161,213000000.0,518000000.0,0.06
Kepler-267 d,46.38199793065629,227000000.0,577000000.0,0.154
Kepler-268 b,43.05342102616511,255000000.0,704000000.0,0.18
Kepler-269 b,49.3118158379485,247000000.0,666000000.0,0.061
Kepler-269 c,59.11668518384844,169000000.0,350000000.0,0.081
Kepler-270 b,54.11274468370465,201000000.0,470000000.0,0.107
Kepler-270 c,53.85602018233181,177000000.0,378000000.0,0.18
Kepler-272 d,50.991484363791386,225000000.0,569000000.0,0.091
Kepler-273 b,62.78155306201107,150000000.0,286000000.0,0.037
Kepler-273 c,55.371798754629594,198000000.0,458000000.0,0.073
Kepler-274 b,60.1325859717397,154000000.0,299000000.0,0.101
Kepler-274 c,50.980688546076244,184000000.0,404000000.0,0.204
Kepler-275 b,49.90286748760211,234000000.0,608000000.0,0.098
Kepler-275 c,32.9484970832231,338000000.0,1140000000.0,0.132
Kepler-275 d,28.90337134595584,333000000.0,1110000000.0,0.224
Kepler-278 b,20.05471633663453,407000000.0,1560000000.0,0.207
Kepler-278 c,14.35325236092638,359000000.0,1260000000.0,0.294
Kepler-280 b,63.59341987483836,145000000.0,270000000.0,0.032
Kepler-280 c,55.76473600754845,201000000.0,470000000.0,0.056
Kepler-282 b,67.63441339841546,101000000.0,101000000.0,0.082
Kepler-282 c,63.8584207529057,120000000.0,187000000.0,0.106
Kepler-283 b,52.62193229224349,213000000.0,518000000.0,0.082
Kepler-284 b,50.68894836552765,224000000.0,565000000.0,0.104
Kepler-284 c,39.3264480241417,261000000.0,732000000.0,0.213
Kepler-285 b,64.80623605453363,134000000.0,236000000.0,0.036
Kepler-285 c,66.899343419368,112000000.0,146000000.0,0.064
Kepler-286 b,66.20132655533259,124000000.0,207000000.0,0.027
Kepler-286 c,64.23917613995155,137000000.0,245000000.0,0.042
Kepler-286 d,64.11376534602672,133000000.0,233000000.0,0.061
Kepler-286 e,52.8754769496648,177000000.0,378000000.0,0.176
Kepler-288 b,59.873713448818016,167000000.0,343000000.0,0.065
Kepler-288 c,40.32085297157351,285000000.0,850000000.0,0.14
Kepler-288 d,37.74707746462979,267000000.0,761000000.0,0.287
Kepler-290 b,50.086829897403454,225000000.0,569000000.0,0.11
Kepler-290 c,38.20943927147803,270000000.0,775000000.0,0.205
Kepler-290 d,79.27345209248843,0.86,0.566,0.0154
Kepler-291 b,54.05483065257375,216000000.0,531000000.0,0.047
Kepler-291 c,57.27022180786808,188000000.0,419000000.0,0.065
Kepler-292 b,65.05964917422033,132000000.0,230000000.0,0.035
Kepler-292 c,62.96280273464708,147000000.0,276000000.0,0.045
Kepler-292 d,52.23455363912307,223000000.0,560000000.0,0.068
Kepler-292 e,44.77973428271725,267000000.0,761000000.0,0.097
Kepler-292 f,47.15968673882148,235000000.0,612000000.0,0.141
Kepler-293 b,37.03028747308921,307000000.0,964000000.0,0.144
Kepler-293 c,20.014054794315282,383000000.0,1400000000.0,0.286
Kepler-294 b,59.19710340384782,177000000.0,378000000.0,0.048
Kepler-294 c,45.52879346230351,271000000.0,780000000.0,0.071
Kepler-295 b,63.7954790855385,122000000.0,198000000.0,0.099
Kepler-295 c,62.3612932751943,117000000.0,171000000.0,0.142
Kepler-295 d,56.82491875296549,136000000.0,242000000.0,0.192
Kepler-297 b,17.009580096646374,287000000.0,4850000000.0,0.217
Kepler-298 b,55.03008239490699,196000000.0,450000000.0,0.08
Kepler-298 c,52.34692240486968,193000000.0,438000000.0,0.136
Kepler-299 b,64.97386629971294,132000000.0,230000000.0,0.04
Kepler-299 c,46.33666569979217,265000000.0,751000000.0,0.07
Kepler-299 d,55.20715600155498,186000000.0,412000000.0,0.118
Kepler-299 e,49.31874075017167,187000000.0,416000000.0,0.22
Kepler-30 b,26.087751984159333,390000000.0,1130000000.0,0.18
Kepler-300 b,58.79640924619365,167000000.0,343000000.0,0.094
Kepler-300 c,43.700784585759834,225000000.0,569000000.0,0.232
Kepler-301 b,64.71714058148459,135000000.0,239000000.0,0.036
Kepler-301 c,63.99618181984036,135000000.0,239000000.0,0.06
Kepler-301 d,56.961622444456154,175000000.0,371000000.0,0.112
Kepler-302 b,20.473586550669474,406000000.0,1550000000.0,0.193
Kepler-303 b,78.79362054657592,0.89,0.64,0.024
Kepler-303 c,66.40118144329523,114000000.0,155000000.0,0.057
Kepler-304 b,44.139085238096996,286000000.0,855000000.0,0.039
Kepler-304 c,53.482626615173515,217000000.0,535000000.0,0.054
Kepler-304 d,44.188349328620774,275000000.0,800000000.0,0.08
Kepler-306 b,62.117776960787516,152000000.0,292000000.0,0.05
Kepler-306 c,50.52709304287487,235000000.0,612000000.0,0.067
Kepler-306 d,46.33929151328292,247000000.0,666000000.0,0.12
Kepler-306 e,43.432996679852835,227000000.0,577000000.0,0.227
Kepler-308 b,53.08112719382037,212000000.0,514000000.0,0.09
Kepler-308 c,51.12296253694099,216000000.0,531000000.0,0.123
Kepler-309 b,61.3070275237509,156000000.0,305000000.0,0.059
Kepler-310 b,63.94750245213325,119000000.0,181000000.0,0.111
Kepler-310 c,26.933719128977565,338000000.0,1140000000.0,0.281
Kepler-311 b,58.7368980763122,170000000.0,353000000.0,0.087
Kepler-311 c,59.48803296665841,143000000.0,263000000.0,0.145
Kepler-312 b,65.62031316785566,129000000.0,221000000.0,0.031
Kepler-312 c,35.644366409637875,315000000.0,1010000000.0,0.153
Kepler-313 b,46.06456613693421,253000000.0,694000000.0,0.125
Kepler-313 c,41.20159730908863,257000000.0,713000000.0,0.208
Kepler-314 b,78.6638160426406,0.83,0.498,0.035
Kepler-314 c,42.888408920063036,290000000.0,875000000.0,0.064
Kepler-316 b,68.7077332872758,106000000.0,120000000.0,0.027
Kepler-316 c,66.16369185617567,116000000.0,165000000.0,0.058
Kepler-317 c,58.56846294984614,172000000.0,361000000.0,0.083
Kepler-318 b,20.742584556326896,471000000.0,1990000000.0,0.056
Kepler-318 c,29.302347232295723,368000000.0,1310000000.0,0.105
Kepler-319 b,60.8114620786549,163000000.0,329000000.0,0.051
Kepler-319 c,46.6182234794891,263000000.0,741000000.0,0.069
Kepler-319 d,45.27869141818175,229000000.0,586000000.0,0.191
Kepler-320 b,66.07657854677208,114000000.0,155000000.0,0.085
Kepler-320 c,60.65556739552317,137000000.0,245000000.0,0.142
Kepler-321 b,58.89633980399677,177000000.0,378000000.0,0.057
Kepler-321 c,49.49249359971473,232000000.0,599000000.0,0.11
Kepler-322 b,69.5087590873714,101000000.0,101000000.0,0.027
Kepler-322 c,60.30970916109568,167000000.0,343000000.0,0.051
Kepler-324 c,35.901152944889105,315000000.0,620000000.0,0.26
Kepler-325 b,43.09150664560308,291000000.0,880000000.0,0.053
Kepler-325 c,46.463924257310225,254000000.0,699000000.0,0.105
Kepler-325 d,36.398814625422496,279000000.0,820000000.0,0.22
Kepler-326 b,36.72871464603443,152000000.0,4460000000.0,0.032
Kepler-326 c,43.16076905621245,140000000.0,1740000000.0,0.051
Kepler-326 d,58.562162544600014,121000000.0,690000000.0,0.066
Kepler-327 b,67.9479472400582,111000000.0,141000000.0,0.029
Kepler-327 c,41.93285757334198,103000000.0,2030000000.0,0.047
Kepler-327 d,57.16159943606857,173000000.0,364000000.0,0.09
Kepler-328 b,22.48367156011083,230000000.0,2850000000.0,0.2199
Kepler-329 b,62.90072307562768,140000000.0,254000000.0,0.061
Kepler-329 c,53.398229740277955,193000000.0,438000000.0,0.113
Kepler-33 b,59.084092409115115,174000000.0,368000000.0,0.0677
Kepler-330 b,63.29249328331179,135000000.0,239000000.0,0.075
Kepler-330 c,53.80653427573485,195000000.0,446000000.0,0.116
Kepler-331 b,57.363202262214095,182000000.0,397000000.0,0.065
Kepler-331 c,54.92345698624372,184000000.0,404000000.0,0.105
Kepler-331 d,53.79820696106238,164000000.0,333000000.0,0.159
Kepler-332 b,65.80447216865132,117000000.0,171000000.0,0.07
Kepler-332 c,64.89874617057053,109000000.0,132000000.0,0.114
Kepler-332 d,59.07134745652202,118000000.0,176000000.0,0.189
Kepler-333 b,35.753923492058554,132000000.0,2820000000.0,0.087
Kepler-333 c,62.61257130044046,111000000.0,141000000.0,0.135
Kepler-334 b,67.07679356428093,112000000.0,146000000.0,0.061
Kepler-334 c,61.2171315515581,143000000.0,263000000.0,0.107
Kepler-334 d,58.40052119519578,141000000.0,257000000.0,0.168
Kepler-335 b,35.22928462510978,339000000.0,1140000000.0,0.075
Kepler-336 b,69.2967368376413,102000000.0,104000000.0,0.033
Kepler-336 c,53.37242964611437,210000000.0,506000000.0,0.092
Kepler-336 d,46.91665264919545,237000000.0,621000000.0,0.154
Kepler-337 b,62.19900027496378,154000000.0,299000000.0,0.045
Kepler-337 c,54.018812662925356,205000000.0,486000000.0,0.093
Kepler-338 b,26.34240512325004,244000000.0,3060000000.0,0.117
Kepler-338 c,46.580300765236515,234000000.0,608000000.0,0.172
Kepler-338 d,33.00876872591517,300000000.0,927000000.0,0.257
Kepler-339 b,63.26455373179756,142000000.0,260000000.0,0.055
Kepler-339 c,58.43031097497833,115000000.0,730000000.0,0.069
Kepler-339 d,47.2082063316256,117000000.0,1470000000.0,0.091
Kepler-340 b,46.09578551388387,253000000.0,694000000.0,0.134
Kepler-340 c,31.496211507386825,337000000.0,1130000000.0,0.178
Kepler-341 b,66.25895856968958,118000000.0,176000000.0,0.06
Kepler-341 c,59.02565136527622,170000000.0,353000000.0,0.08
Kepler-341 d,52.21702479146357,185000000.0,408000000.0,0.182
Kepler-341 e,47.22329749968621,199000000.0,462000000.0,0.242
Kepler-342 b,49.9429164741519,225000000.0,569000000.0,0.128
Kepler-342 c,51.126471506850265,196000000.0,450000000.0,0.185
Kepler-342 d,40.56145406003441,249000000.0,676000000.0,0.242
Kepler-343 b,49.25432461250477,241000000.0,639000000.0,0.088
Kepler-343 c,51.06929476800129,202000000.0,474000000.0,0.167
Kepler-344 b,43.17849446246804,261000000.0,732000000.0,0.153
Kepler-345 b,77.43652897274059,0.74,0.48,0.066
Kepler-346 b,46.28184456904398,266000000.0,756000000.0,0.071
Kepler-346 c,35.89146848190758,307000000.0,964000000.0,0.168
Kepler-347 b,54.32077948829258,197000000.0,454000000.0,0.11
Kepler-347 c,53.60026427385884,175000000.0,371000000.0,0.183
Kepler-348 b,61.52064664709645,152000000.0,292000000.0,0.076
Kepler-348 c,61.30196194392168,133000000.0,233000000.0,0.138
Kepler-349 c,54.591096057006155,196000000.0,450000000.0,0.105
Kepler-350 b,38.66240661969429,185000000.0,1690000000.0,0.104
Kepler-350 c,42.011646098838604,310000000.0,610000000.0,0.1385
Kepler-350 d,30.218963893579343,280000000.0,1490000000.0,0.1786
Kepler-351 b,39.35795266657988,306000000.0,480000000.0,0.214
Kepler-351 c,28.84489546568488,319000000.0,1110000000.0,0.287
Kepler-352 b,76.78261740760612,0.86,0.566,0.085
Kepler-352 c,62.60041488781932,124000000.0,207000000.0,0.118
Kepler-353 b,77.8378928431314,0.89,0.64,0.051
Kepler-353 c,62.894648827351695,138000000.0,248000000.0,0.065
Kepler-354 b,57.84755958190128,184000000.0,404000000.0,0.054
Kepler-354 c,61.6242352527789,131000000.0,227000000.0,0.115
Kepler-354 d,60.64922624639194,124000000.0,207000000.0,0.146
Kepler-355 b,61.27054232291546,146000000.0,273000000.0,0.102
Kepler-355 c,40.78860503203968,271000000.0,780000000.0,0.179
Kepler-356 b,61.49787320428269,157000000.0,309000000.0,0.057
Kepler-356 c,56.3417342809733,181000000.0,393000000.0,0.115
Kepler-357 b,57.60015138873046,184000000.0,404000000.0,0.063
Kepler-357 c,43.571058805151786,267000000.0,761000000.0,0.12
Kepler-357 d,26.264249364210066,343000000.0,1160000000.0,0.246
Kepler-358 b,38.58539826637984,272000000.0,785000000.0,0.21
Kepler-359 b,28.317861604422205,353000000.0,1220000000.0,0.178
Kepler-360 b,60.82323391538412,165000000.0,336000000.0,0.044
Kepler-360 c,53.97029888436718,210000000.0,506000000.0,0.075
Kepler-361 b,62.02117419136894,145000000.0,270000000.0,0.086
Kepler-361 c,39.90681059509535,252000000.0,690000000.0,0.3
Kepler-362 b,76.71528535532377,0.88,0.615,0.087
Kepler-362 c,54.74348190701436,145000000.0,270000000.0,0.207
Kepler-363 b,66.95963919909818,116000000.0,165000000.0,0.048
Kepler-363 d,53.464204571919,205000000.0,486000000.0,0.107
Kepler-364 b,56.5170036201987,155000000.0,302000000.0,0.178
Kepler-364 c,45.06723754005176,215000000.0,527000000.0,0.312
Kepler-365 b,53.912004478938485,204000000.0,482000000.0,0.098
Kepler-365 c,57.35292184774515,164000000.0,333000000.0,0.137
Kepler-366 b,63.19029236237236,146000000.0,273000000.0,0.045
Kepler-366 c,56.745748086719935,179000000.0,386000000.0,0.11
Kepler-367 b,56.57182079793728,130000000.0,224000000.0,0.201
Kepler-367 c,57.23689457549583,120000000.0,187000000.0,0.253
Kepler-368 b,32.192604737895415,326000000.0,1070000000.0,0.186
Kepler-369 b,67.60726979804855,113000000.0,151000000.0,0.03
Kepler-369 c,60.93385036083899,141000000.0,257000000.0,0.094
Kepler-37 e,58.13051504792063,0.37,810000000.0,0.25
Kepler-370 b,61.26581433560821,159000000.0,315000000.0,0.054
Kepler-370 c,53.568486507286565,191000000.0,431000000.0,0.14
Kepler-371 b,49.93720309319533,189000000.0,423000000.0,0.2
Kepler-372 b,63.52165160338596,136000000.0,242000000.0,0.075
Kepler-372 c,50.91680247791556,209000000.0,502000000.0,0.154
Kepler-372 d,53.675775557761746,169000000.0,350000000.0,0.201
Kepler-373 b,63.847239897799355,136000000.0,242000000.0,0.06
Kepler-373 c,62.50307575831549,124000000.0,207000000.0,0.126
Kepler-374 b,69.19430650555897,103000000.0,108000000.0,0.029
Kepler-374 c,67.9002109099897,110000000.0,137000000.0,0.042
Kepler-374 d,64.57353832193282,131000000.0,227000000.0,0.056
Kepler-375 b,61.11967185875512,145000000.0,270000000.0,0.101
Kepler-375 c,43.091528249645435,265000000.0,751000000.0,0.141
Kepler-376 b,67.9100480176019,107000000.0,124000000.0,0.057
Kepler-376 c,56.335495832396994,179000000.0,386000000.0,0.115
Kepler-377 b,61.759230972927384,139000000.0,251000000.0,0.109
Kepler-377 c,49.59410912215572,206000000.0,490000000.0,0.182
Kepler-378 b,75.2871829577984,0.75,0.347,0.112
Kepler-378 c,72.1130900152612,0.7,0.271,0.166
Kepler-379 b,56.53937988220545,166000000.0,339000000.0,0.152
Kepler-379 c,43.151452061567376,229000000.0,586000000.0,0.326
Kepler-380 b,66.42459086302544,119000000.0,181000000.0,0.05
Kepler-380 c,64.40959420985483,127000000.0,215000000.0,0.078
Kepler-381 b,77.879076690458,0.99,0.937,0.066
Kepler-381 c,65.11458942290851,112000000.0,146000000.0,0.117
Kepler-382 b,64.39545235313936,132000000.0,230000000.0,0.055
Kepler-382 c,59.38737273058509,159000000.0,315000000.0,0.097
Kepler-383 b,62.50234471807855,132000000.0,230000000.0,0.095
Kepler-383 c,58.917494979547165,124000000.0,207000000.0,0.172
Kepler-384 b,62.83429795080156,112000000.0,146000000.0,0.148
Kepler-384 c,58.28420594519801,113000000.0,151000000.0,0.236
Kepler-385 b,37.646200699484474,273000000.0,1280000000.0,0.097
Kepler-385 c,33.382897180177174,304000000.0,1320000000.0,0.127
Kepler-386 b,61.80855016210543,139000000.0,251000000.0,0.096
Kepler-386 c,56.27963655333187,158000000.0,312000000.0,0.155
Kepler-387 b,67.98204663697494,103000000.0,108000000.0,0.068
Kepler-387 c,76.34115048624342,0.89,0.64,0.098
Kepler-388 b,78.48738423915765,0.81,0.457,0.036
Kepler-388 c,75.97962612943799,0.86,0.566,0.093
Kepler-389 b,62.58522583750121,151000000.0,289000000.0,0.041
Kepler-389 c,60.408618900333785,146000000.0,273000000.0,0.11
Kepler-390 b,77.60434759029452,0.82,0.477,0.065
Kepler-390 c,76.0383293805104,0.79,0.418,0.101
Kepler-391 b,38.02934696994804,320000000.0,1030000000.0,0.082
Kepler-391 c,29.35925558155276,354000000.0,1230000000.0,0.161
Kepler-392 b,70.06350135406696,100000000.0,0.972,0.059
Kepler-392 c,66.1314709916621,110000000.0,137000000.0,0.093
Kepler-393 b,63.78476857360372,129000000.0,221000000.0,0.091
Kepler-393 c,61.958848044053724,133000000.0,233000000.0,0.124
Kepler-394 b,60.28338752159969,160000000.0,319000000.0,0.083
Kepler-394 c,58.513072405517015,166000000.0,339000000.0,0.11
Kepler-395 b,67.91697024689279,103000000.0,108000000.0,0.061
Kepler-395 c,57.03169455501324,132000000.0,230000000.0,0.177
Kepler-397 b,45.25337657786725,246000000.0,662000000.0,0.144
Kepler-398 b,78.2624351055003,0.93,0.749,0.044
Kepler-398 c,67.08972270055489,101000000.0,101000000.0,0.087
Kepler-398 d,77.58049739845269,0.88,0.615,0.0618
Kepler-399 b,75.70013851529863,0.96,0.84,0.103
Kepler-399 c,57.76955552437816,143000000.0,263000000.0,0.155
Kepler-399 d,48.548480316842756,189000000.0,423000000.0,0.261
Kepler-4 b,18.477439867870725,400200000.0,2447200000.0,0.0456
Kepler-400 b,59.402676340481314,165000000.0,336000000.0,0.087
Kepler-400 c,59.33357593674871,149000000.0,283000000.0,0.134
Kepler-401 b,57.31318244240441,171000000.0,357000000.0,0.122
Kepler-401 c,45.06723754005176,215000000.0,527000000.0,0.269
Kepler-402 b,65.92986701708614,122000000.0,198000000.0,0.051
Kepler-402 c,61.25719581867669,156000000.0,305000000.0,0.068
Kepler-402 d,62.76826498356249,138000000.0,248000000.0,0.087
Kepler-402 e,61.218282298203725,146000000.0,273000000.0,0.102
Kepler-403 b,64.7843779474611,125000000.0,210000000.0,0.076
Kepler-403 c,50.36796880867791,175000000.0,371000000.0,0.297
Kepler-404 b,63.36924218040284,127000000.0,215000000.0,0.102
Kepler-404 c,57.08809806442967,172000000.0,361000000.0,0.118
Kepler-405 b,53.38907782697054,208000000.0,498000000.0,0.095
Kepler-405 c,14.94664334270849,466000000.0,1960000000.0,0.188
Kepler-410 A b,34.91979568356903,283800000.0,844000000.0,0.1226
Kepler-411 b,24.694287765910012,240100000.0,2560000000.0,0.0375
Kepler-411 c,14.087232147194928,442100000.0,2640000000.0,0.0739
Kepler-411 d,18.071603243817247,331900000.0,1520000000.0,0.279
Kepler-411 e,31.438552481899357,328000000.0,1080000000.0,0.186
Kepler-415 c,54.79843447445509,201000000.0,470000000.0,0.0695
Kepler-416 d,61.384114647454304,161000000.0,322000000.0,0.0407
Kepler-417 b,42.868232402808964,231000000.0,1100000000.0,0.1006
Kepler-417 c,43.51626221773494,269000000.0,770000000.0,0.1194
Kepler-430 b,30.14982727925311,325000000.0,1060000000.0,0.2244
Kepler-431 b,77.58826811033568,0.764,0.37,0.0719
Kepler-431 c,77.1176155137284,0.668,0.229,0.0847
Kepler-431 d,65.62628614868115,111000000.0,141000000.0,0.1045
Kepler-444 b,72.87382108510907,0.403,0.0374,0.04178
Kepler-444 c,68.87393041577666,0.497,0.0793,0.04881
Kepler-444 f,67.58716579472258,0.741,0.332,0.0811
Kepler-445 b,61.78114592026176,158000000.0,312000000.0,0.0217
Kepler-445 c,48.847799929127504,251000000.0,685000000.0,0.0301
Kepler-445 d,64.50662158005052,125000000.0,210000000.0,0.0439
Kepler-446 b,63.12119652894649,150000000.0,286000000.0,0.0182
Kepler-446 c,67.82740964453639,111000000.0,141000000.0,0.0283
Kepler-446 d,64.06309003933386,135000000.0,239000000.0,0.0403
Kepler-449 b,53.37620501254533,205600000.0,488000000.0,0.1027
Kepler-449 c,37.309592531140524,276400000.0,807000000.0,0.1979
Kepler-457 d,40.44359668860222,298467257.0,919000000.0,0.0996
Kepler-46 d,60.08209748165956,164000000.0,333000000.0,0.067
Kepler-47 b,42.91081887608093,305000000.0,207000000.0,0.2877
Kepler-476 b,38.18257675885863,308000000.0,969000000.0,0.1126
Kepler-477 b,53.39761283663985,207000000.0,494000000.0,0.0911
Kepler-478 b,43.8950449795322,271000000.0,780000000.0,0.1032
Kepler-49 b,43.70979263988084,257900000.0,977000000.0,0.05929
Kepler-49 c,46.1157173458647,244400000.0,838000000.0,0.07821
Kepler-495 b,18.428002465377798,523000000.0,2380000000.0,0.0427
Kepler-495 c,65.47219103517305,121936414.0,198000000.0,0.0614
Kepler-496 b,50.67786226951378,232000000.0,599000000.0,0.0747
Kepler-497 b,18.38832708395089,604000000.0,3040000000.0,0.0457
Kepler-498 b,40.022699044237264,303000000.0,943000000.0,0.0897
Kepler-499 b,53.404205378050484,217000000.0,535000000.0,0.0598
Kepler-501 b,24.352211067245708,430000000.0,1710000000.0,0.0627
Kepler-501 c,60.343355429351774,168119739.0,347000000.0,0.0467
Kepler-502 b,20.147851621409377,477000000.0,2040000000.0,0.0535
Kepler-504 b,60.034749314516375,159000000.0,315000000.0,0.0646
Kepler-505 b,41.94935379954588,260000000.0,727000000.0,0.1445
Kepler-51 b,36.09740383777658,710000000.0,210000000.0,0.2514
Kepler-515 b,59.05802354020281,146000000.0,273000000.0,0.1333
Kepler-516 b,13.11666623893704,574000000.0,2790000000.0,0.1992
Kepler-529 b,58.44584732872062,186000000.0,412000000.0,0.0309
Kepler-529 c,53.91014477683558,200000000.0,466000000.0,0.1075
Kepler-529 d,37.03738993728679,279502603.0,822000000.0,0.2134
Kepler-534 b,49.88121039996017,224000000.0,565000000.0,0.1272
Kepler-534 c,64.98981353893704,122700000.0,202000000.0,0.0761
Kepler-54 b,61.222921376572124,210000000.0,0.98,0.0619
Kepler-54 c,66.58248869723302,123000000.0,0.7,0.0809
Kepler-546 b,18.24618589385071,700000000.0,3910000000.0,0.0502
Kepler-547 b,27.01197279408361,400000000.0,1510000000.0,0.058
Kepler-549 d,20.61506372651626,420000000.0,1640000000.0,0.1575
Kepler-55 b,23.185658316586263,243000000.0,4300000000.0,0.1593
Kepler-55 d,61.852502850086715,159000000.0,315000000.0,0.029
Kepler-55 e,61.75070596769735,155000000.0,302000000.0,0.048
Kepler-55 f,59.87391752156446,159000000.0,315000000.0,0.081
Kepler-550 b,22.51858894225277,442000000.0,1790000000.0,0.0747
Kepler-551 b,43.80913240219751,273000000.0,790000000.0,0.0893
Kepler-552 b,27.609707148753273,395000000.0,1480000000.0,0.0612
Kepler-555 b,41.3810930536871,283000000.0,840000000.0,0.1201
Kepler-557 b,46.82905979715028,267000000.0,761000000.0,0.0469
Kepler-558 b,44.85342729468626,237000000.0,621000000.0,0.1759
Kepler-559 b,28.974764533211555,361000000.0,1270000000.0,0.1277
Kepler-56 b,16.384942261953487,651000000.0,2210000000.0,0.1028
Kepler-560 b,50.22210434055106,172000000.0,361000000.0,0.0899
Kepler-562 b,14.812330831763244,521000000.0,2370000000.0,0.1333
Kepler-563 b,35.99540112829242,309000000.0,975000000.0,0.1418
Kepler-564 b,21.656304364167383,463000000.0,1940000000.0,0.0484
Kepler-565 b,31.768440946366468,364000000.0,1290000000.0,0.0501
Kepler-566 b,50.50241618688904,215000000.0,527000000.0,0.1247
Kepler-567 b,49.60289332682024,225000000.0,569000000.0,0.1229
Kepler-568 b,50.83624489166971,226000000.0,573000000.0,0.0794
Kepler-570 b,49.84727901250062,245000000.0,657000000.0,0.0497
Kepler-571 b,47.00135934763513,264000000.0,746000000.0,0.0546
Kepler-572 b,44.786478826481336,258000000.0,718000000.0,0.1192
Kepler-574 b,49.86030885049955,239000000.0,630000000.0,0.0723
Kepler-575 b,49.43421584205271,239000000.0,630000000.0,0.0788
Kepler-576 b,31.354825710762675,327000000.0,1070000000.0,0.179
Kepler-577 b,43.112464514595175,255000000.0,704000000.0,0.1348
Kepler-578 b,56.68888223471313,200000000.0,466000000.0,0.0266
Kepler-579 b,54.69438202824789,200000000.0,466000000.0,0.0854
Kepler-580 b,47.159279597629784,257000000.0,713000000.0,0.0683
Kepler-581 b,38.33768012595763,263000000.0,741000000.0,0.2259
Kepler-582 b,27.648288336591037,368000000.0,1310000000.0,0.1254
Kepler-583 b,51.67273535779006,228000000.0,582000000.0,0.0689
Kepler-584 b,17.86011724035502,421000000.0,1650000000.0,0.2281
Kepler-586 b,45.467661488130204,279000000.0,820000000.0,0.0331
Kepler-587 b,51.27229218536023,223000000.0,560000000.0,0.0952
Kepler-588 b,47.29193333948159,263000000.0,741000000.0,0.052
Kepler-589 b,49.33345179791119,227000000.0,577000000.0,0.1196
Kepler-589 c,67.59402506246752,111727238.0,145000000.0,0.0426
Kepler-590 b,26.913400901516106,402000000.0,1520000000.0,0.0647
Kepler-592 b,51.05889049766822,239000000.0,630000000.0,0.0397
Kepler-593 b,39.5520955175477,287000000.0,860000000.0,0.1508
Kepler-594 b,51.28523419544589,218000000.0,539000000.0,0.1089
Kepler-595 b,19.825019301541253,370800000.0,1740000000.0,0.1582
Kepler-595 c,63.70788198364826,100900000.0,330000000.0,0.0983
Kepler-599 b,41.37268806503179,284000000.0,845000000.0,0.1128
Kepler-600 b,38.50024631353752,290000000.0,875000000.0,0.1536
Kepler-602 b,52.098157323367104,209000000.0,502000000.0,0.1224
Kepler-604 b,42.5099307888481,259000000.0,722000000.0,0.1735
Kepler-606 b,32.01275455248708,331000000.0,1100000000.0,0.17
Kepler-608 b,31.231211377388355,364000000.0,1290000000.0,0.0685
Kepler-609 b,35.83007328200571,335000000.0,1120000000.0,0.0682
Kepler-610 b,25.116789061667237,419000000.0,1630000000.0,0.0719
Kepler-611 b,61.034442657001044,165000000.0,336000000.0,0.0351
Kepler-612 b,44.328750474977234,284000000.0,845000000.0,0.0452
Kepler-613 b,49.24260896923857,229000000.0,586000000.0,0.1232
Kepler-614 b,48.28087035693986,239000000.0,630000000.0,0.1027
Kepler-615 b,57.922839745029705,174000000.0,368000000.0,0.085
Kepler-616 b,48.717867490782005,243000000.0,648000000.0,0.0927
Kepler-616 d,38.00496195188335,265300000.0,752000000.0,0.2749
Kepler-617 b,65.2821268631913,132000000.0,230000000.0,0.0219
Kepler-619 d,24.09456521075719,417000000.0,1620000000.0,0.1021
Kepler-620 b,34.75829978506502,332000000.0,1100000000.0,0.1053
Kepler-621 b,52.36654309176162,230000000.0,590000000.0,0.031
Kepler-622 b,51.810894895981974,213000000.0,518000000.0,0.0978
Kepler-623 b,40.466209209467735,301000000.0,932000000.0,0.0854
Kepler-632 b,46.57188898923928,221000000.0,552000000.0,0.1885
Kepler-636 b,20.39043178791703,445000000.0,1810000000.0,0.1185
Kepler-65 b,64.47384737314076,142000000.0,240000000.0,0.035
Kepler-65 c,50.62851558678029,258000000.0,540000000.0,0.068
Kepler-65 d,60.185253284937545,152000000.0,414000000.0,0.084
Kepler-650 b,42.714109662778796,296000000.0,906000000.0,0.0421
Kepler-656 c,63.31611492607738,141000000.0,257000000.0,0.0602
Kepler-658 b,61.57333175610819,163000000.0,329000000.0,0.0188
Kepler-659 b,45.82459797611736,250000000.0,680000000.0,0.1204
Kepler-66 b,41.42818635966084,280000000.0,825000000.0,0.1352
Kepler-660 b,46.8988942037231,257000000.0,713000000.0,0.0759
Kepler-661 b,40.30625110190391,307000000.0,964000000.0,0.0585
Kepler-662 b,49.29591131457958,218000000.0,539000000.0,0.1408
Kepler-663 b,47.52911289953005,260000000.0,727000000.0,0.0559
Kepler-664 b,47.26910864262548,266000000.0,756000000.0,0.0374
Kepler-665 b,44.80023966981132,260000000.0,727000000.0,0.1148
Kepler-666 b,50.49543845718298,240000000.0,635000000.0,0.0542
Kepler-667 b,11.62246024345445,473000000.0,2010000000.0,0.2288
Kepler-668 b,45.248520258330764,270000000.0,775000000.0,0.0768
Kepler-669 b,19.637543374139597,483000000.0,2080000000.0,0.0529
Kepler-67 b,39.865017122930425,294000000.0,896000000.0,0.1171
Kepler-671 b,46.405088513199374,269000000.0,770000000.0,0.0503
Kepler-672 b,40.69555828577607,250000000.0,680000000.0,0.2163
Kepler-673 b,18.349801092619984,654000000.0,3480000000.0,0.0455
Kepler-674 b,60.5743500374654,169000000.0,350000000.0,0.028
Kepler-675 b,50.46773459910789,244000000.0,653000000.0,0.0325
Kepler-676 b,39.383472024424094,304000000.0,948000000.0,0.0798
Kepler-677 b,17.644667977894745,538000000.0,2500000000.0,0.067
Kepler-678 b,17.47133890171409,514000000.0,2310000000.0,0.0732
Kepler-679 b,39.643159535486795,301000000.0,932000000.0,0.0983
Kepler-680 b,50.41425179188276,242000000.0,644000000.0,0.0469
Kepler-681 b,35.11393417997727,308000000.0,969000000.0,0.1635
Kepler-682 b,16.149332898995063,737000000.0,4260000000.0,0.1058
Kepler-683 b,56.86209954738859,197000000.0,454000000.0,0.0355
Kepler-684 b,35.68950329196837,336000000.0,1120000000.0,0.064
Kepler-687 b,29.649494974283122,352000000.0,1220000000.0,0.1326
Kepler-689 b,38.97205654047253,289000000.0,870000000.0,0.1449
Kepler-69 b,44.92764945826943,224000000.0,565000000.0,0.094
Kepler-690 b,17.354157025944893,595000000.0,2960000000.0,0.081
Kepler-691 b,53.874329829461146,209000000.0,502000000.0,0.0649
Kepler-692 b,35.792098045795996,311000000.0,985000000.0,0.1495
Kepler-694 b,44.26448088452737,280000000.0,825000000.0,0.0659
Kepler-696 b,18.23543388082977,614000000.0,3130000000.0,0.0535
Kepler-697 b,26.343733258021658,413000000.0,1600000000.0,0.0471
Kepler-698 b,28.183988703046467,368000000.0,1310000000.0,0.1255
Kepler-701 b,42.6856340842216,284000000.0,845000000.0,0.0895
Kepler-704 b,47.68737692596827,261000000.0,732000000.0,0.047
Kepler-705 b,45.616570064244215,211000000.0,510000000.0,0.232
Kepler-707 b,65.02455990866142,133000000.0,233000000.0,0.0325
Kepler-708 b,43.12343567413447,293000000.0,891000000.0,0.0426
Kepler-709 b,40.085060012987086,292000000.0,885000000.0,0.1173
Kepler-710 b,57.60549996536996,188000000.0,419000000.0,0.0524
Kepler-711 b,30.71623930547613,341000000.0,1150000000.0,0.1429
Kepler-713 b,48.64782881600965,248000000.0,671000000.0,0.0748
Kepler-715 b,28.647990277441195,375000000.0,1350000000.0,0.0933
Kepler-717 b,50.23627725601347,242000000.0,644000000.0,0.052
Kepler-721 b,46.85436067281921,264000000.0,746000000.0,0.0583
Kepler-722 b,47.323653368166525,263000000.0,741000000.0,0.0514
Kepler-724 b,37.64777418772307,329000000.0,1080000000.0,0.0433
Kepler-726 b,33.441857681838755,326000000.0,1070000000.0,0.1406
Kepler-727 b,48.4960895767262,253000000.0,694000000.0,0.0546
Kepler-728 b,36.239161318309904,334000000.0,1110000000.0,0.0625
Kepler-729 b,33.05879524306052,358000000.0,1250000000.0,0.0432
Kepler-732 b,52.320265589549585,218000000.0,539000000.0,0.0691
Kepler-732 c,66.29963690391878,127000000.0,215000000.0,0.0143
Kepler-733 b,40.38518347523689,282000000.0,835000000.0,0.1483
Kepler-734 b,32.626195403533565,356000000.0,1240000000.0,0.0583
Kepler-735 b,40.7604143652524,295000000.0,901000000.0,0.0965
Kepler-736 b,43.01603273592383,293000000.0,891000000.0,0.0428
Kepler-737 b,50.540628930946205,196000000.0,450000000.0,0.1422
Kepler-738 b,44.11156629886391,250000000.0,680000000.0,0.1552
Kepler-739 b,34.85274481235994,332000000.0,1100000000.0,0.1054
Kepler-740 b,22.385441250971553,457000000.0,1890000000.0,0.0462
Kepler-741 b,41.57390764564757,297000000.0,911000000.0,0.0744
Kepler-742 b,37.06730911221633,324000000.0,1060000000.0,0.0744
Kepler-745 b,52.47320893542694,216000000.0,531000000.0,0.0915
Kepler-746 b,67.71707542305789,111000000.0,141000000.0,0.0435
Kepler-747 b,10.450547717153574,527000000.0,2410000000.0,0.1916
Kepler-748 b,48.07190263864003,252000000.0,690000000.0,0.0745
Kepler-749 b,37.05340416017862,310000000.0,980000000.0,0.1054
Kepler-751 b,46.44389047376794,246000000.0,662000000.0,0.1263
Kepler-752 b,41.029936067892926,281000000.0,830000000.0,0.1353
Kepler-753 b,56.856912597726776,191000000.0,431000000.0,0.054
Kepler-754 b,53.34891772018181,201000000.0,470000000.0,0.116
Kepler-756 b,68.12844266233134,112000000.0,146000000.0,0.0219
Kepler-757 b,64.96507203903901,136000000.0,242000000.0,0.019
Kepler-759 b,43.432996679852835,227000000.0,577000000.0,0.2329
Kepler-761 b,54.178883824743245,203000000.0,478000000.0,0.0874
Kepler-763 b,66.63143648740656,122000000.0,198000000.0,0.0205
Kepler-763 c,63.48278289138888,142000000.0,260000000.0,0.0466
Kepler-763 d,59.773156207478735,167000000.0,343000000.0,0.0634
Kepler-764 b,59.9408396883824,164000000.0,333000000.0,0.0724
Kepler-765 b,44.34131761260913,243000000.0,648000000.0,0.1754
Kepler-766 b,35.34374063616216,339000000.0,1140000000.0,0.066
Kepler-768 b,57.024462975280905,179000000.0,386000000.0,0.092
Kepler-769 b,42.230036775615496,292000000.0,885000000.0,0.0778
Kepler-769 c,55.88597544737653,179000000.0,386000000.0,0.1297
Kepler-770 b,48.32951086666543,230000000.0,590000000.0,0.1694
Kepler-770 c,66.87143970067162,120000000.0,187000000.0,0.0309
Kepler-770 d,63.70924223779059,140000000.0,254000000.0,0.0616
Kepler-771 b,57.29449630837349,182000000.0,397000000.0,0.0843
Kepler-776 b,64.96640801968121,128000000.0,218000000.0,0.0523
Kepler-777 b,62.4642104784746,147000000.0,276000000.0,0.0519
Kepler-778 b,60.33361384183694,168000000.0,346000000.0,0.0453
Kepler-779 b,77.51540560034977,0.92,0.721,0.0533
Kepler-78 b,67.49038539943872,120100000.0,168000000.0,0.00901
Kepler-780 b,79.27345209587223,0.89,0.64,0.015
Kepler-781 b,41.239236520788644,289000000.0,870000000.0,0.1019
Kepler-784 c,58.644472711004134,155000000.0,302000000.0,0.1309
Kepler-787 b,66.17949966334382,128000000.0,218000000.0,0.0159
Kepler-788 b,47.39721626360346,255000000.0,704000000.0,0.0835
Kepler-789 b,53.34282260362425,212000000.0,514000000.0,0.0951
Kepler-79 b,34.224067789635754,347000000.0,1090000000.0,0.117
Kepler-79 c,35.17832525652557,372000000.0,590000000.0,0.187
Kepler-79 d,31.38487393496466,716000000.0,600000000.0,0.287
Kepler-790 b,51.26330769281573,218000000.0,539000000.0,0.101
Kepler-791 b,38.50364591086171,305000000.0,953000000.0,0.1256
Kepler-792 b,54.825539710986554,196000000.0,450000000.0,0.0988
Kepler-793 b,64.04758551301951,137000000.0,245000000.0,0.0491
Kepler-797 b,48.0932999899605,217000000.0,535000000.0,0.181
Kepler-798 b,48.35904363371992,239000000.0,630000000.0,0.1174
Kepler-799 c,42.36748658162619,278068551.0,815000000.0,0.1214
Kepler-80 b,47.148734448107454,267000000.0,693000000.0,0.0648
Kepler-80 c,46.37644147499502,274000000.0,674000000.0,0.0792
Kepler-80 d,57.338353138594755,153000000.0,675000000.0,0.0372
Kepler-80 e,59.974869485867096,160000000.0,413000000.0,0.0491
Kepler-800 b,41.60251718794079,285000000.0,850000000.0,0.1106
Kepler-801 b,54.2607115131488,200000000.0,466000000.0,0.0795
Kepler-802 b,24.510713438374044,354000000.0,1230000000.0,0.2265
Kepler-809 b,32.71319813096468,301000000.0,932000000.0,0.2901
Kepler-81 b,35.05094358786741,242000000.0,1720000000.0,0.0522
Kepler-81 c,51.684111235131596,237000000.0,430000000.0,0.08347
Kepler-81 d,61.9274617376923,121000000.0,192000000.0,0.128
Kepler-810 b,56.88786678776403,193000000.0,438000000.0,0.055
Kepler-812 b,31.84873213775049,355000000.0,1230000000.0,0.1024
Kepler-813 b,50.476290242403756,214000000.0,522000000.0,0.1439
Kepler-814 b,53.959994827901994,212000000.0,514000000.0,0.0695
Kepler-818 b,16.787567745061047,511000000.0,2290000000.0,0.0886
Kepler-819 b,38.20805131435038,276000000.0,805000000.0,0.1894
Kepler-82 b,26.15311361141105,407000000.0,1215000000.0,0.1683
Kepler-82 c,20.456162949667444,534000000.0,1390000000.0,0.2626
Kepler-821 b,65.34278783987855,131000000.0,227000000.0,0.029
Kepler-823 b,61.60800719281082,157000000.0,309000000.0,0.0507
Kepler-824 b,57.684249304794434,187000000.0,416000000.0,0.055
Kepler-825 b,62.20003278713877,153000000.0,296000000.0,0.0453
Kepler-825 c,57.17745815163211,184000000.0,404000000.0,0.0759
Kepler-827 b,9.273452110403111,563000000.0,2700000000.0,0.2742
Kepler-829 b,53.911476094881166,211000000.0,510000000.0,0.0678
Kepler-83 b,50.48944334601408,283000000.0,294000000.0,0.07295
Kepler-83 c,52.891671350520966,236000000.0,203000000.0,0.11796
Kepler-83 d,57.05236213401643,194000000.0,410000000.0,0.051
Kepler-830 b,58.211535997702725,170000000.0,353000000.0,0.1033
Kepler-832 b,54.517452725052564,206000000.0,490000000.0,0.075
Kepler-833 b,52.1758535464225,202000000.0,474000000.0,0.1139
Kepler-834 b,53.5211314265592,202000000.0,474000000.0,0.0862
Kepler-835 b,43.160380922491015,279000000.0,820000000.0,0.107
Kepler-836 b,44.06064489152868,273000000.0,790000000.0,0.1013
Kepler-837 b,45.241465096570906,256000000.0,708000000.0,0.1144
Kepler-838 b,42.97357200463622,273000000.0,790000000.0,0.1266
Kepler-84 b,29.524554188919254,223000000.0,4000000000.0,0.0827
Kepler-84 c,29.680984535281233,236000000.0,2020000000.0,0.1072
Kepler-84 d,63.931659223435304,138000000.0,248000000.0,0.052
Kepler-84 e,41.9710511166602,260000000.0,727000000.0,0.181
Kepler-84 f,44.3840110629058,220000000.0,548000000.0,0.25
Kepler-842 b,61.96422284621744,160000000.0,319000000.0,0.0204
Kepler-843 b,48.40575562773883,259000000.0,722000000.0,0.0313
Kepler-844 b,60.61668001364123,168000000.0,346000000.0,0.0298
Kepler-846 b,45.57699882721026,248000000.0,671000000.0,0.1399
Kepler-847 b,66.96550622283856,118000000.0,176000000.0,0.0315
Kepler-850 b,58.198242446842066,178000000.0,382000000.0,0.0744
Kepler-851 b,59.15667215954459,168000000.0,346000000.0,0.0802
Kepler-860 b,37.874723232637955,324000000.0,1060000000.0,0.058
Kepler-861 b,52.30697537083585,228000000.0,582000000.0,0.0463
Kepler-862 b,53.470155474633074,221000000.0,552000000.0,0.039
Kepler-863 b,40.50189642540319,290000000.0,875000000.0,0.122
Kepler-864 b,50.164743086775815,240000000.0,635000000.0,0.0687
Kepler-864 c,61.41245802997153,162000000.0,326000000.0,0.0382
Kepler-865 b,46.82741644760425,249000000.0,676000000.0,0.1057
Kepler-865 c,77.73535893028564,0.89,0.64,0.061
Kepler-866 b,61.243885900446706,163000000.0,329000000.0,0.0331
Kepler-868 b,55.17331927026465,205000000.0,486000000.0,0.0575
Kepler-869 b,23.331403140665568,361000000.0,1270000000.0,0.2244
Kepler-870 b,40.84585757529294,278000000.0,815000000.0,0.1539
Kepler-871 b,25.744561850240167,374000000.0,1350000000.0,0.1572
Kepler-872 b,56.58448444295903,199000000.0,462000000.0,0.0362
Kepler-873 b,26.03540904974593,375000000.0,1350000000.0,0.1542
Kepler-874 b,19.125598366742892,394000000.0,1470000000.0,0.2234
Kepler-875 b,37.55096386781647,290000000.0,875000000.0,0.1771
Kepler-876 b,63.103116947168395,143000000.0,263000000.0,0.0549
Kepler-877 b,50.910293419630676,212000000.0,514000000.0,0.1301
Kepler-878 b,51.60046906140454,193000000.0,438000000.0,0.165
Kepler-879 b,40.92606222371965,257000000.0,713000000.0,0.2012
Kepler-880 b,45.983707767980675,266000000.0,756000000.0,0.0915
Kepler-880 c,41.88329129463501,287000000.0,860000000.0,0.1216
Kepler-881 b,58.879093089253864,178000000.0,382000000.0,0.0552
Kepler-891 b,9.273452110403111,641000000.0,3360000000.0,0.2881
Kepler-892 b,42.28716442552549,281000000.0,830000000.0,0.1015
Kepler-893 b,40.83400401640303,303000000.0,943000000.0,0.0699
Kepler-894 b,43.70830173426941,278000000.0,815000000.0,0.0916
Kepler-895 b,62.319521687963366,154000000.0,299000000.0,0.0328
Kepler-896 c,33.21806696163967,315000000.0,1010000000.0,0.1792
Kepler-897 b,49.76408267564555,239000000.0,630000000.0,0.077
Kepler-898 b,62.17488204764875,149000000.0,283000000.0,0.0545
Kepler-899 b,42.86233878194954,268000000.0,765000000.0,0.1392
Kepler-9 b,13.311334197751489,829000000.0,4340000000.0,0.143
Kepler-9 c,8.158448422212945,808000000.0,2990000000.0,0.227
Kepler-9 d,54.36887264404264,164000000.0,841466053.0,0.0273
Kepler-900 b,54.286421671494296,208000000.0,498000000.0,0.0679
Kepler-901 b,64.22693932280046,137000000.0,245000000.0,0.0378
Kepler-902 b,39.68955337357156,254000000.0,699000000.0,0.223
Kepler-904 b,59.365434374475896,177000000.0,378000000.0,0.0417
Kepler-907 b,63.30664370904717,120000000.0,187000000.0,0.1225
Kepler-912 b,45.21348626673116,280000000.0,825000000.0,0.0339
Kepler-913 b,53.735418588491974,206000000.0,490000000.0,0.1009
Kepler-913 c,28.267729965295302,385807090.0,1420000000.0,0.0699
Kepler-916 b,52.23375378662422,176000000.0,375000000.0,0.1885
Kepler-917 b,57.544885459029004,191000000.0,431000000.0,0.0378
Kepler-918 b,59.28574491458295,174000000.0,368000000.0,0.0569
Kepler-919 b,50.96455068984898,225000000.0,569000000.0,0.0981
Kepler-920 b,49.71025442080561,242000000.0,644000000.0,0.065
Kepler-921 b,34.80782087036904,287000000.0,860000000.0,0.2716
Kepler-925 b,44.06499904088788,234000000.0,608000000.0,0.1805
Kepler-926 b,42.86990744328192,231000000.0,595000000.0,0.2739
Kepler-927 b,58.484245787868886,172000000.0,361000000.0,0.0866
Kepler-928 b,61.426100944420185,159000000.0,315000000.0,0.0444
Kepler-93 b,60.035396712457036,147800000.0,466000000.0,0.05343
Kepler-931 b,63.58781460488673,133000000.0,233000000.0,0.0719
Kepler-933 b,47.24659496845204,246000000.0,662000000.0,0.1041
Kepler-934 b,45.884357970151214,209000000.0,502000000.0,0.2658
Kepler-935 b,64.12949725657975,135000000.0,239000000.0,0.0527
Kepler-936 b,61.50723984491996,145000000.0,270000000.0,0.0954
Kepler-938 b,44.1162231569988,222000000.0,556000000.0,0.2689
Kepler-939 b,56.68243801801158,175000000.0,371000000.0,0.1153
Kepler-940 b,27.66188891409,334000000.0,1110000000.0,0.3059
Kepler-941 b,37.33601000935231,308000000.0,969000000.0,0.1311
Kepler-943 b,9.273452110403111,593000000.0,2950000000.0,0.2559
Kepler-944 b,38.33768012595763,263000000.0,741000000.0,0.2288
Kepler-945 b,40.65777398757585,263000000.0,741000000.0,0.2037
Kepler-946 b,55.10573534926476,193000000.0,438000000.0,0.1002
Kepler-947 b,46.60593573164276,228000000.0,582000000.0,0.1773
Kepler-948 b,57.14595798338648,185000000.0,408000000.0,0.0749
Kepler-949 c,38.11620740075813,297000000.0,911000000.0,0.1394
Kepler-953 c,65.14172812241377,119000000.0,181000000.0,0.0862
Kepler-955 b,37.286504723453795,313000000.0,996000000.0,0.1083
Kepler-957 b,17.81011555118316,550000000.0,2590000000.0,0.0559
Kepler-959 b,21.39531701971333,438000000.0,1760000000.0,0.1633
Kepler-963 b,45.423346989487,266000000.0,756000000.0,0.0849
Kepler-967 b,49.0440566367664,235000000.0,612000000.0,0.1027
Kepler-968 b,56.17460757622282,200000000.0,466000000.0,0.0389
Kepler-968 c,59.715774918885536,169000000.0,350000000.0,0.052
Kepler-970 b,35.22157985207111,260900000.0,731000000.0,0.139
Kepler-972 b,20.704138370168003,465000000.0,1950000000.0,0.0734
Kepler-974 b,61.60146618849756,157000000.0,309000000.0,0.0419
Kepler-977 b,41.81969659585608,262000000.0,737000000.0,0.162
Kepler-978 b,33.008499461628595,299000000.0,922000000.0,0.2726
Kepler-979 b,45.01908375744001,272000000.0,785000000.0,0.0753
Kepler-981 b,51.76269531674339,231000000.0,595000000.0,0.0535
Kepler-983 b,42.1729242537575,236000000.0,617000000.0,0.3148
Kepler-988 b,51.7525844462543,207000000.0,494000000.0,0.1085
Kepler-989 b,52.27726151882028,221000000.0,552000000.0,0.0734
Kepler-993 b,37.84669786990664,297000000.0,911000000.0,0.13
Kepler-994 b,61.98116677631668,160000000.0,319000000.0,0.0177
Kepler-995 b,40.31573179005422,270000000.0,775000000.0,0.1701
Kepler-996 b,56.42317134131254,198000000.0,458000000.0,0.0474
Kepler-998 b,51.33550563479575,232000000.0,599000000.0,0.0626
L 168-9 b,60.47195774386091,163000000.0,407000000.0,0.0208
L 98-59 b,75.68732109659767,0.85,0.4,0.02191
L 98-59 c,61.35413551764109,138500000.0,222000000.0,0.0304
L 98-59 d,60.996992553790164,152100000.0,194000000.0,0.0486
L 98-59 e,55.47525424905898,156000000.0,306000000.0,0.0717
L 98-59 f,57.57485231180312,148000000.0,280000000.0,0.1052
LHS 1678 d,77.93039212960457,0.981,0.907,0.04
LHS 475 b,78.77082289049899,0.991,0.941,0.02037
LP 714-47 b,17.982575689106547,470000000.0,3080000000.0,0.0417
LP 791-18 b,67.0459570638166,121200000.0,194000000.0,0.00978
LP 791-18 c,49.04580721218881,243800000.0,710000000.0,0.02961
LP 791-18 d,70.51756707640838,103200000.0,0.9,0.01992
LSPM J2116+0234 b,21.631917570507532,371000000.0,1330000000.0,0.0876
LTT 1445 A b,58.5061636438281,118000000.0,273000000.0,0.022
LTT 3780 b,65.43940975126807,132500000.0,246000000.0,0.01195
LTT 3780 c,46.73773642782106,239000000.0,804000000.0,0.0757
LTT 9779 b,19.273452109500305,472000000.0,2932000000.0,0.01679
NGTS-14 A b,18.397612903683523,497679600.0,2924036000.0,0.0403
NGTS-4 b,25.5236081189786,318000000.0,2060000000.0,0.019
PSR B1257+12 b,73.01575433233855,0.338,0.02,0.19
Ross 128 b,62.555803872555856,111000000.0,140000000.0,0.0496
Ross 508 b,47.39677817951455,183000000.0,400000000.0,0.05366
TIC 434398831 b,33.74539507789751,351000000.0,1210000000.0,0.04641
TIC 434398831 c,18.300665404489912,563000000.0,2700000000.0,0.06572
TIC 88785435 b,12.424114674370848,503000000.0,2230000000.0,0.08432
TOI-1052 b,24.747777193503378,287000000.0,1690000000.0,0.09103
TOI-1052 c,1.546086819082754,648000000.0,3430000000.0,0.2263
TOI-1062 b,40.18071939076752,226500000.0,1015000000.0,0.052
TOI-1062 c,34.75810140864492,310000000.0,978000000.0,0.08
TOI-1064 b,38.11106840674523,258700000.0,1350000000.0,0.06152
TOI-1064 c,49.52251721259159,265100000.0,250000000.0,0.09429
TOI-1075 b,51.46042515951276,179100000.0,995000000.0,0.01159
TOI-1117 b,47.076729020701485,246000000.0,890000000.0,0.033
TOI-1117 c,43.110458899800726,291000000.0,878000000.0,0.0534
TOI-1117 d,36.604046912785094,327000000.0,1071000000.0,0.0817
TOI-1130 b,21.344229395465163,366000000.0,1980000000.0,0.0453
TOI-1136 b,58.71866333768158,190000000.0,350000000.0,0.05106
TOI-1136 c,42.99078953025516,287900000.0,632000000.0,0.0669
TOI-1136 d,34.311118812950475,462700000.0,835000000.0,0.1062
TOI-1136 e,45.05696464618035,263900000.0,607000000.0,0.14
TOI-1136 f,29.988844400796424,373591482.0,970000000.0,0.174
TOI-1136 g,41.53341080605131,253000000.0,560000000.0,0.229
TOI-1173 b,17.97591280620133,919000000.0,2740000000.0,0.0696
TOI-1180 b,38.889239947498794,307200000.0,1000000000.0,0.080799
TOI-1184 b,49.64569467442977,239000000.0,680000000.0,0.056027
TOI-1201 b,50.970536718473916,241500000.0,628000000.0,0.0287
TOI-122 b,45.764692452909635,272000000.0,785000000.0,0.0392
TOI-1231 b,20.96378831864941,365000000.0,1540000000.0,0.1288
TOI-1244 b,49.15207313613187,246700000.0,660000000.0,0.060694
TOI-1246 c,45.96121543801348,245109846.0,910000000.0,0.061
TOI-1246 d,40.16135617166841,343139739.0,540000000.0,0.132
TOI-1246 e,22.21624809624165,351418750.0,1450000000.0,0.212
TOI-1248 b,18.19338961204005,680848590.0,2740000000.0,0.051
TOI-1249 b,33.86543636153674,327103010.0,1190000000.0,0.109
TOI-125 b,36.565555126992386,272600000.0,950000000.0,0.05186
TOI-125 c,44.70831704342428,275900000.0,663000000.0,0.0814
TOI-125 d,26.65108956182815,293000000.0,1360000000.0,0.137
TOI-1260 b,47.71602471480243,241000000.0,856000000.0,0.0367
TOI-1260 c,37.4911329452501,276000000.0,1320000000.0,0.0657
TOI-1260 d,34.26492881491369,312000000.0,1184000000.0,0.1116
TOI-1266 b,50.32111842786881,252000000.0,446000000.0,0.073
TOI-1269 b,50.476155532973614,240144286.0,640000000.0,0.0496
TOI-1272 b,9.178589857596567,413204907.0,2700000000.0,0.0417
TOI-1272 c,13.503366974255176,495000000.0,2170000000.0,0.079
TOI-1279 b,41.31958217291558,266146528.0,1060000000.0,0.085
TOI-1288 b,18.604672645071105,496846551.0,4410000000.0,0.0374
TOI-1347 b,49.807422842894724,180000000.0,1110000000.0,0.0171
TOI-1386 b,12.872552155608902,621638650.0,4580000000.0,0.173
TOI-1408 c,46.339963496262065,222000000.0,760000000.0,0.03587
TOI-1410 c,9.273452110403111,563000000.0,2700000000.0,0.239
TOI-1410.01,37.32077982008853,310083009.0,1250000000.0,0.0207
TOI-1411 b,66.70778396285486,119880592.0,200000000.0,0.02122
TOI-1416 b,61.444654062432356,162000000.0,348000000.0,0.019
TOI-1422 b,33.385711347539214,396000000.0,900000000.0,0.108
TOI-1437 b,37.790751134903076,224000000.0,960000000.0,0.14
TOI-1439 b,7.048380180694102,424278610.0,3850000000.0,0.192
TOI-1444 b,63.16580543841102,141792246.0,358000000.0,0.0116
TOI-1451 b,33.67094092602593,261143902.0,1520000000.0,0.127
TOI-1452 b,56.71594576083157,167200000.0,482000000.0,0.061
TOI-1472 b,24.998485310978886,415964583.0,1650000000.0,0.065
TOI-1685 b,63.52747756650847,146800000.0,303000000.0,0.01138
TOI-1691 b,26.177365916042568,366000000.0,1460000000.0,0.129365
TOI-1694 b,18.33955178858156,534222660.0,3130000000.0,0.045
TOI-1723 b,34.475277081161785,343500000.0,1040000000.0,0.113496
TOI-1728 b,17.3818252424283,505000000.0,2678000000.0,0.0391
TOI-1736 b,35.5070281380702,318175535.0,1230000000.0,0.073
TOI-1742 b,32.734714938180716,236507598.0,970000000.0,0.154
TOI-1751 b,10.621030488845285,295078450.0,1950000000.0,0.215
TOI-1753 b,35.556066289760466,247852533.0,1660000000.0,0.059
TOI-1758 b,36.102536077365,362000000.0,690000000.0,0.141409
TOI-1759 b,34.98251620211148,314000000.0,1080000000.0,0.1177
TOI-1776 b,67.06270725864184,121612741.0,140000000.0,0.0378
TOI-1794 b,39.131202937410016,329701268.0,870000000.0,0.082
TOI-1798.01,49.03789579509556,244800000.0,650000000.0,0.074984
TOI-1798.02,60.023549326619445,146400000.0,560000000.0,0.010789
TOI-1799 b,59.06337932462377,164200000.0,400000000.0,0.072502
TOI-1803 b,39.936339096750224,299000000.0,1032000000.0,0.06
TOI-1803 c,35.07612157855857,429000000.0,800000000.0,0.097
TOI-1807 b,64.11186149230637,149681583.0,244000000.0,0.0122
TOI-181 b,12.890963161350896,695590000.0,4616870000.0,0.0539
TOI-1824 b,29.972999633417487,274382690.0,1600000000.0,0.151
TOI-1836 b,14.224885913181334,800321222.0,3845723725.0,0.1597
TOI-2000 b,42.079457485139514,270000000.0,1100000000.0,0.04271
TOI-2015 b,37.711237473817285,330900000.0,920000000.0,0.029322
TOI-2015 c,42.53959216407466,293000000.0,891000000.0,0.041232
TOI-2019 b,15.472461817917862,533275337.0,3440000000.0,0.128
TOI-2076 b,35.71079274056342,239000000.0,1610000000.0,0.0682
TOI-2096 b,60.7634625443156,124300000.0,208000000.0,0.025
TOI-2096 c,53.75555456573575,191400000.0,432000000.0,0.04
TOI-2128 b,52.56162919967474,208874836.0,450000000.0,0.127
TOI-2134 b,42.05488437709054,269000000.0,913000000.0,0.078
TOI-2136 b,51.29351485667558,219000000.0,637000000.0,0.057
TOI-216.02,13.718276730422955,800000000.0,1875187601.0,0.1293
TOI-2196 b,21.295150851647882,351000000.0,2600000000.0,0.02234
TOI-220 b,33.80402094823849,303000000.0,1380000000.0,0.08911
TOI-2257 b,36.482330019381294,219400000.0,545000000.0,0.145
TOI-237 b,62.896961004935534,144000000.0,267000000.0,0.0341
TOI-2443 b,40.879188075852156,236300000.0,480000000.0,0.105
TOI-2498 b,15.928516742892603,606000000.0,3462000000.0,0.0491
TOI-2525 b,7.562431471632902,867575106.0,2669758619.0,0.1511
TOI-257 b,14.71848132762729,716253867.0,4386032017.0,0.1528
TOI-260 b,56.62995919135614,171000000.0,423000000.0,0.0943
TOI-269 b,35.13193872343859,277000000.0,880000000.0,0.0345
TOI-286 b,60.72492503904415,142000000.0,453000000.0,0.0503
TOI-286 c,49.57854752104873,188000000.0,372000000.0,0.213
TOI-3261 b,19.273452109500532,382000000.0,3030000000.0,0.01714
TOI-329 b,8.586954784427677,494057819.0,4040000000.0,0.0638
TOI-3568 b,18.10946028163699,530000000.0,2640000000.0,0.0485
TOI-3785 b,24.21663011445221,514000000.0,1495000000.0,0.043
TOI-3884 b,16.990449006038787,643000000.0,3259000000.0,0.0361
TOI-4010 b,40.137124670034055,302000000.0,1100000000.0,0.0229
TOI-4010 c,20.140215049118744,593000000.0,2031000000.0,0.058
TOI-4010 d,14.037578094700905,618000000.0,3815000000.0,0.113
TOI-406 c,65.24321412711238,132000000.0,208000000.0,0.0322
TOI-406.01,49.58392911929884,208000000.0,657000000.0,0.0809
TOI-421 b,43.745372002961226,264000000.0,670000000.0,0.0554
TOI-421 c,19.083348820901886,509000000.0,1410000000.0,0.117
TOI-431 b,64.95515226165976,128000000.0,307000000.0,0.0113
TOI-431 c,62.427850158915696,149000000.0,283000000.0,0.052
TOI-431 d,36.62028465056354,329000000.0,990000000.0,0.098
TOI-4364 b,46.33846349753893,201000000.0,470000000.0,0.04753
TOI-4438 b,45.48806052364142,252000000.0,540000000.0,0.0534
TOI-451 b,57.82026958258067,191000000.0,431000000.0,0.0283
TOI-451 c,39.06597502714643,310000000.0,980000000.0,0.0823
TOI-451 d,23.75917874098191,407000000.0,1560000000.0,0.1208
TOI-480 b,26.452187620180617,285372018.0,2080000000.0,0.077
TOI-500 b,66.83632127840373,116600000.0,142000000.0,0.01189
TOI-5076 b,23.73561284286839,348935569.0,1614568308.0,0.1481
TOI-5126 b,20.132673929750354,474000000.0,2020000000.0,0.06519
TOI-5126 c,25.304902524616253,386000000.0,1420000000.0,0.1439
TOI-540 b,78.96650013616619,0.903,0.674,0.01223
TOI-544 b,58.99883565530949,201800000.0,289000000.0,0.0225
TOI-561 b,65.47686195115399,139700000.0,202000000.0,0.01064
TOI-561 c,46.302711278390596,286500000.0,593000000.0,0.0889
TOI-561 d,30.566615682801725,261500000.0,1333000000.0,0.1587
TOI-5678 b,7.122302515081671,491000000.0,2000000000.0,0.249
TOI-5713 b,48.539021789550404,177000000.0,378000000.0,0.06008
TOI-5800 b,33.355409391445086,268000000.0,1080000000.0,0.0345
TOI-6002 b,53.86408751092582,165000000.0,336000000.0,0.05722
TOI-620 b,21.52906088325698,376000000.0,1360000000.0,0.04825
TOI-669 b,44.14393421492392,258606487.0,1000000000.0,0.048
TOI-674 b,18.783690286039768,525000000.0,2360000000.0,0.025
TOI-700 b,74.99213250077385,0.914,0.704,0.0677
TOI-700 c,43.28551514736212,260000000.0,727000000.0,0.0929
TOI-700 d,59.44691276134259,107300000.0,125000000.0,0.1633
TOI-700 e,71.27088893964584,0.953,0.818,0.134
TOI-712 b,44.80709366718976,204900000.0,485000000.0,0.07928
TOI-712 c,34.87731285041048,270100000.0,776000000.0,0.2447
TOI-733 b,53.936097501130995,199200000.0,572000000.0,0.0618
TOI-757 b,31.511597912340925,250000000.0,1050000000.0,0.122
TOI-763 b,46.14819398401457,228000000.0,979000000.0,0.06
TOI-763 c,42.382667976593964,263000000.0,932000000.0,0.1011
TOI-771 b,63.63370987606891,136000000.0,247000000.0,0.0208
TOI-771 c,60.23533753988075,150000000.0,287000000.0,0.046
TOI-776 b,55.36279598014565,179800000.0,500000000.0,0.0653
TOI-776 c,47.33781194521137,204700000.0,690000000.0,0.1001
TOI-784 b,50.05650117803913,193000000.0,967000000.0,0.038
TOI-836 b,57.8045427879042,170400000.0,453000000.0,0.0422
TOI-836 c,41.5945320838276,258700000.0,960000000.0,0.075
TOI-849 b,20.5658265363317,364000000.0,4180000000.0,0.0155
TOI-908 b,26.868845196852117,318600000.0,1613700000.0,0.041657
TRAPPIST-1 b,68.4780680779269,111600000.0,137400000.0,0.01154
TRAPPIST-1 c,68.50693872595103,109700000.0,130800000.0,0.0158
TRAPPIST-1 d,78.6345564650059,0.788,0.388,0.02227
TRAPPIST-1 e,77.98403854657955,0.92,0.692,0.02925
TRAPPIST-1 f,67.75980438847296,104500000.0,103900000.0,0.03849
TRAPPIST-1 g,65.58273899323277,112900000.0,132100000.0,0.04683
TRAPPIST-1 h,74.86986823927636,0.755,0.326,0.06189
Teegarden's Star b,68.32918889218246,105000000.0,116000000.0,0.0259
Teegarden's Star c,66.66953525365649,102000000.0,105000000.0,0.0455
Teegarden's Star d,71.20842593670763,0.954,0.82,0.0791
WASP-107 b,16.698919015438033,1053646000.0,3050000000.0,0.055
WASP-132 c,55.89174696003876,184100000.0,626000000.0,0.01833
WASP-139 b,17.80594198660445,896720000.0,3718611000.0,0.062
WASP-156 b,18.323189105509755,602802815.0,4180000000.0,0.0458
WASP-166 b,17.925022540801358,706167000.0,3210083000.0,0.0641
WASP-182 b,18.436932830936826,952765000.0,4703884000.0,0.0451
WASP-195 b,18.022029488663446,1031226224.0,3305415433.0,0.063
WASP-47 d,26.970598671692116,365000000.0,1550000000.0,0.085
Wolf 1061 b,60.81967392956406,121000000.0,191000000.0,0.0375
Wolf 1061 c,53.730843019139165,166000000.0,341000000.0,0.089
Wolf 327 b,66.01348314385547,124000000.0,253000000.0,0.01
Wolf 503 b,43.77540627774138,204300000.0,627000000.0,0.05712
YZ Cet b,77.61560265737039,0.913,0.7,0.01634
YZ Cet c,68.66617000281771,105000000.0,114000000.0,0.02156
YZ Cet d,66.90493340854805,103000000.0,109000000.0,0.02851
pi Men c,55.16448560314321,211000000.0,430000000.0,0.068
rho CrB e,52.86391687764791,177000000.0,379000000.0,0.1061
tau Cet g,61.448215652955916,118000000.0,175000000.0,0.133
tau Cet h,48.81753612756621,119000000.0,183000000.0,0.243
