nome_planeta,similaridade_terra,pl_rade,pl_bmasse,pl_orbsmax
11 Com b,41.02789005987523,1220000000.0,491489848585.0,11780000000.0
11 UMi b,43.79880503976659,1230000000.0,468481420000.0,15300000000.0
14 And b,64.5215471635982,1310000000.0,113115130051.0,0.775
14 Her b,41.99768000834728,1260000000.0,255947216157.0,27740000000.0
16 Cyg B b,57.50734021480633,1350000000.0,56573740000.0,16600000000.0
17 Sco b,60.505951050123144,1290000000.0,137301871824.0,14500000000.0
18 Del b,46.5540392164504,1250000000.0,292624614325.0,24760000000.0
24 Boo b,70.89912222172772,1390000000.0,28064248338.0,0.194
24 Sex b,65.89471746607978,1340000000.0,63246000000.0,13330000000.0
24 Sex c,63.19621302558231,1390000000.0,27332000000.0,20800000000.0
2MASS J19383260+4603591 b,62.525837308571106,1340000000.0,60387700000.0,0.92
30 Ari B b,41.02196210399001,1230000000.0,439241060000.0,0.99
4 UMa b,43.82413299814885,1260000000.0,251148007211.0,0.877
51 Eri b,44.88555981001755,1340000000.0,63566000000.0,132000000000.0
51 Peg b,71.63324266913277,1430000000.0,14620180000.0,0.0527
55 Cnc b,71.02378361463188,1390000000.0,26397850000.0,0.1134
55 Cnc c,83.18223981352723,851000000.0,5447380000.0,0.2373
55 Cnc d,55.03571259268771,1300000000.0,123249300000.0,59570000000.0
55 Cnc e,95.68797685559336,187500000.0,799000000.0,0.01544
55 Cnc f,83.93673627915516,759000000.0,4481200000.0,0.7708
6 Lyn b,66.45717037282454,1340000000.0,59783523357.0,20280000000.0
61 Vir b,93.78752179939195,211000000.0,510000000.0,0.050201
61 Vir c,88.81433602090475,446000000.0,1820000000.0,0.2175
61 Vir d,83.09063584173671,511000000.0,2290000000.0,0.476
7 CMa b,66.46755774623759,1340000000.0,58798550000.0,17580000000.0
7 CMa c,67.53593650566923,1390000000.0,27651210000.0,21530000000.0
70 Vir b,46.188097685793046,1260000000.0,238045000000.0,0.481
75 Cet b,63.94451607311786,1330000000.0,78789662095.0,19120000000.0
75 Cet c,66.64608574830451,1390000000.0,28985950718.0,39290000000.0
8 UMi b,69.61580964124336,1360000000.0,41635730000.0,0.49
81 Cet b,62.859535183388246,1310000000.0,105105854195.0,21040000000.0
91 Aqr b,65.71095631956351,1310000000.0,101700000000.0,0.7
AF Lep b,51.750675349954896,1310000000.0,101705090240.0,84000000000.0
AU Mic b,92.1283500823181,395677019.0,2012000000.0,0.0649
AU Mic c,94.87722742586736,252202066.0,960000000.0,0.1108
BD+03 2562 b,51.9799528554862,1270000000.0,203411200000.0,13000000000.0
BD+14 4559 b,65.14792520642868,1380000000.0,33054320000.0,0.78
BD+15 2375 b,70.55254965169146,1380000000.0,33721763000.0,0.576
BD+15 2940 b,65.77184044784457,1370000000.0,35278000000.0,0.539
BD+20 2457 b,42.78341384092255,1210000000.0,680763000000.0,14500000000.0
BD+20 2457 c,40.96249794280299,1240000000.0,396317000000.0,20100000000.0
BD+20 274 b,57.65259689049976,1300000000.0,133488600000.0,13000000000.0
BD+20 594 b,94.58243420666852,257807000.0,2224810000.0,0.241
BD+45 564 b,68.18935941540151,1360000000.0,43224663352.0,0.83
BD+48 738 b,66.15362168161232,1390000000.0,28922530000.0,10000000000.0
BD+49 828 b,58.1333444487774,1350000000.0,50850000000.0,42000000000.0
BD+55 362 b,66.13401815619862,1400000000.0,22883645304.0,0.78
BD+63 1405 b,34.35020031684717,1240000000.0,330541543280.0,20600000000.0
BD-06 1339 b,94.19837991763441,285000000.0,850000000.0,0.0428
BD-06 1339 c,77.50075409515875,838000000.0,5300000000.0,0.435
BD-10 3166 b,71.63719012194599,1410000000.0,18751970000.0,0.04
BD-11 4672 b,68.19221201564544,1410000000.0,20658950000.0,23600000000.0
BD-11 4672 c,84.11735885448492,404000000.0,1537000000.0,0.3
BD-13 2130 b,41.82912184245308,1250000000.0,310837740000.0,16600000000.0
BD-17 63 b,49.265829643892715,1280000000.0,163999458012.0,13400000000.0
BD-210397 b,66.94830171326424,1400000000.0,21400000000.0,26300000000.0
BD-210397 c,46.19671710703632,1290000000.0,152557635360.0,59000000000.0
Barnard b,99.71787602423805,0.72,0.299,0.0229
Barnard c,98.65764378331555,0.743,0.335,0.0274
Barnard d,99.50586514565376,0.694,0.263,0.0188
Barnard e,99.50570991935923,0.637,0.193,0.0381
CI Tau c,54.949473506145964,1300000000.0,114418226520.0,0.17
CoRoT-1 b,66.62469213098446,1670000000.0,32735000000.0,0.02752
CoRoT-10 b,61.45600546044155,1087000000.0,87400000000.0,0.1055
CoRoT-11 b,62.81154147459934,1603000000.0,74051000000.0,0.0436
CoRoT-12 b,66.18001636926392,1614000000.0,29143800000.0,0.04016
CoRoT-13 b,77.12153070953175,992000000.0,41570400000.0,0.051
CoRoT-14 b,54.33338886298677,1222000000.0,241540000000.0,0.027
CoRoT-16 b,67.0902892610135,1311000000.0,17003200000.0,0.0618
CoRoT-17 b,70.98597851968063,1143000000.0,77229000000.0,0.0461
CoRoT-19 b,68.86128298627277,1446000000.0,35278000000.0,0.0518
CoRoT-2 b,59.7710041564523,1643200000.0,110282000000.0,0.02798
CoRoT-20 b,59.64917618963476,941556000.0,136666900000.0,0.09
CoRoT-20 c,33.79351079154531,1220000000.0,540311000000.0,29000000000.0
CoRoT-22 b,89.41534680879383,488000000.0,1220000000.0,0.092
CoRoT-23 b,66.57562269107564,1177000000.0,88990000000.0,0.048
CoRoT-24 c,89.96788867920169,500000000.0,2800000000.0,0.098
CoRoT-25 b,76.04053016122589,1211000000.0,8581000000.0,0.0578
CoRoT-26 b,71.52079223023466,1412000000.0,16526000000.0,0.0526
CoRoT-28 b,77.77193388935453,1070459500.0,15382972000.0,0.0603
CoRoT-29 b,77.11767019569945,1008810000.0,27015550000.0,0.0386
CoRoT-3 b,48.32073091326777,1132000000.0,688391000000.0,0.05783
CoRoT-35 b,66.41918003207621,1883108758.0,34961124770.0,0.0429
CoRoT-4 b,72.40331283891088,1334000000.0,22883000000.0,0.09
CoRoT-5 b,67.76711735063729,1555800000.0,14842000000.0,0.04947
CoRoT-7 b,96.44088439438517,168135000.0,407660518.0,0.017016
CoRoT-7 c,94.2369856975028,283000000.0,840000000.0,0.046
CoRoT-8 b,86.96266947834158,639000000.0,6992000000.0,0.063
CoRoT-9 b,72.5570992789384,1194879400.0,26697720000.0,0.4021
DE CVn b,39.867100226843405,1240000000.0,382327330161.0,57500000000.0
DENIS-P J082303.1-491201 b,40.61240963918818,1190000000.0,905777000000.0,0.36
DMPP-2 b,70.47932572126561,1430000000.0,13889171000.0,0.0664
DMPP-3 A b,94.70529774251996,141000000.0,258000000.0,0.0662
DP Leo b,40.44170222208147,1270000000.0,199588832000.0,81900000000.0
EPIC 201595106 b,96.62690477371125,156500000.0,767000000.0,0.0177
EPIC 211945201 b,88.54513027156322,576000000.0,2700000000.0,0.1493
EPIC 212737443 b,91.17478710925727,258600000.0,720000000.0,0.098
EPIC 212737443 c,90.97242068345074,269000000.0,770000000.0,0.28
EPIC 220674823 b,96.4165992991477,167600000.0,780000000.0,0.01314
EPIC 220674823 c,91.33131360172845,284000000.0,732000000.0,0.1073
EPIC 249893012 b,95.32750864511488,195000000.0,875000000.0,0.047
EPIC 249893012 c,91.82021198155877,367000000.0,1467000000.0,0.13
EPIC 249893012 d,89.65598833277357,394000000.0,1018000000.0,0.22
G 192-15 b,97.71479588441153,102000000.0,103000000.0,0.01723
G 192-15 c,81.29382773434924,387000000.0,1430000000.0,11370000000.0
G 261-6 b,97.56083901365588,110000000.0,137000000.0,0.02971
G 268-110 b,97.50308148183561,113000000.0,152000000.0,0.01283
G 9-40 b,96.02948810218477,190000000.0,400000000.0,0.0418
GJ 1132 b,97.63447175892725,119151465.0,183704819.0,0.0157
GJ 1148 b,68.98504931774536,1190000000.0,9670000000.0,0.166
GJ 1148 c,74.16338749566901,971000000.0,6806000000.0,0.912
GJ 1214 b,94.55116468153308,273300000.0,841000000.0,0.01505
GJ 1265 b,94.48303733350625,263000000.0,740000000.0,0.026
GJ 1289 b,95.10055704823846,238000000.0,627000000.0,0.27
GJ 143 b,91.24019477751294,261000000.0,2270000000.0,0.1915
GJ 15 A b,95.41262167458915,155000000.0,303000000.0,0.072
GJ 15 A c,75.57073458538603,667000000.0,3600000000.0,54000000000.0
GJ 160.2 b,93.01578979740307,317000000.0,1020000000.0,0.053
GJ 163 b,92.58562002086886,325000000.0,1060000000.0,0.0607
GJ 163 c,93.48166412875563,250000000.0,680000000.0,0.1254
GJ 163 d,79.87566447796515,592000000.0,2940000000.0,10304000000.0
GJ 179 b,64.40711729267812,1380000000.0,30193698665.0,24100000000.0
GJ 180 b,94.23160829909668,243000000.0,649000000.0,0.092
GJ 180 c,93.84578249575026,241000000.0,640000000.0,0.129
GJ 180 d,92.30102749378906,266000000.0,756000000.0,0.309
GJ 2030 b,91.41809141359975,203000000.0,476742611.0,0.034
GJ 2030 c,27.122320942573218,1230000000.0,406915709482.0,167610000000.0
GJ 2056 b,81.99242728212596,417000000.0,1620000000.0,0.283
GJ 2126 b,60.556966235708174,1360000000.0,41317692910.0,0.71
GJ 229 A c,87.10334921589443,287000000.0,858136699.0,0.384
GJ 229 b,82.96548273955048,397000000.0,1493793513.0,10860000000.0
GJ 251 b,94.74887315829206,183000000.0,400000000.0,0.0818
GJ 27.1 b,91.6424164601919,366000000.0,1300000000.0,0.101
GJ 273 b,95.36178900717911,151000000.0,289000000.0,0.091101
GJ 273 c,94.74151075881075,106000000.0,118000000.0,0.036467
GJ 3021 b,55.43229892709736,1310000000.0,107104000000.0,0.49
GJ 3082 b,90.35723481240589,279000000.0,820000000.0,0.079
GJ 3138 b,94.08595750707936,118000000.0,178000000.0,0.0197
GJ 3138 c,94.44127217253677,188000000.0,418000000.0,0.057
GJ 3138 d,87.37804921353933,323000000.0,1050000000.0,0.698
GJ 317 c,60.55045729288164,1350000000.0,52250000000.0,52300000000.0
GJ 3222 b,83.4889866431169,340000000.0,1144182265.0,0.091
GJ 328 b,58.50522381782758,1330000000.0,79774930157.0,41100000000.0
GJ 3293 b,89.08643171515003,519000000.0,2354000000.0,0.14339
GJ 3293 c,88.64842514572821,487000000.0,2109000000.0,0.36175
GJ 3293 d,92.70795163715924,267000000.0,760000000.0,0.19394
GJ 3293 e,92.79988422316893,163000000.0,328000000.0,0.08208
GJ 3323 b,93.14124615155477,123000000.0,202000000.0,0.03282
GJ 3323 c,94.2400209122156,132000000.0,231000000.0,0.1264
GJ 3341 b,89.0852308631516,246000000.0,660000000.0,0.089
GJ 3470 b,91.25611031396771,457000000.0,1390000000.0,0.0355
GJ 3473 b,97.24751796759949,126400000.0,186000000.0,0.01589
GJ 3473 c,94.62247275575415,263000000.0,741000000.0,0.0876
GJ 3512 b,62.729029549017326,1430000000.0,14620106722.0,0.337
GJ 3512 c,80.35574980994589,932000000.0,6356568140.0,12920000000.0
GJ 3634 b,93.24891829065518,283000000.0,840000000.0,0.0287
GJ 367 b,99.0818685206287,0.699,0.633,0.00709
GJ 3779 b,93.61534301528425,275000000.0,800000000.0,0.026
GJ 3929 b,97.57627042374794,109000000.0,175000000.0,0.0252
GJ 3929 c,95.33519775706492,226000000.0,571000000.0,0.081
GJ 3942 b,92.88083141549815,257000000.0,714000000.0,0.0608
GJ 3988 b,96.33372045329891,174000000.0,369000000.0,0.0405
GJ 3998 b,97.00419687474675,139000000.0,250000000.0,0.03
GJ 3998 c,94.87287936642686,250000000.0,682000000.0,0.09
GJ 3998 d,95.18022491380844,234000000.0,607000000.0,0.189
GJ 414 A b,85.78590414068546,263000000.0,760000000.0,0.2324
GJ 414 A c,80.25247780899579,840000000.0,5383000000.0,14000000000.0
GJ 422 b,91.64562331641258,333000000.0,1107000000.0,0.111
GJ 4276 b,84.40545953140901,422000000.0,1657000000.0,0.082
GJ 433 b,95.06058050342226,233000000.0,604300000.0,0.062
GJ 433 c,80.26031917552793,627000000.0,3242200000.0,48190000000.0
GJ 433 d,94.7889459114489,214000000.0,522300000.0,0.178
GJ 436 b,89.36258584917962,417000000.0,2210000000.0,0.0291
GJ 463 b,59.42236653599574,1300000000.0,114418226520.0,35300000000.0
GJ 480 b,91.16019699559546,369000000.0,1320000000.0,0.068
GJ 486 b,97.21024951260735,128900000.0,277000000.0,0.01714
GJ 514 b,86.74680879768724,213000000.0,520000000.0,0.422
GJ 581 b,90.41597467592496,479000000.0,2050000000.0,0.0399
GJ 581 c,94.90268563905671,250000000.0,681000000.0,0.0718
GJ 581 e,97.2776497643941,138000000.0,248000000.0,0.02799
GJ 649 b,76.25733998290501,1080000000.0,8199972901.0,11120000000.0
GJ 667 C c,96.55957534053026,177000000.0,380000000.0,0.125
GJ 667 C e,97.1713513063325,145000000.0,270000000.0,0.213
GJ 667 C f,96.96013084534101,145000000.0,270000000.0,0.156
GJ 667 C g,94.85746330139698,199000000.0,460000000.0,0.549
GJ 674 b,89.73762697653598,333000000.0,1109000000.0,0.039
GJ 676 A b,50.557035217097685,1280000000.0,184086213334.0,17350000000.0
GJ 676 A c,29.823125996769758,1230000000.0,428814086724.0,97260000000.0
GJ 676 A d,92.89439308940638,178000000.0,381394088.0,0.039
GJ 676 A e,92.41518117644956,247000000.0,667439655.0,0.181
GJ 680 b,27.996573842012864,1200000000.0,797749301570.0,101380000000.0
GJ 682 b,94.98076288450784,193000000.0,440000000.0,0.08
GJ 682 c,92.70711098607302,289000000.0,870000000.0,0.176
GJ 685 b,94.00466599485095,295000000.0,900000000.0,0.1344
GJ 687 b,88.45117896231227,432000000.0,1720000000.0,0.163
GJ 687 c,82.62881125888116,414000000.0,1600000000.0,11650000000.0
GJ 724 b,83.74046648908597,327000000.0,1075000000.0,0.04685
GJ 832 b,66.21949672592936,1380000000.0,31465012293.0,37000000000.0
GJ 849 b,68.33485679021862,1390000000.0,28382076745.0,23200000000.0
GJ 849 c,63.889472865664445,1380000000.0,31465012293.0,49500000000.0
GJ 86 b,62.23878909139389,1290000000.0,140480860000.0,0.11
GJ 876 b,67.93522733558615,1330000000.0,72322350000.0,0.208317
GJ 876 c,66.4581829385546,1400000000.0,22698460000.0,0.12959
GJ 876 d,91.17335724660717,251000000.0,683000000.0,0.02080665
GJ 876 e,91.66412527679562,392000000.0,1460000000.0,0.3343
GJ 887 b,96.06519491427291,188000000.0,420000000.0,0.068
GJ 896 A b,61.23848256868255,1330000000.0,71829219982.0,0.63965
GJ 9066 c,71.87226217554837,960000000.0,6674396547.0,0.88
GJ 9404 b,83.33395275423615,348000000.0,1190000000.0,0.0943
GJ 96 b,82.04280066932547,467000000.0,1966000000.0,0.291
GJ 9689 b,88.33187853711485,307000000.0,965000000.0,0.1139
GJ 9714 b,31.816063913657192,1250000000.0,298854051102.0,123190000000.0
GJ 9827 b,96.89362817047152,144000000.0,428000000.0,0.0189
GJ 9827 c,97.49986540889465,113000000.0,186000000.0,0.0395
GJ 9827 d,95.88780973929855,198000000.0,302000000.0,0.053
GPX-1 b,39.645832305702484,1647720163.0,626121961790.0,0.0338
Gl 378 b,91.02774036617886,366000000.0,1302000000.0,0.039435
Gl 49 b,88.38482949106599,224000000.0,563000000.0,0.0905
Gl 686 b,94.59799231392788,246000000.0,662400000.0,0.091
HAT-P-1 b,70.25387901504752,1478467100.0,16686075000.0,0.05561
HAT-P-11 b,86.587491164396,436000000.0,2500000000.0,0.05258
HAT-P-11 c,52.67952364090396,1320000000.0,85178013076.0,41000000000.0
HAT-P-12 b,78.77754280634878,1074900000.0,6705900000.0,0.0384
HAT-P-13 b,70.57196051424114,1425800000.0,27046200000.0,0.04383
HAT-P-13 c,35.44030135611093,1230000000.0,453842100000.0,12580000000.0
HAT-P-14 b,57.94641060857582,1591678000.0,109333520000.0,0.0596
HAT-P-15 b,68.25153137631517,1188154000.0,61659020000.0,0.0965
HAT-P-16 b,60.07426142824416,1444800000.0,133260500000.0,0.0413
HAT-P-17 b,69.05934618989687,1176945000.0,18434140000.0,0.0882
HAT-P-17 c,51.1253633161729,1310000000.0,108060000000.0,56000000000.0
HAT-P-18 b,76.98453238385615,1115300000.0,6261000000.0,0.0559
HAT-P-19 b,76.77237326662333,1129865255.0,8803846874.0,0.04599
HAT-P-2 b,43.4604540367722,1065975900.0,286681223114.0,0.06814
HAT-P-20 b,60.40303933188687,971800000.0,230289900000.0,0.0361
HAT-P-21 b,57.753283386308944,1244199000.0,154783210000.0,0.0494
HAT-P-22 b,68.40140063611895,1289035000.0,78504010000.0,0.0414
HAT-P-23 b,63.089401946354755,1533400000.0,66423700000.0,0.0232
HAT-P-24 b,69.21906581802688,1457170000.0,23837250000.0,0.04651
HAT-P-25 b,74.23069112681108,1272221500.0,18084527000.0,0.0466
HAT-P-26 b,84.30112994338279,706167000.0,2224810000.0,0.0479
HAT-P-28 b,71.84453138410875,1358500000.0,19895300000.0,0.0434
HAT-P-29 b,71.15864361879622,1311453000.0,27969040000.0,0.0667
HAT-P-3 b,77.8902021176597,1053646000.0,20658950000.0,0.03866
HAT-P-30 b,67.07122002626592,1614096000.0,26379890000.0,0.0419
HAT-P-31 b,65.37803843156034,1221781000.0,72147410000.0,0.061
HAT-P-32 b,64.98796518815541,2219382000.0,21612440000.0,0.03397
HAT-P-33 b,66.94714687315462,2073665000.0,29240360000.0,0.04995
HAT-P-34 b,56.15021522576319,1341717300.0,105837390000.0,0.06774
HAT-P-37 b,70.82114773580447,1320400000.0,37152800000.0,0.0379
HAT-P-38 b,80.7302999622915,924700000.0,8485700000.0,0.0523
HAT-P-39 b,67.88880507551222,1760900000.0,19037200000.0,0.0509
HAT-P-4 b,70.77646810203078,1428000000.0,21325500000.0,0.04438
HAT-P-40 b,68.2377586424767,1703768000.0,15255840000.0,0.0608
HAT-P-41 b,66.15518681845087,2297845000.0,37821770000.0,0.04258
HAT-P-42 b,69.5542375458557,1434800000.0,33180100000.0,0.0575
HAT-P-44 b,72.16175903295063,1392200000.0,11187100000.0,0.0507
HAT-P-44 c,51.83454961735309,1300000000.0,127130000000.0,17520000000.0
HAT-P-45 b,66.69862340430662,1598400000.0,28349200000.0,0.0452
HAT-P-46 b,69.18765398137049,1439200000.0,15668400000.0,0.0577
HAT-P-49 b,63.19256665146052,1782231000.0,69922600000.0,0.04378
HAT-P-5 b,71.2209262962142,1356289000.0,31147340000.0,0.04073
HAT-P-57 b,65.50987166632608,1950366000.0,44814030000.0,0.0406
HAT-P-6 b,65.77381856431302,1658932000.0,41953560000.0,0.05239
HAT-P-67 b,68.64840642459734,2337076500.0,10806220000.0,0.06505
HAT-P-69 b,59.144556125886815,1878628400.0,113783140000.0,0.06555
HAT-P-70 b,49.758108582455165,2096083000.0,215488740000.0,0.04739
HAT-P-8 b,66.32890758065413,1569260000.0,40682240000.0,0.04496
HAT-P-9 b,66.96134427822166,1561413700.0,23805467000.0,0.05287
HATS-1 b,64.87580001227207,1459400000.0,58955000000.0,0.0444
HATS-17 b,79.40681942901473,870939300.0,42525654000.0,0.1308
HATS-2 b,71.93525558002598,1257647635.0,43542491759.0,0.02317
HATS-22 b,70.51815978552767,1068217700.0,87085420000.0,0.05025
HATS-24 b,63.55992645171915,1563655500.0,71829580000.0,0.0238
HATS-3 b,67.34257989846647,1548000000.0,34038200000.0,0.0485
HATS-36 b,64.35494194978399,1292000000.0,102214128000.0,0.0523
HATS-4 b,74.50299818435529,1143300000.0,42047100000.0,0.0362
HATS-41 b,35.75940931806689,1490797000.0,308295100000.0,0.0583
HATS-43 b,71.00330783065777,1322662000.0,8295363000.0,0.04944
HATS-5 b,79.99745301467087,1022300000.0,7532300000.0,0.0542
HATS-54 b,76.00444100696998,1137711541.0,23932479047.0,0.037
HATS-59 b,71.47786318803294,1262133400.0,25617098000.0,0.06112
HATS-6 b,77.63638261369347,1118658200.0,10138777000.0,0.03623
HATS-71 b,76.93775477995128,1147801600.0,11759710000.0,0.03745
HD 100655 b,68.28582379433489,1350000000.0,51170630000.0,0.68
HD 100777 b,61.7099063241165,1370000000.0,39092894061.0,10600000000.0
HD 101930 b,77.31721088031262,1060000000.0,7945750000.0,0.3
HD 102117 b,81.35415478280183,847000000.0,5403110000.0,0.15
HD 102195 b,71.69264319056141,1420000000.0,13031030000.0,0.05
HD 102272 b,60.497494491124954,1290000000.0,157008020000.0,0.51
HD 102329 b,46.226726578603305,1260000000.0,259349280000.0,18100000000.0
HD 102365 b,85.19370839691965,414000000.0,1600000000.0,0.46
HD 102843 b,67.73745469322003,1310000000.0,11390000000.0,40740000000.0
HD 102888 b,56.063563767447626,1280000000.0,180844363583.0,10500000000.0
HD 102956 b,70.75645087962658,1380000000.0,30511680000.0,0.0807
HD 103197 b,88.39745157488589,583000000.0,2860470000.0,0.25
HD 103720 b,70.14977181887264,1410000000.0,19704600000.0,0.0498
HD 103774 b,72.31995928584084,1330000000.0,11600000000.0,0.07
HD 103891 b,56.80102739388813,1320000000.0,91852409623.0,32700000000.0
HD 103949 b,89.90687494378393,335000000.0,1120000000.0,0.439
HD 104067 c,87.13129170312885,369000000.0,1320000000.0,0.1058
HD 10442 b,65.34340923839858,1360000000.0,47261321000.0,20100000000.0
HD 104985 b,58.931322560646336,1280000000.0,176680811451.0,0.715
HD 105618 b,80.22322615228634,544000000.0,2542627256.0,0.091
HD 105618 c,22.54368609980451,1190000000.0,841959232984.0,357310000000.0
HD 105779 b,67.43302208647904,1410000000.0,20341018048.0,33800000000.0
HD 106252 b,34.393379684722504,1250000000.0,317828407000.0,26100000000.0
HD 106270 b,39.36045555547356,1240000000.0,362324383980.0,33400000000.0
HD 106315 b,93.66895650977285,244000000.0,1260000000.0,0.0907
HD 106315 c,87.35352698837244,435000000.0,1520000000.0,0.1536
HD 10647 b,66.18563792652111,1380000000.0,29875000000.0,20150000000.0
HD 106515 A b,33.50584481481538,1250000000.0,302509077783.0,44910000000.0
HD 10697 b,54.91394051123502,1280000000.0,182528854140.0,20510000000.0
HD 107148 b,80.59143604738462,960000000.0,6674100000.0,0.269
HD 107148 c,84.10646542078499,470000000.0,1989605828.0,0.1407
HD 108147 b,68.70025890134671,1090000000.0,8295000000.0,0.102
HD 108202 b,52.37884727787567,1310000000.0,95348522100.0,37000000000.0
HD 108236 b,96.32749808581171,161500000.0,324000000.0,0.04527
HD 108236 c,95.68593842928709,207100000.0,494000000.0,0.062
HD 108236 d,94.33991177092715,253900000.0,698000000.0,0.1074
HD 108236 e,93.2261071057423,308300000.0,971000000.0,0.1367
HD 108236 f,95.42840509828592,201700000.0,472000000.0,0.1758
HD 108341 b,56.12281136380791,1330000000.0,71511391575.0,20000000000.0
HD 108863 b,66.08373548641808,1330000000.0,76724162000.0,13200000000.0
HD 108874 b,66.6633568484405,1360000000.0,45131860000.0,10400000000.0
HD 108874 c,63.42667636268657,1380000000.0,31464000000.0,26590000000.0
HD 109246 b,69.09928758939748,1390000000.0,27333380000.0,0.33
HD 109271 b,86.77511995489091,431000000.0,1716200000.0,0.079
HD 109271 c,87.02169013692271,527000000.0,2415400000.0,0.196
HD 109286 b,58.15783566972065,1320000000.0,95030693693.0,12590000000.0
HD 109749 b,77.94315234152367,1110000000.0,8581410000.0,0.0615
HD 10975 b,62.713127555875396,1430000000.0,14302278315.0,0.95
HD 109988 b,32.10760110881417,1210000000.0,693533366915.0,125180000000.0
HD 110014 b,34.83358674780775,1240000000.0,352459000000.0,21400000000.0
HD 110082 b,89.98962284400235,320000000.0,1030000000.0,0.113
HD 110113 b,94.47819390478438,205000000.0,455000000.0,0.035
HD 110113 c,95.32064306903774,211384817.0,1050000000.0,0.068
HD 110537 b,20.331242664711493,1190000000.0,861283200129.0,167140000000.0
HD 11112 b,31.38291166038591,1260000000.0,259856505563.0,133800000000.0
HD 111232 b,46.33138152549966,1260000000.0,253150326176.0,21480000000.0
HD 111232 c,17.25919844638985,1220000000.0,574093451564.0,172500000000.0
HD 111591 b,54.867762600749124,1290000000.0,139845200000.0,25000000000.0
HD 111998 b,57.10355937898531,1290000000.0,152557635360.0,19100000000.0
HD 112300 b,38.27007761723304,1220000000.0,503122368281.0,13300000000.0
HD 112570 b,57.055171237158696,1310000000.0,108697315194.0,39000000000.0
HD 112640 b,54.420500553690665,1290000000.0,158915000000.0,17000000000.0
HD 113337 b,59.05276844630082,1310000000.0,103580277841.0,10220000000.0
HD 113337 c,36.464759310981684,1210000000.0,629967685515.0,68050000000.0
HD 11343 c,68.21891418799855,1390000000.0,25553403923.0,0.923
HD 113538 b,70.08648691551346,1320000000.0,11441000000.0,12400000000.0
HD 113538 c,64.6617659377698,1380000000.0,29557000000.0,24400000000.0
HD 113996 b,50.24506544866514,1270000000.0,200232900000.0,16000000000.0
HD 114082 b,47.39261706067179,1120898070.0,254262725600.0,0.5109
HD 114386 b,64.40377373690694,1370000000.0,36232620000.0,17300000000.0
HD 114729 b,67.77854637471343,1390000000.0,26220975000.0,20670000000.0
HD 114783 b,66.98243992934515,1370000000.0,34960000000.0,11600000000.0
HD 114783 c,62.86753231027812,1340000000.0,60387397330.0,50000000000.0
HD 11505 b,29.241711574836607,1260000000.0,251052658689.0,202470000000.0
HD 11506 b,50.49665134583644,1290000000.0,155100262616.0,28850000000.0
HD 11506 c,67.96470212653996,1400000000.0,12713136280.0,0.771
HD 11506 d,20.238122110846195,1230000000.0,406820360960.0,182000000000.0
HD 115404 A b,83.677334172587,609000000.0,3082935548.0,0.088
HD 115404 A c,29.390716568417485,1250000000.0,327967133183.0,113640000000.0
HD 115954 b,35.91854050740556,1260000000.0,268565003915.0,50000000000.0
HD 116029 b,68.09494649567614,1360000000.0,44496200000.0,16500000000.0
HD 117207 b,61.379183274763754,1340000000.0,66934662514.0,37870000000.0
HD 11755 b,54.49310149904549,1280000000.0,178938290000.0,10900000000.0
HD 117618 b,80.4800666603717,859000000.0,5530242000.0,0.18
HD 118203 b,63.35503162177693,1277823800.0,68015279098.0,0.0713
HD 118203 c,34.44846613951117,1240000000.0,374719691853.0,62800000000.0
HD 11964 b,67.57835477275333,1410000000.0,19800000000.0,31600000000.0
HD 11964 c,83.62582013724517,538000000.0,2500000000.0,0.229
HD 11977 b,46.62009002476912,1270000000.0,208000000000.0,19300000000.0
HD 120084 b,42.74523797790133,1270000000.0,203410180480.0,42100000000.0
HD 121504 b,69.66633203318968,1360000000.0,47992330000.0,0.33
HD 12235 b,86.1996779787384,323000000.0,1048833743.0,0.054
HD 12235 c,22.89481631104429,1250000000.0,313569506346.0,222100000000.0
HD 122562 c,75.81521848784101,1010000000.0,7310053361.0,0.406
HD 124330 b,64.56156386439538,1400000000.0,23837130525.0,0.86
HD 125271 b,31.16611331991111,1240000000.0,346560094993.0,108170000000.0
HD 125390 b,33.70537480220454,1190000000.0,864620398403.0,34960000000.0
HD 125612 b,55.81520194538398,1320000000.0,94522168242.0,13490000000.0
HD 125612 c,89.38363047653576,407000000.0,1557359194.0,0.051
HD 125612 d,48.49099148343936,1270000000.0,228137230545.0,39820000000.0
HD 12648 b,68.50860053910762,1340000000.0,62294680000.0,0.54
HD 126525 b,77.47477957274846,1030000000.0,7532571000.0,18370000000.0
HD 12661 b,60.104436743103236,1330000000.0,77232690000.0,0.84
HD 12661 c,66.00693308528014,1340000000.0,57588400000.0,28145000000.0
HD 126614 b,62.5823520603431,1270000000.0,10774382997.0,22490000000.0
HD 127506 b,84.32922825545525,567000000.0,2733324300.0,0.287
HD 128311 b,62.10965779170726,1350000000.0,56224127000.0,10840000000.0
HD 128311 c,59.447319065335435,1300000000.0,120425787000.0,17400000000.0
HD 128356 b,61.193544629407114,1390000000.0,28286870000.0,0.87
HD 129445 b,54.35295554263624,1330000000.0,79774930157.0,29000000000.0
HD 130322 b,70.55712658766572,1370000000.0,36549000000.0,0.0925
HD 131496 b,63.767872798634976,1340000000.0,57209400000.0,20100000000.0
HD 13167 b,51.04629097981614,1310000000.0,105201730000.0,41000000000.0
HD 13189 b,39.88879086589613,1240000000.0,348023850000.0,12500000000.0
HD 132406 b,51.32369192061486,1280000000.0,188790073758.0,19800000000.0
HD 132563 b,62.78513004583311,1360000000.0,47354700000.0,26200000000.0
HD 133131 A b,61.97708764571001,1360000000.0,45131860000.0,14400000000.0
HD 133131 A c,56.8036071624094,1430000000.0,13348860000.0,44900000000.0
HD 133131 B b,50.69708008071208,1330000000.0,79457500000.0,61500000000.0
HD 134060 b,84.76607597478812,316000000.0,1010000000.0,0.0444
HD 134060 c,83.96119035026375,591000000.0,2929000000.0,23928000000.0
HD 134606 b,92.7240325536878,297000000.0,909000000.0,0.1046
HD 134606 c,92.73290524342684,337000000.0,1131000000.0,0.3007
HD 134606 d,81.53936802117764,759000000.0,4480000000.0,19410000000.0
HD 134606 e,93.58606495026396,133000000.0,234000000.0,0.0527
HD 134606 f,94.36388525767222,224000000.0,563000000.0,0.1784
HD 134987 b,65.31371920453871,1350000000.0,51170630000.0,0.81
HD 134987 c,62.71912974905914,1390000000.0,26000000000.0,58000000000.0
HD 135625 b,59.12415510721381,1330000000.0,73100533610.0,54000000000.0
HD 135694 b,94.2069177054897,285700000.0,610000000.0,0.124695
HD 135872 b,52.02470457878241,1280000000.0,174456012602.0,41720000000.0
HD 136118 b,37.30755052079429,1230000000.0,416418778851.0,23270000000.0
HD 136352 b,96.46722242647391,166400000.0,472000000.0,0.0964
HD 136352 c,94.04792207412662,291600000.0,1124000000.0,0.1721
HD 136352 d,94.7343234566226,256200000.0,882000000.0,0.425
HD 136418 b,62.29679150893158,1330000000.0,68015620000.0,12900000000.0
HD 136925 b,63.762578846427736,1390000000.0,26697586188.0,51300000000.0
HD 13724 c,74.11588692402546,818000000.0,5085254512.0,0.534
HD 137388 b,74.56503582862958,932000000.0,6356600000.0,0.89
HD 137496 b,97.14072716826473,131000000.0,404000000.0,0.02732
HD 137496 c,42.690417304591705,1260000000.0,243456559762.0,12163000000.0
HD 13808 b,92.43391114271562,335000000.0,1120000000.0,0.10519
HD 13808 c,91.05606599778163,313000000.0,996000000.0,0.2554
HD 13908 b,71.20686176758939,1390000000.0,27491000000.0,0.154
HD 13908 c,56.40133524071173,1280000000.0,163040000000.0,20300000000.0
HD 13931 b,61.08151506086486,1320000000.0,88991953960.0,51500000000.0
HD 139357 b,42.2027525289333,1210000000.0,631556827550.0,29490000000.0
HD 1397 b,72.14927019908802,1150043400.0,13189945000.0,0.1097
HD 14067 b,31.300498949849153,1220000000.0,486277462710.0,51500000000.0
HD 140901 b,82.53457954097924,407000000.0,1557359194.0,0.085
HD 140901 c,46.09245312737255,1340000000.0,57209113260.0,118000000000.0
HD 141004 b,89.73302976342683,377000000.0,1363483866.0,0.1238
HD 141937 b,38.02907942231973,1250000000.0,307977270000.0,15000000000.0
HD 142 A d,76.29731147271642,1090000000.0,8263538582.0,0.474
HD 142 b,51.10673979485697,1270000000.0,225658168970.0,10390000000.0
HD 142 c,30.05639832658642,1240000000.0,346464746471.0,98110000000.0
HD 142022 A b,49.2041017856981,1290000000.0,143340611557.0,29300000000.0
HD 142245 b,62.88297739931716,1310000000.0,97573810000.0,27800000000.0
HD 142415 b,58.499291072457815,1350000000.0,53077610000.0,10600000000.0
HD 143361 b,56.909664119020164,1290000000.0,138255357045.0,19880000000.0
HD 144899 b,80.82495042493383,477000000.0,2034101805.0,0.242
HD 145377 b,52.005731810291216,1280000000.0,191333660000.0,0.45
HD 145457 b,64.93206504762733,1320000000.0,88801256916.0,0.762
HD 145675 c,39.412690479997536,1290000000.0,159708774518.0,119240000000.0
HD 145934 b,61.945809751565506,1340000000.0,65854045930.0,48900000000.0
HD 147379 b,89.50970768376305,494000000.0,2160000000.0,0.3193
HD 147513 b,64.02024724961778,1370000000.0,38500000000.0,13200000000.0
HD 14787 b,66.09175371447701,1370000000.0,35628743000.0,17000000000.0
HD 147873 b,56.77058636634742,1280000000.0,163364620000.0,0.522
HD 147873 c,62.17419670789773,1330000000.0,73100900000.0,13600000000.0
HD 148156 b,58.611726824571775,1390000000.0,27014400000.0,24500000000.0
HD 148164 b,60.57192298510399,1370000000.0,39093090000.0,0.993
HD 148164 c,51.56501182909995,1280000000.0,164000280000.0,61500000000.0
HD 148427 b,66.38145491613828,1360000000.0,41317900000.0,10400000000.0
HD 149026 b,82.90537196547051,829466000.0,12077540000.0,0.04364
HD 149143 b,70.47842744397778,1360000000.0,42271390000.0,0.053
HD 149806 b,25.494390499280495,1230000000.0,400368444298.0,124040000000.0
HD 150010 b,62.4708861624911,1330000000.0,76278817680.0,14000000000.0
HD 1502 b,65.37135496236044,1320000000.0,87403250000.0,12620000000.0
HD 150706 b,52.594454252931726,1330000000.0,77232302901.0,67000000000.0
HD 151450 b,76.57048625629565,694000000.0,3845723725.0,0.16
HD 151450 c,42.153802319626884,1280000000.0,163618063924.0,141310000000.0
HD 152079 b,52.65587824295706,1320000000.0,84574563000.0,41870000000.0
HD 152581 b,66.94456095737945,1340000000.0,59402427000.0,16600000000.0
HD 152843 b,90.85457547248511,341000000.0,1156000000.0,0.1053
HD 153557 b,89.80196854847419,477000000.0,2034101805.0,0.068
HD 153557 c,81.62461037347224,436000000.0,1748056238.0,0.111
HD 153557 d,23.278907778488453,1190000000.0,872566108578.0,214490000000.0
HD 153950 b,58.21052967070811,1320000000.0,93759850000.0,12800000000.0
HD 154345 b,65.49477971823579,1370000000.0,37821580433.0,42100000000.0
HD 154391 b,37.54975815790597,1250000000.0,289223850370.0,74600000000.0
HD 154672 b,50.129373278054466,1280000000.0,170674710000.0,0.6
HD 154857 b,56.936606249855764,1330000000.0,77868350000.0,12900000000.0
HD 154857 c,60.67679749449995,1320000000.0,81997000000.0,53600000000.0
HD 155193 b,66.18029566703042,1400000000.0,23837130525.0,10400000000.0
HD 155358 b,67.84169857359893,1380000000.0,31465170000.0,0.63
HD 155358 c,67.24047432274412,1390000000.0,26100000000.0,10200000000.0
HD 155918 b,91.14023357495984,267000000.0,762788177.0,0.03
HD 155918 c,42.41000281209499,1280000000.0,187804805696.0,131830000000.0
HD 156098 b,90.13403915067934,412000000.0,1589142035.0,0.167
HD 156098 c,43.15563082817905,1280000000.0,166160691180.0,84150000000.0
HD 156279 c,36.5159625189782,1250000000.0,309882696825.0,54860000000.0
HD 156411 b,65.06379264834574,1400000000.0,23518000000.0,18800000000.0
HD 156668 b,96.08465762019213,187000000.0,415000000.0,0.05
HD 156668 c,84.81112898596623,617000000.0,3149679513.0,15700000000.0
HD 156846 b,35.405570462205205,1240000000.0,339124610000.0,11200000000.0
HD 158038 b,62.630010197132115,1350000000.0,48627990000.0,15000000000.0
HD 158996 b,42.10587369754186,1230000000.0,444962000000.0,21000000000.0
HD 15906 b,93.74935007283096,224000000.0,565000000.0,0.09
HD 15906 c,93.90331810145479,293000000.0,891000000.0,0.141
HD 159243 b,70.80659191272552,1370000000.0,35913000000.0,0.11
HD 159243 c,67.93819602073093,1340000000.0,60390000000.0,0.8
HD 159868 b,65.71071340183377,1330000000.0,70494694000.0,23200000000.0
HD 159868 c,66.68757657583687,1400000000.0,24409344000.0,10320000000.0
HD 1605 b,67.954618008595,1380000000.0,29685322000.0,14920000000.0
HD 1605 c,59.1597223806215,1300000000.0,115054460000.0,35840000000.0
HD 160691 d,93.57993661546936,317000000.0,1017000000.0,0.09286
HD 161178 b,71.1772367645391,1410000000.0,18116219199.0,0.85
HD 16141 b,73.75399441815223,1090000000.0,8263580000.0,0.36
HD 16175 b,46.232239597417845,1280000000.0,187518760130.0,21200000000.0
HD 162020 b,42.005213960011375,1250000000.0,312744720000.0,0.08
HD 163607 b,61.513514574992925,1390000000.0,24905158800.0,0.362
HD 163607 c,64.49366902015214,1330000000.0,69954383000.0,23900000000.0
HD 16417 b,86.48956725356916,500000000.0,2210000000.0,0.14
HD 164509 b,67.05938990775357,1430000000.0,14079869000.0,0.87
HD 164595 b,90.50103459297232,416000000.0,1614000000.0,0.23
HD 164604 b,38.286472914897764,1230000000.0,454494622010.0,13310000000.0
HD 164922 b,70.13253690586838,1330000000.0,11600000000.0,21600000000.0
HD 164922 c,90.79214365403956,366000000.0,1300000000.0,0.341
HD 164922 d,94.32485676565759,183000000.0,400000000.0,0.103
HD 164922 e,92.3472133762146,323000000.0,1052012027.0,0.2292
HD 165131 b,33.25994327410986,1210000000.0,594339121090.0,35400000000.0
HD 165155 b,61.521057463414834,1320000000.0,91852870000.0,11300000000.0
HD 1666 b,47.23838730874955,1270000000.0,204000000000.0,0.94
HD 166724 b,48.26767230965532,1300000000.0,120774794660.0,54200000000.0
HD 167042 b,68.79394364877419,1360000000.0,44400628458.0,12200000000.0
HD 167677 b,60.06481598305189,1320000000.0,90581095995.0,28770000000.0
HD 167768 b,68.51539834530458,1390000000.0,27015414595.0,0.1512
HD 168009 b,91.97540133923265,305000000.0,953485221.0,0.1192
HD 168443 b,43.88662382935311,1260000000.0,242439508860.0,0.292
HD 168443 c,39.755321021438824,1220000000.0,550033841154.0,28420000000.0
HD 168746 b,76.3188879183846,1110000000.0,8581410000.0,0.07
HD 168863 b,40.09426711202655,1270000000.0,215487659946.0,109610000000.0
HD 1690 b,39.165571360514015,1250000000.0,279372570000.0,13600000000.0
HD 16905 b,26.675632949600057,1240000000.0,359146099910.0,88000000000.0
HD 169830 b,61.821442835432485,1320000000.0,80442369812.0,0.765
HD 169830 c,45.4865984685108,1260000000.0,243742605328.0,30750000000.0
HD 170469 b,67.03884545366203,1410000000.0,20976780000.0,22400000000.0
HD 17092 b,42.04506928471127,1250000000.0,321961790000.0,13100000000.0
HD 171028 b,55.98831970932564,1320000000.0,83271460000.0,13200000000.0
HD 17156 b,56.47591486935721,1232990000.0,111558330000.0,0.16278
HD 173416 b,64.02511824454916,1340000000.0,58512209729.0,11580000000.0
HD 174205 b,53.18727601966488,1300000000.0,133487930940.0,17000000000.0
HD 175167 b,34.16839065814697,1230000000.0,470386042360.0,24000000000.0
HD 175541 b,69.6949599389561,1410000000.0,19006234000.0,0.975
HD 177565 b,91.42044116331826,400000000.0,1510000000.0,0.246
HD 177830 b,66.58619640603666,1350000000.0,53713270000.0,11400000000.0
HD 177830 c,78.72324835311312,787000000.0,4767250000.0,0.5137
HD 178911 B b,50.728528820108735,1260000000.0,255217490000.0,0.34
HD 179079 b,88.75358884292508,548000000.0,2574423000.0,0.1214
HD 179949 b,71.0154248059554,1390000000.0,29112000000.0,0.0443
HD 180053 b,67.13840527935416,1330000000.0,69731902000.0,0.843
HD 18015 b,58.55439863638196,1310000000.0,104883374310.0,38700000000.0
HD 180314 b,40.91666286816509,1200000000.0,721692963775.0,14480000000.0
HD 180617 b,91.44610690348154,353000000.0,1221400000.0,0.343
HD 180902 b,66.16515577646005,1350000000.0,53554355000.0,14000000000.0
HD 181234 b,30.568311464050513,1250000000.0,298091262925.0,74270000000.0
HD 181342 b,65.81328681967176,1320000000.0,80728820000.0,15920000000.0
HD 18143 b,89.32534592477082,328000000.0,1080616584.0,0.088
HD 18143 c,23.213610226851156,1250000000.0,317764841319.0,175300000000.0
HD 181433 b,87.29232144842366,240000000.0,635660000.0,0.08
HD 181433 c,64.02688574143399,1410000000.0,20300000000.0,17600000000.0
HD 181433 d,58.497207098156494,1420000000.0,17100000000.0,30000000000.0
HD 181720 b,65.24154250632115,1400000000.0,12713200000.0,18500000000.0
HD 183263 b,55.75810040993108,1310000000.0,110318240070.0,14600000000.0
HD 183263 c,42.15670402009253,1250000000.0,295898246917.0,55850000000.0
HD 183579 b,92.29718995870385,349000000.0,2040000000.0,0.1322
HD 184010 b,75.93206214689029,1210000000.0,9852680617.0,0.94
HD 184010 c,75.06385473822317,1180000000.0,9534852210.0,13340000000.0
HD 184010 d,69.26238504747667,1430000000.0,14302278315.0,19200000000.0
HD 18438 b,43.119366438775266,1210000000.0,667439654700.0,21000000000.0
HD 185269 b,66.5386140605296,1380000000.0,32100830000.0,0.077
HD 185283 b,64.27344946305352,1360000000.0,41317692910.0,46000000000.0
HD 18599 b,88.02422108257596,260000000.0,2410000000.0,0.048
HD 187085 b,64.06678912775665,1390000000.0,26570588000.0,21000000000.0
HD 187123 b,71.57968383311456,1420000000.0,16621800000.0,0.0426
HD 187123 c,58.45967053813317,1340000000.0,63246000000.0,48900000000.0
HD 18742 b,62.841444773976306,1310000000.0,108062200000.0,18200000000.0
HD 188015 b,66.10027043109008,1360000000.0,47672000000.0,12030000000.0
HD 188641 b,33.57657644291977,1190000000.0,933303117155.0,120270000000.0
HD 189567 c,92.11073901937627,254000000.0,700000000.0,0.197
HD 189733 b,72.47022586513896,1266617000.0,35914790000.0,0.03126
HD 190007 b,89.6785323968006,406000000.0,1550000000.0,0.092
HD 190228 b,48.27828865477395,1290000000.0,159867688721.0,24060000000.0
HD 190360 b,58.26493457668664,1340000000.0,57209113260.0,39000000000.0
HD 190360 c,86.505371077408,459000000.0,1906900000.0,0.1304
HD 190647 b,62.06238415620527,1340000000.0,63089255000.0,22310000000.0
HD 190984 b,48.83483227569082,1300000000.0,113782569706.0,55000000000.0
HD 191939 b,93.18030143417893,341000000.0,1000000000.0,0.0804
HD 191939 c,93.5394771823664,319500000.0,800000000.0,0.1752
HD 191939 d,94.02750256896154,299500000.0,280000000.0,0.2132
HD 191939 e,74.16785366028742,1300000000.0,11220000000.0,0.407
HD 191939 f,62.180684313598086,1320000000.0,91534581216.0,37100000000.0
HD 191939 g,92.53782994579028,374000000.0,1350000000.0,0.812
HD 192263 b,70.89995008234501,1420000000.0,17798480000.0,0.15
HD 192310 b,89.39500714355198,427000000.0,1690000000.0,0.32
HD 192310 c,82.15098916660084,525000000.0,2400000000.0,11800000000.0
HD 192699 b,66.05180243007258,1340000000.0,66617168000.0,10630000000.0
HD 194490 b,29.080153711468977,1240000000.0,356190295725.0,111160000000.0
HD 195019 b,63.69295180003235,1300000000.0,126496340000.0,0.14
HD 196050 b,55.08455491151084,1290000000.0,149379351290.0,26500000000.0
HD 196067 b,31.222430568087738,1230000000.0,397285508750.0,50200000000.0
HD 19615 b,46.22962526891328,1260000000.0,270154145950.0,11000000000.0
HD 196885 A b,55.10871468037701,1320000000.0,81997000000.0,23700000000.0
HD 197037 b,64.89200808160174,1390000000.0,25100000000.0,20700000000.0
HD 199509 b,78.04569422280083,743000000.0,4322466335.0,0.426
HD 19994 b,67.93913499077354,1360000000.0,43541000000.0,13050000000.0
HD 20003 b,86.15109680590942,343000000.0,1166000000.0,0.0974
HD 20003 c,90.77112642256903,389000000.0,1444000000.0,0.1964
HD 200964 b,66.65807672006841,1350000000.0,50821017000.0,15650000000.0
HD 200964 c,63.663080136280826,1370000000.0,38584562000.0,19600000000.0
HD 202772 A b,66.56508562090477,1731790500.0,32323311000.0,0.05208
HD 20329 b,96.33721761797958,172000000.0,742000000.0,0.018
HD 203387 b,53.16329987037411,1310000000.0,110604285636.0,17710000000.0
HD 203387 c,44.762175848251594,1260000000.0,237894562640.0,50670000000.0
HD 2039 b,45.184667818689384,1270000000.0,199915070000.0,22000000000.0
HD 204313 e,33.61084170588411,1220000000.0,486817771002.0,74570000000.0
HD 204941 b,69.9634366622786,1010000000.0,7310090000.0,25500000000.0
HD 205158 b,69.94348776364785,1390000000.0,12458873554.0,0.177
HD 205739 b,64.98056118970693,1360000000.0,43541000000.0,0.896
HD 206255 b,82.96975796938261,647000000.0,3420000000.0,0.461
HD 206610 b,65.0956344459213,1340000000.0,64710188000.0,17400000000.0
HD 206893 b,30.184878235507945,1401122587.0,889919539600.0,96000000000.0
HD 206893 c,27.73465560645378,1636511182.0,403642076890.0,35300000000.0
HD 207496 b,91.16083766223315,225000000.0,610000000.0,0.0629
HD 20781 b,95.93627005681029,121000000.0,193000000.0,0.0529
HD 20781 c,94.30814639111327,217000000.0,533000000.0,0.1004
HD 20781 d,91.80025690845343,325000000.0,1061000000.0,0.1647
HD 20781 e,91.73427866846436,383000000.0,1403000000.0,0.3374
HD 20782 b,58.50554209291389,1360000000.0,47283000000.0,13649000000.0
HD 207832 b,67.77817906034232,1420000000.0,17798480000.0,0.586
HD 207832 c,63.76856641004303,1400000000.0,23201590000.0,21120000000.0
HD 207897 b,95.09486570236893,234302132.0,1480000000.0,0.117
HD 20794 b,96.23992705450368,145000000.0,270000000.0,0.1257
HD 20794 d,94.83091351198377,204000000.0,480000000.0,0.3625
HD 20794 e,90.33156190174877,203000000.0,477000000.0,0.509
HD 20794 f,84.96296680728204,228000000.0,582000000.0,13541000000.0
HD 208487 b,66.98485942365657,1420000000.0,16526500000.0,0.524
HD 208527 b,43.748888081704365,1250000000.0,314640000000.0,21000000000.0
HD 20868 b,60.51141175432327,1370000000.0,39728750000.0,0.95
HD 209458 b,68.15335888839373,1558051000.0,23201590000.0,0.04707
HD 210193 b,65.26773049058444,1430000000.0,15310000000.0,14870000000.0
HD 210277 b,59.52340306475942,1360000000.0,41000070000.0,11300000000.0
HD 210702 b,67.59456760827867,1360000000.0,48151003660.0,10790000000.0
HD 211403 b,58.20165710693616,1280000000.0,176076937478.0,0.768
HD 211810 b,58.70769629908339,1400000000.0,21294610000.0,26560000000.0
HD 211970 b,90.15780819347442,366000000.0,1300000000.0,0.143
HD 212301 b,71.39938036967791,1420000000.0,16209330000.0,0.03
HD 212771 b,65.36503270164623,1330000000.0,75961370000.0,11900000000.0
HD 213240 b,49.95941212618109,1280000000.0,165588600047.0,18900000000.0
HD 213472 b,40.26931291571527,1310000000.0,111239942450.0,130000000000.0
HD 213519 b,85.87874645220387,299000000.0,921702380.0,0.099
HD 213885 b,96.27707312951327,174500000.0,883000000.0,0.02012
HD 213885 c,90.58874124951956,471000000.0,1995000000.0,0.056798
HD 21411 b,73.3272399865708,952000000.0,6590000000.0,0.362
HD 215152 b,97.38713917828022,119000000.0,181900000.0,0.057638
HD 215152 c,97.4256758394196,117000000.0,172000000.0,0.067393
HD 215152 d,96.83158389235697,148000000.0,280100000.0,0.08799
HD 215152 e,96.77386171309682,151000000.0,287700000.0,0.15417
HD 215497 b,92.38146384684454,240000000.0,635660000.0,0.05
HD 215497 c,63.42224691355194,1300000000.0,11123994245.0,13100000000.0
HD 216435 b,66.52611828497572,1370000000.0,40040000000.0,25600000000.0
HD 216437 b,54.118835807111516,1300000000.0,133487930940.0,25700000000.0
HD 216520 b,92.35921272977646,318000000.0,1026000000.0,0.198
HD 216520 c,92.00903866681278,303000000.0,944000000.0,0.528
HD 216536 b,63.21448229544278,1380000000.0,33372150000.0,0.61
HD 216770 b,64.270413212498,1410000000.0,18116310000.0,0.46
HD 21693 b,92.45813699172028,280000000.0,823000000.0,0.1455
HD 21693 c,90.53177907906078,434000000.0,1737000000.0,0.2586
HD 217107 b,68.16390958268767,1360000000.0,41317900000.0,0.08
HD 217107 c,51.55110940421291,1320000000.0,82632000000.0,53200000000.0
HD 217786 b,37.87340933763928,1230000000.0,440255909376.0,24460000000.0
HD 217786 c,86.90936231022027,261000000.0,731005336.0,0.038
HD 217958 b,64.5675745040115,1420000000.0,16654208527.0,37580000000.0
HD 218566 b,75.84095381595745,932000000.0,6356600000.0,0.69
HD 219077 b,31.564144121465908,1250000000.0,305750927534.0,59350000000.0
HD 219134 b,96.5841350247145,160200000.0,474000000.0,0.03876
HD 219134 c,96.15250825586372,151100000.0,436000000.0,0.0653
HD 219134 d,94.24409706037814,161000000.0,1617000000.0,0.237
HD 219134 f,94.67992204773978,131000000.0,730000000.0,0.1463
HD 219134 g,93.36385916415563,328000000.0,1080622000.0,0.3753
HD 219134 h,70.68679976242825,1270000000.0,10806220000.0,31100000000.0
HD 219139 b,69.3503057269943,1400000000.0,24790615746.0,0.94
HD 219415 b,59.37647700005592,1380000000.0,31783000000.0,32000000000.0
HD 219666 b,89.90423883745333,489800000.0,1760000000.0,0.06356
HD 219828 b,89.60161122425312,459000000.0,1906970442.0,0.049
HD 219828 c,30.675048483984007,1220000000.0,510241724598.0,56570000000.0
HD 220074 b,42.63306366194676,1220000000.0,528869120000.0,16000000000.0
HD 220197 b,75.2059957509754,932000000.0,6356600000.0,27290000000.0
HD 220689 b,66.09479969422257,1370000000.0,38139408840.0,33960000000.0
HD 220773 b,54.604911941267304,1360000000.0,46080000000.0,49400000000.0
HD 221287 b,63.53596022889542,1310000000.0,98205000000.0,12500000000.0
HD 221416 b,80.08201852571437,917000000.0,6050000000.0,0.1228
HD 221420 b,33.82688997425153,1200000000.0,699222495400.0,101000000000.0
HD 222076 b,66.62238364784592,1350000000.0,49581480000.0,18300000000.0
HD 222155 b,60.600108273288946,1340000000.0,58162598481.0,51400000000.0
HD 222237 b,38.352345081426705,1280000000.0,164952943233.0,108000000000.0
HD 222582 b,40.22960377952232,1260000000.0,266023710000.0,13400000000.0
HD 224538 b,44.54500031919198,1270000000.0,207573732612.0,23750000000.0
HD 224693 b,69.72096062511557,1400000000.0,22248100000.0,0.191
HD 22532 b,66.15191211690818,1340000000.0,67379622284.0,19000000000.0
HD 23079 b,63.939442692970886,1320000000.0,82953630000.0,16000000000.0
HD 23127 b,59.205417985155805,1350000000.0,48532641000.0,23700000000.0
HD 231701 b,68.46943878910514,1370000000.0,35914790000.0,0.567
HD 233604 b,56.076877946404906,1270000000.0,208964400000.0,0.747
HD 233832 b,58.93130395438225,1350000000.0,56573740000.0,28270000000.0
HD 23472 b,94.9823413366536,200000000.0,832000000.0,0.1162
HD 23472 c,95.46296241515175,187000000.0,341000000.0,0.1646
HD 23472 d,98.86968859868267,0.75,0.55,0.04298
HD 23472 e,98.86954989236602,0.818,0.72,0.068
HD 23472 f,96.72747933160848,113700000.0,0.77,0.0906
HD 235088 b,95.69779059802684,207506422.0,420000000.0,0.071
HD 23596 b,38.02106455774968,1240000000.0,378660764100.0,26940000000.0
HD 238090 b,89.18158283369239,252000000.0,689000000.0,0.0932
HD 240210 b,56.49513826404973,1280000000.0,165582000000.0,11600000000.0
HD 240237 b,36.76824005785794,1220000000.0,505031870000.0,19200000000.0
HD 24040 b,58.195269902332846,1300000000.0,122682380000.0,49200000000.0
HD 24040 c,78.38142601921345,935000000.0,6388350981.0,13000000000.0
HD 24064 b,38.33494961646901,1230000000.0,409682870000.0,12900000000.0
HD 24085 b,89.062190000024,346000000.0,1180000000.0,0.034
HD 25015 b,35.91577001550965,1250000000.0,288492845034.0,62480000000.0
HD 25171 b,67.28860338713206,1390000000.0,29081445000.0,29710000000.0
HD 25463 b,94.77031702762176,254535814.0,870000000.0,0.076
HD 25463 c,97.03739890990683,136354953.0,430000000.0,0.0443
HD 25723 b,65.47568561853369,1330000000.0,79457101750.0,14900000000.0
HD 25912 b,85.94197749293764,690000000.0,3813940884.0,0.242
HD 25912 c,25.88512050900131,1220000000.0,525275008249.0,178480000000.0
HD 260655 b,97.17134822821491,124000000.0,214000000.0,0.02933
HD 260655 c,96.63171725274418,153300000.0,309000000.0,0.04749
HD 26161 b,26.188907491616355,1190000000.0,904539646322.0,100870000000.0
HD 2638 b,71.47495043853246,1430000000.0,13348860000.0,0.04
HD 2685 b,64.99245390316176,1614096000.0,37186110000.0,0.0568
HD 27442 b,67.67223113055381,1350000000.0,49580000000.0,12710000000.0
HD 27631 b,63.74130366425382,1350000000.0,49581231492.0,32420000000.0
HD 27894 b,70.97911419528695,1410000000.0,19673578393.0,0.125
HD 27894 c,83.96468713714953,824000000.0,5148846000.0,0.198
HD 27894 d,44.08235091335797,1270000000.0,206365984665.0,53620000000.0
HD 27969 b,56.39710451458384,1290000000.0,152557635360.0,15520000000.0
HD 28185 b,56.81024948778869,1280000000.0,185516441166.0,10350000000.0
HD 28185 c,30.02242802274253,1210000000.0,624183208507.0,131760000000.0
HD 28192 b,74.24455684415108,1220000000.0,9979811980.0,0.118
HD 28254 b,51.64313266478834,1300000000.0,120774794660.0,24500000000.0
HD 285507 b,69.57398959267455,1380000000.0,31147340000.0,0.06
HD 285968 b,94.23680624459287,283000000.0,840000000.0,0.066
HD 28678 b,65.93873434762544,1350000000.0,49009386000.0,11800000000.0
HD 29021 b,50.672188861063766,1290000000.0,142069297929.0,22800000000.0
HD 290327 b,62.64573586831358,1330000000.0,77232690000.0,34300000000.0
HD 29399 b,67.1378540013884,1350000000.0,49899059899.0,19130000000.0
HD 2952 b,64.60679378524544,1390000000.0,28477425267.0,11170000000.0
HD 29985 b,39.314086701618365,1280000000.0,173947487151.0,133900000000.0
HD 30177 b,43.558715481645336,1260000000.0,267071210402.0,36040000000.0
HD 30177 c,45.94242392603863,1270000000.0,195464470305.0,102580000000.0
HD 30562 b,57.473603827251,1360000000.0,46720775829.0,23400000000.0
HD 30669 b,65.22514152020949,1430000000.0,14937000000.0,26900000000.0
HD 30856 b,67.0424136964084,1350000000.0,49168301000.0,18500000000.0
HD 31253 b,64.22079950297413,1410000000.0,19705460000.0,12600000000.0
HD 31527 b,92.07054840475185,322000000.0,1047000000.0,0.1254
HD 31527 c,92.1206917827594,385000000.0,1416000000.0,0.2663
HD 31527 d,88.62841198585568,346000000.0,1182000000.0,0.8098
HD 3167 b,96.45402068496024,167000000.0,497000000.0,0.01796
HD 32518 b,66.53132642099726,1320000000.0,90549313154.0,0.594
HD 32963 b,63.74973600023084,1340000000.0,65790480249.0,34100000000.0
HD 330075 b,71.29895518827631,1430000000.0,15255840000.0,0.04
HD 331093 b,58.38661356013716,1360000000.0,47674261050.0,14400000000.0
HD 33142 b,68.62701176584207,1370000000.0,40046379282.0,10740000000.0
HD 33142 c,67.67870168278145,1390000000.0,28286728223.0,19550000000.0
HD 33142 d,78.15698031401983,932000000.0,6356568140.0,0.452
HD 332231 b,81.8692590361225,907303305.0,7410000000.0,0.145
HD 33283 b,67.38009420852192,1250000000.0,10456607000.0,0.1508
HD 33564 b,41.691263024558,1250000000.0,289210000000.0,11000000000.0
HD 33844 b,64.26877344085804,1340000000.0,63883830000.0,16000000000.0
HD 33844 c,64.55586463870631,1350000000.0,55620250000.0,22400000000.0
HD 34445 b,63.742551209033124,1390000000.0,26062060000.0,20700000000.0
HD 34445 c,83.22754024520819,842000000.0,5350000000.0,0.7181
HD 34445 d,88.05922764583113,607000000.0,3070000000.0,0.4817
HD 34445 e,90.26382820305346,426000000.0,1680000000.0,0.2687
HD 34445 f,84.67854943748482,688000000.0,3790000000.0,15430000000.0
HD 34445 g,65.80097132116853,1360000000.0,12060000000.0,63600000000.0
HD 35843 b,95.27766432579159,229000000.0,584000000.0,0.088
HD 35843 c,92.21882859414909,254000000.0,1132000000.0,0.25
HD 360 b,68.82347375120554,1400000000.0,23837130525.0,0.98
HD 36384 b,51.3931065917317,1270000000.0,209766748620.0,13000000000.0
HD 3651 b,70.30227990956855,1010000000.0,7246524000.0,0.295
HD 37124 b,70.8499851704282,1400000000.0,21453525000.0,0.53364
HD 37124 c,67.33176653238729,1410000000.0,20722516000.0,17100000000.0
HD 37124 d,65.41739897143117,1400000000.0,22120968000.0,28070000000.0
HD 37605 b,57.24089309323146,1320000000.0,85496270000.0,0.277
HD 37605 c,61.50534363822591,1310000000.0,101387770000.0,37400000000.0
HD 3765 b,75.05917543113038,856000000.0,5498431441.0,21080000000.0
HD 38283 b,62.98759573097626,1400000000.0,12713200000.0,10200000000.0
HD 38529 b,66.45668597020283,1410000000.0,20658846455.0,0.115
HD 38529 c,35.64093745881847,1250000000.0,329905886466.0,32260000000.0
HD 38801 b,46.203416674148265,1250000000.0,308231534000.0,16230000000.0
HD 39091 b,33.17585444120779,1230000000.0,448138053870.0,32800000000.0
HD 39855 b,91.93805975142526,285000000.0,850000000.0,0.041
HD 40307 b,92.62882738844473,183000000.0,400000000.0,0.0468
HD 40307 c,94.38638281077674,246000000.0,660000000.0,0.0799
HD 40307 d,93.05457289368145,304000000.0,950000000.0,0.1321
HD 40307 f,95.86764050486634,213000000.0,520000000.0,0.247
HD 40307 g,89.30983365647519,256000000.0,710000000.0,0.6
HD 40956 b,60.93050400766023,1320000000.0,85814100000.0,14000000000.0
HD 40979 b,57.04387098452635,1290000000.0,148426610000.0,0.85
HD 4113 b,58.15749676007636,1350000000.0,54126177712.0,12800000000.0
HD 4203 b,57.11177236164649,1330000000.0,70876090000.0,11700000000.0
HD 4203 c,56.02466372202319,1330000000.0,68966000000.0,69500000000.0
HD 4208 b,69.05923595816112,1390000000.0,25744230000.0,16620000000.0
HD 42618 b,88.85905702035907,389000000.0,1440000000.0,0.554
HD 42813 b,93.13755049880042,341000000.0,910000000.0,0.111
HD 4308 b,91.73728005280918,412000000.0,1589150000.0,0.12
HD 4313 b,65.06615517973289,1340000000.0,61245841000.0,11570000000.0
HD 43197 b,61.61654179574338,1420000000.0,17575910907.0,0.882
HD 43197 c,40.7321909958632,1260000000.0,250067390628.0,85400000000.0
HD 43691 b,66.31845989292377,1320000000.0,81046650000.0,0.238
HD 44219 b,62.00549219238316,1410000000.0,18434047606.0,12600000000.0
HD 45184 b,92.12601906764577,352000000.0,1219000000.0,0.0644
HD 45184 c,93.30609700595816,291000000.0,881000000.0,0.11
HD 45350 b,57.188696262598654,1350000000.0,56889000000.0,19200000000.0
HD 45364 b,81.35917447254764,903000000.0,6016491745.0,0.6793
HD 45364 c,71.57821749428379,1420000000.0,17448779544.0,0.902
HD 45652 b,61.78949018948551,1430000000.0,13762039000.0,0.237
HD 457 b,20.09390839225845,1190000000.0,844533643080.0,153690000000.0
HD 46375 b,79.51714952436276,1000000000.0,7180000000.0,0.0398
HD 47186 b,89.84362155347516,502000000.0,2224810000.0,0.05
HD 47186 c,66.89487301355517,1300000000.0,11142000000.0,23950000000.0
HD 4732 b,62.399855895507734,1340000000.0,63120721630.0,11290000000.0
HD 4732 c,56.57179443418308,1310000000.0,106949258955.0,47250000000.0
HD 47366 b,66.16832864297804,1340000000.0,66171874337.0,12070000000.0
HD 47366 c,65.01226464660535,1350000000.0,48373483545.0,18400000000.0
HD 47536 b,48.741948692911514,1260000000.0,233000000000.0,19300000000.0
HD 4760 b,41.046695977111554,1230000000.0,441783700000.0,11400000000.0
HD 48265 b,63.96805341996455,1350000000.0,48469075000.0,18140000000.0
HD 48948 b,95.2618910891478,206000000.0,488000000.0,0.0652
HD 48948 c,85.03359027115411,260000000.0,727000000.0,0.1951
HD 48948 d,92.98116580960401,324000000.0,1059000000.0,0.4894
HD 4917 b,67.49800286738517,1350000000.0,51329545000.0,11670000000.0
HD 49674 b,86.47246911919721,620000000.0,3178300000.0,0.06
HD 50499 b,60.21414795384732,1350000000.0,51996988000.0,38330000000.0
HD 50499 c,56.03758609639436,1320000000.0,93124190000.0,90200000000.0
HD 50554 b,46.113952446777006,1280000000.0,185929618095.0,23530000000.0
HD 51608 b,91.50791458003582,362000000.0,1277000000.0,0.1059
HD 51608 c,89.95965601042332,387000000.0,1431000000.0,0.3809
HD 52265 b,65.26701038626254,1370000000.0,38457430000.0,0.52
HD 5278 b,93.96990045031316,245000000.0,780000000.0,0.1202
HD 5278 c,90.24015182563265,449000000.0,1840000000.0,0.2416
HD 5319 b,66.67164525198021,1350000000.0,49454348000.0,15700000000.0
HD 5319 c,65.2512355717488,1380000000.0,33467499000.0,19300000000.0
HD 55696 b,49.63884109671904,1290000000.0,135712729789.0,31800000000.0
HD 5583 b,57.67019831055532,1280000000.0,183705740000.0,0.53
HD 5608 b,66.80662307670273,1370000000.0,37122357938.0,17900000000.0
HD 564 b,72.47577916452802,1250000000.0,10488000000.0,12000000000.0
HD 56957 b,45.87417209214938,1280000000.0,188090851263.0,64260000000.0
HD 5891 b,52.74627500831657,1260000000.0,242504290000.0,0.64
HD 59686 A b,53.875204046860034,1270000000.0,219938360000.0,10860000000.0
HD 60292 b,49.9836224878601,1270000000.0,206589500000.0,15000000000.0
HD 60532 b,65.72774386813084,1380000000.0,33689980000.0,0.77
HD 60532 c,65.53327001977846,1330000000.0,79775330000.0,16000000000.0
HD 6061 b,94.98015240328925,242763557.0,1000000000.0,0.06
HD 62364 b,30.313166361441866,1210000000.0,596563919939.0,61500000000.0
HD 62364 c,14.753141334803841,1200000000.0,792346218651.0,369840000000.0
HD 62509 b,66.3181025190756,1330000000.0,73100000000.0,16400000000.0
HD 62549 b,35.0213337409434,1260000000.0,270758019923.0,118420000000.0
HD 63433 b,95.22569020409081,216351593.0,3730000000.0,0.072
HD 63433 c,94.62181799441488,258229101.0,1720000000.0,0.146
HD 63433 d,94.92843261560938,107300000.0,125000000.0,0.0503
HD 63454 b,75.72246313711852,1231000000.0,7945750000.0,0.04
HD 63935 b,94.05587195472442,291575244.0,1050000000.0,0.083
HD 63935 c,93.7696586358467,306451296.0,1110000000.0,0.148
HD 64114 b,89.33602444321443,441000000.0,1780000000.0,0.246
HD 64121 b,63.976113545987914,1320000000.0,81364072192.0,15100000000.0
HD 6434 b,68.56088817503687,1420000000.0,15573670000.0,0.14
HD 65216 b,63.770188027479,1360000000.0,41158985000.0,13010000000.0
HD 65216 c,59.08734996809414,1340000000.0,64519490000.0,57500000000.0
HD 66141 b,55.83131087598083,1280000000.0,190690000000.0,12000000000.0
HD 66428 b,33.22263175785501,1240000000.0,347894974302.0,33950000000.0
HD 66428 c,54.722670301740145,1350000000.0,56064930995.0,94080000000.0
HD 67087 b,61.90030435448353,1310000000.0,97300000000.0,10800000000.0
HD 67087 c,47.189744103102825,1290000000.0,154000000000.0,38600000000.0
HD 6718 b,63.912036176669666,1350000000.0,53395440000.0,35500000000.0
HD 68402 b,50.39098679090505,1260000000.0,251084441530.0,21800000000.0
HD 6860 b,39.76071685187014,1190000000.0,898183078182.0,20300000000.0
HD 68988 b,66.78744363167226,1340000000.0,62612510000.0,0.07
HD 68988 c,22.6721978347025,1230000000.0,476742610500.0,132000000000.0
HD 69123 b,59.83273630442891,1310000000.0,98208977763.0,24820000000.0
HD 69830 b,92.16751030319325,317000000.0,1020000000.0,0.0785
HD 69830 c,90.96950494884165,346000000.0,1180000000.0,0.186
HD 69830 d,90.31276468225605,445000000.0,1810000000.0,0.63
HD 70573 b,48.27348846071936,1280000000.0,190000000000.0,17600000000.0
HD 70642 b,57.018091299558805,1300000000.0,123953078730.0,33180000000.0
HD 7199 b,73.11700913827691,1110000000.0,8581410000.0,13600000000.0
HD 72490 b,65.02518233781859,1350000000.0,56192344000.0,18800000000.0
HD 72659 b,56.029193119075124,1320000000.0,94967128012.0,46910000000.0
HD 72659 c,29.755032471812697,1210000000.0,597708102204.0,139590000000.0
HD 72892 b,51.3160312990457,1280000000.0,173788572948.0,0.228
HD 73256 c,39.73705129133956,1220000000.0,508525451200.0,38000000000.0
HD 73267 b,55.656704467378134,1300000000.0,132153051631.0,22290000000.0
HD 73267 c,44.855183456700644,1280000000.0,163077755632.0,126880000000.0
HD 73344 c,71.19660442488427,1350000000.0,11854999581.0,0.3388
HD 73344 d,56.67414240198911,1320000000.0,81046243785.0,67000000000.0
HD 73526 b,62.60594499765704,1310000000.0,97891640000.0,0.65
HD 73526 c,61.62499377012528,1330000000.0,71509000000.0,10300000000.0
HD 73534 b,65.2874916970671,1370000000.0,35342696000.0,29900000000.0
HD 74156 b,59.653173068470586,1350000000.0,53236258173.0,0.28
HD 74156 c,39.29548710779841,1250000000.0,275398314665.0,36780000000.0
HD 7449 b,39.58183043981462,1260000000.0,259792939882.0,24380000000.0
HD 74698 b,88.37567530510812,512000000.0,2300000000.0,0.121
HD 74698 c,63.54447157187467,1400000000.0,12600000000.0,45000000000.0
HD 75289 b,71.53009499516237,1420000000.0,15573670000.0,0.05
HD 75302 b,46.19451929304872,1280000000.0,171627339780.0,53000000000.0
HD 75784 b,68.22891125196786,1380000000.0,31783000000.0,10320000000.0
HD 75784 c,39.89798914679453,1280000000.0,179256120000.0,84000000000.0
HD 75898 b,64.45408610213677,1320000000.0,81046243785.0,12025000000.0
HD 75898 c,41.716697834654966,1260000000.0,269836317543.0,73900000000.0
HD 76700 b,79.74480279160727,960000000.0,6674430000.0,0.05
HD 76920 b,54.93539892196755,1310000000.0,99480291391.0,10910000000.0
HD 77338 b,90.53740411294949,412000000.0,1590000000.0,0.06
HD 77946 b,90.32278775719772,289646124.0,1090000000.0,0.073
HD 79181 b,66.41327502554758,1410000000.0,20341018048.0,0.9
HD 7924 b,94.50180820451375,240000000.0,635660000.0,0.06
HD 7924 c,93.07900608856166,272000000.0,786000000.0,0.1134
HD 7924 d,91.2820954605816,242000000.0,644000000.0,0.1551
HD 79498 b,57.13357959453269,1360000000.0,42589220000.0,29800000000.0
HD 80606 b,54.55424851126889,1199363000.0,139209540000.0,0.4565
HD 80653 b,96.55447745183285,161300000.0,572000000.0,0.01661
HD 80869 b,47.79797789309641,1280000000.0,160980088146.0,29050000000.0
HD 80883 b,48.52675804249074,1280000000.0,174805623850.0,64620000000.0
HD 80913 b,29.87090585372471,1200000000.0,750520000290.0,99500000000.0
HD 81040 b,42.01712923484591,1260000000.0,239324790471.0,19460000000.0
HD 81688 b,69.2160513218019,1350000000.0,52568818518.0,0.648
HD 81817 b,42.12728703803249,1200000000.0,766856380410.0,32330000000.0
HD 81817 c,43.174593026341036,1200000000.0,718578245386.0,23250000000.0
HD 82886 b,65.23122659706506,1330000000.0,74054390000.0,15800000000.0
HD 8326 b,77.4459055279469,958000000.0,6660000000.0,0.533
HD 83443 b,72.15898623451922,1410000000.0,12776701961.0,0.0406
HD 83443 c,50.95921633599234,1360000000.0,47674261050.0,80000000000.0
HD 8535 b,66.08531622188818,1400000000.0,21612440000.0,24500000000.0
HD 85390 b,76.5786955324475,616000000.0,3146517000.0,13730000000.0
HD 8574 b,62.78694503237182,1340000000.0,64519490000.0,0.76
HD 86065 b,27.29603789080003,1250000000.0,287730056857.0,159470000000.0
HD 86081 b,69.93672357138385,1360000000.0,47038840000.0,0.0346
HD 86226 b,67.80771966153415,1430000000.0,14302350000.0,27300000000.0
HD 86226 c,94.62767380693066,216000000.0,725000000.0,0.049
HD 86264 b,34.614892404859155,1250000000.0,311726101586.0,27630000000.0
HD 86728 b,93.13729090872795,303000000.0,943000000.0,0.1916
HD 8673 b,33.529809966915224,1230000000.0,421059073594.0,29700000000.0
HD 86950 b,58.68675536239839,1300000000.0,114418800000.0,27200000000.0
HD 87646 b,45.93387783181919,1240000000.0,394109200000.0,0.117
HD 87816 b,44.52232562396222,1270000000.0,214216346318.0,16180000000.0
HD 87816 c,31.632586735198615,1240000000.0,387750656540.0,101400000000.0
HD 87883 b,45.47908942283269,1280000000.0,171913385346.0,40550000000.0
HD 88072 b,34.31136056710032,1260000000.0,251179790052.0,138950000000.0
HD 88133 b,70.70778607336896,1380000000.0,32418660000.0,0.0479
HD 88986 b,90.4105122012636,249000000.0,1720000000.0,0.58
HD 89307 b,61.299927469099366,1340000000.0,64201338214.0,32700000000.0
HD 89345 b,81.42965775935699,739794000.0,3496130000.0,0.1066
HD 89744 b,41.761667894890316,1260000000.0,265388050000.0,0.917
HD 89839 b,52.07498166936765,1290000000.0,159232031907.0,47610000000.0
HD 90156 b,85.26779367350001,443000000.0,1798000000.0,0.25
HD 9174 b,66.30281042103579,1370000000.0,35279130000.0,22000000000.0
HD 92788 b,57.402207466212296,1300000000.0,119504080000.0,0.97
HD 92788 c,43.47751957896183,1300000000.0,116643610000.0,105000000000.0
HD 93083 b,71.0518448306475,1340000000.0,11759000000.0,0.477
HD 93351 b,86.78396599946488,169000000.0,349611248.0,0.035
HD 93351 c,32.20563553447741,1230000000.0,415401727949.0,111540000000.0
HD 93385 d,92.91955532326732,289000000.0,870000000.0,0.2565
HD 93963 A b,96.85163787716125,146954368.0,280000000.0,0.02061
HD 93963 A c,93.59883536541443,311976057.0,1840000000.0,0.04726
HD 9446 b,67.68534489573885,1400000000.0,22247200000.0,0.189
HD 9446 c,68.49331611821536,1340000000.0,57842600000.0,0.654
HD 94771 b,59.90050869012704,1420000000.0,16900000000.0,34800000000.0
HD 94834 b,64.83545963629298,1370000000.0,40046580000.0,27400000000.0
HD 94890 b,62.09839302368789,1330000000.0,67697450691.0,20700000000.0
HD 94890 c,44.79749949456293,1250000000.0,283185110637.0,43300000000.0
HD 95089 b,66.82587881388267,1370000000.0,40046580000.0,13600000000.0
HD 95089 c,55.83728441206346,1310000000.0,109651350000.0,33300000000.0
HD 95127 b,43.24832029946117,1240000000.0,337853290000.0,12800000000.0
HD 95544 b,54.01388317695942,1280000000.0,191364483855.0,31660000000.0
HD 95735 c,87.03424741699048,376000000.0,1360000000.0,29400000000.0
HD 95872 b,57.84725238463578,1300000000.0,118868420000.0,51500000000.0
HD 96063 b,65.99154973193275,1370000000.0,40364410000.0,11100000000.0
HD 96127 b,39.62611189843127,1210000000.0,666171680000.0,14200000000.0
HD 96167 b,60.052036158478245,1400000000.0,22788411000.0,13320000000.0
HD 96700 d,87.70753056704243,361000000.0,1270000000.0,0.424
HD 96992 b,61.13671952481721,1370000000.0,36232620000.0,12400000000.0
HD 97037 b,32.20548400980333,1210000000.0,670776852973.0,69250000000.0
HD 97658 b,95.22324138643239,212000000.0,830000000.0,0.0805
HD 98219 b,66.28435721020878,1340000000.0,62421812000.0,12600000000.0
HD 98649 b,34.59267594917567,1260000000.0,266530902110.0,62970000000.0
HD 98736 b,61.60418800883378,1330000000.0,74054390000.0,18640000000.0
HD 99109 b,68.98948403772137,1430000000.0,13984520000.0,11100000000.0
HD 99283 b,66.08162353188533,1380000000.0,30829355479.0,10800000000.0
HD 99492 b,89.14916493975814,544000000.0,2550000000.0,0.12
HD 99706 b,63.44630080647115,1370000000.0,39093090000.0,19800000000.0
HIP 105854 b,52.13522731167473,1260000000.0,260610000000.0,0.81
HIP 107772 b,89.55923047766112,364000000.0,1290000000.0,0.243
HIP 107773 b,67.3893592201198,1340000000.0,62930340000.0,0.72
HIP 113103 b,93.26671365243816,182900000.0,400000000.0,0.06899
HIP 113103 c,92.16912129735127,240000000.0,635000000.0,0.10479
HIP 114933 b,61.81593306171388,1340000000.0,61658710958.0,28400000000.0
HIP 116454 b,91.0542225186109,246900000.0,970000000.0,0.0792
HIP 12961 b,70.82480013752144,1320000000.0,11441880000.0,0.25
HIP 14810 b,61.37103600098907,1300000000.0,123953700000.0,0.0696
HIP 14810 c,67.56558937863323,1360000000.0,41635730000.0,0.549
HIP 14810 d,65.98700939350134,1410000000.0,18751970000.0,19400000000.0
HIP 19976 b,84.40070700621871,494000000.0,2161233168.0,0.234
HIP 21152 b,20.78727288574315,1200000000.0,762788176800.0,170000000000.0
HIP 34222 b,65.26132945513291,1390000000.0,26379757781.0,0.492
HIP 35173 b,90.04215337818849,361000000.0,1270000000.0,0.217
HIP 35965 b,31.517982054921422,1260000000.0,258998368864.0,158980000000.0
HIP 38594 b,91.45431140324793,277000000.0,810000000.0,0.256
HIP 38594 c,77.28224601912467,794000000.0,4840000000.0,38050000000.0
HIP 39017 b,16.30009860554711,1200000000.0,750075040520.0,221000000000.0
HIP 4845 b,87.59089358935624,389000000.0,1440000000.0,0.176
HIP 48714 b,80.16162760766966,511000000.0,2290000000.0,0.112
HIP 5158 b,60.205316412577695,1360000000.0,45100000000.0,0.89
HIP 5158 c,35.682009095923135,1220000000.0,478016320000.0,77000000000.0
HIP 54373 b,90.62687880070169,287000000.0,862000000.0,0.063
HIP 54373 c,89.27267851809714,357000000.0,1244000000.0,0.099
HIP 54597 b,63.14263776655782,1330000000.0,76278817680.0,40000000000.0
HIP 55507 b,39.37460213600982,1260000000.0,258553409095.0,50620000000.0
HIP 56640 b,49.009522824386124,1270000000.0,215169831539.0,45500000000.0
HIP 57274 b,91.74519679885593,240000000.0,635660000.0,0.07
HIP 57274 c,71.34253617920932,1420000000.0,13000000000.0,0.178
HIP 57274 d,65.21624069911546,1420000000.0,16740000000.0,10100000000.0
HIP 5763 b,70.96160644390085,1420000000.0,16209248757.0,0.17
HIP 63242 b,44.998384300036236,1250000000.0,291756000000.0,0.565
HIP 65 A b,60.22124150942622,2275427000.0,102118779000.0,0.01782
HIP 65891 b,53.168782008194164,1280000000.0,187137366042.0,27940000000.0
HIP 66074 b,51.02119391326003,1290000000.0,158914203500.0,0.799
HIP 67522 b,79.52360802110276,998720180.0,7140000000.0,0.0748
HIP 67522 c,83.32509300628821,793595834.0,4830000000.0,0.1228
HIP 67537 b,31.494186332528948,1230000000.0,430911754211.0,48070000000.0
HIP 67851 b,68.41263896016866,1370000000.0,36550266805.0,0.42
HIP 67851 c,44.64456662766439,1270000000.0,220477565936.0,45500000000.0
HIP 71135 b,87.15324119184247,455000000.0,1880000000.0,0.335
HIP 74890 b,64.45431243858074,1330000000.0,76279200000.0,21000000000.0
HIP 75092 b,58.52911690172973,1350000000.0,56891284853.0,20200000000.0
HIP 79431 b,62.79798146284155,1340000000.0,66741500000.0,0.36
HIP 8152 b,94.78548293265966,253625843.0,890000000.0,0.093
HIP 8152 c,91.25827041258577,252442508.0,1070000000.0,0.139
HIP 8541 b,42.22250284740486,1260000000.0,245172833160.0,37290000000.0
HIP 86221 b,70.07417280507632,1400000000.0,22565816897.0,0.031
HIP 90988 b,65.72728838797269,1340000000.0,66807531151.0,13600000000.0
HIP 91258 b,70.924025307938,1370000000.0,34643470000.0,0.06
HIP 948 b,25.39322115018393,1210000000.0,654726518420.0,150370000000.0
HIP 9618 b,92.35652046720986,382838127.0,830000000.0,0.145
HIP 97166 b,89.3561557136089,248013380.0,1910000000.0,0.091
HIP 97166 c,94.3909348066683,275000000.0,800000000.0,0.124
HIP 97233 b,34.44983282294306,1210000000.0,609817364511.0,24910000000.0
HIP 99770 b,22.972039541360868,1220000000.0,511703735270.0,169000000000.0
HR 5183 b,35.01756861937052,1310000000.0,105201202717.0,180000000000.0
HR 810 b,55.26387124492211,1270000000.0,197053612340.0,0.92
HR 858 b,95.83779859947322,200400000.0,355000000.0,0.04888
HR 858 d,95.81041699835998,200100000.0,710000000.0,0.1046
HR 8799 e,24.504177484398824,1311453000.0,317830000000.0,164000000000.0
HS Psc b,64.72616147703876,1360000000.0,46402947422.0,0.0435
HU Aqr AB b,54.21361006000624,1280000000.0,187519700000.0,36000000000.0
HU Aqr AB c,46.451905892351455,1290000000.0,143023500000.0,54000000000.0
K2-10 b,86.29708482284146,384000000.0,2700000000.0,0.137
K2-108 b,85.94817645569074,533000000.0,5940000000.0,0.0581
K2-113 b,72.99199037238613,1214000000.0,41000070000.0,0.0642
K2-114 b,72.82821544822491,1059248676.0,63883509807.0,0.0944
K2-115 b,73.8199240275384,1180305668.0,32100669107.0,0.1415
K2-116 b,99.08170424737172,0.69,0.257,0.048
K2-117 b,95.21352268211098,203000000.0,478000000.0,0.0189
K2-117 c,93.24739720194091,206000000.0,490000000.0,0.0492
K2-118 b,91.26206481627497,254000000.0,699000000.0,0.245
K2-119 b,94.03940359015873,253000000.0,694000000.0,0.0698
K2-123 b,93.8070973184991,276000000.0,805000000.0,0.1649
K2-124 b,93.11368668849086,290000000.0,875000000.0,0.049
K2-125 b,94.50051655203498,218000000.0,539000000.0,0.121
K2-126 b,95.32855273327668,197000000.0,454000000.0,0.0656
K2-127 b,81.55358514619546,837000000.0,5290000000.0,0.0411
K2-128 b,92.77795359237062,142000000.0,260000000.0,0.056
K2-129 b,95.62777554088346,104000000.0,112000000.0,0.057
K2-130 b,94.37516998346719,125000000.0,210000000.0,0.032
K2-131 b,96.38930269765444,169000000.0,790000000.0,0.00936
K2-132 b,65.31664394659019,1457170000.0,15573670000.0,0.0916
K2-136 c,93.53835731586673,300000000.0,1810000000.0,0.1185
K2-138 b,96.46303187467535,151000000.0,310000000.0,0.03385
K2-138 c,95.01062987521121,229900000.0,631000000.0,0.04461
K2-138 d,94.86668484739887,239000000.0,792000000.0,0.05893
K2-138 e,92.21520735623014,339000000.0,1297000000.0,0.0782
K2-138 f,93.55331002433863,290400000.0,163000000.0,0.10447
K2-138 g,93.3857268521271,301300000.0,432000000.0,0.23109
K2-14 b,88.13296733279064,481000000.0,2070000000.0,0.0627
K2-140 b,71.36751491814988,1356286665.0,29558041851.0,0.068
K2-141 b,96.75543429292863,151000000.0,497000000.0,0.00747
K2-146 b,93.70358817277737,205000000.0,577000000.0,0.0248
K2-146 c,94.56894304403535,219000000.0,749000000.0,0.0327
K2-147 b,89.49641127065625,147286006.0,277000000.0,0.01575
K2-167 b,85.66041525681975,236509493.0,650000000.0,0.0932
K2-17 b,92.28412415339608,223000000.0,560000000.0,0.119
K2-18 b,91.56513909301759,237000000.0,892000000.0,0.1429
K2-180 b,94.0127002663141,246597575.0,1141003981.0,0.0756
K2-181 b,86.4521621667474,283587212.0,843000000.0,0.0714
K2-182 b,93.54482112182707,271257333.0,2097667486.0,0.05174
K2-19 b,82.62716613434841,700000000.0,3240000000.0,0.074
K2-19 c,88.0774565714955,410000000.0,1080000000.0,0.0971
K2-199 b,96.60719765635967,173000000.0,690000000.0,0.0382
K2-199 c,94.23435629875198,285000000.0,1240000000.0,0.0662
K2-203 b,93.07312112114666,126549392.0,214000000.0,0.0824
K2-204 b,88.34682002173511,317214154.0,1020000000.0,0.0738
K2-208 b,89.3219415071482,167462172.0,345000000.0,0.04878
K2-21 b,94.72983900460027,184000000.0,404000000.0,0.076
K2-21 c,91.14758947405787,249000000.0,676000000.0,0.107
K2-211 b,93.79528446071247,133162691.0,233000000.0,0.01419
K2-216 b,96.27527294284045,175000000.0,800000000.0,0.028
K2-225 b,88.5601151958685,360929179.0,1270000000.0,0.1409
K2-226 b,92.76240770877277,153899305.0,298000000.0,0.04095
K2-229 b,97.73907835606097,100000000.0,249000000.0,0.0131
K2-232 b,72.5997348933405,1120900000.0,12649634000.0,0.10356
K2-237 b,65.71105990686452,1606246934.0,43415360396.0,0.03552
K2-238 b,69.67247446020995,1457170000.0,27333380000.0,0.046
K2-24 b,88.73306909875174,540000000.0,1900000000.0,0.154
K2-25 b,84.57218254378421,344000000.0,2450000000.0,0.0287
K2-250 b,90.7190128415498,271257333.0,781000000.0,0.04606
K2-260 b,64.18497455181164,1841635529.0,54666486004.0,0.04392
K2-261 b,76.44446531861846,926982704.0,6896876432.0,0.1086
K2-265 b,93.67557163968004,170824866.0,734183620.0,0.03359
K2-266 c,99.46326407448923,0.705,0.29013072,0.0679
K2-266 d,93.75522566483397,293000000.0,890000000.0,0.1035
K2-266 e,94.16680248655692,273000000.0,1430000000.0,0.1249
K2-27 b,86.30691276593171,448000000.0,3090000000.0,0.06702
K2-277 b,85.83216020827567,218575124.0,542000000.0,0.0664
K2-28 b,95.22003444897489,232000000.0,599000000.0,0.0214
K2-280 b,78.4608552956887,750000000.0,3710000000.0,0.1461
K2-284 b,93.38774939355574,278000000.0,815000000.0,0.04771
K2-285 b,94.67730083501569,259000000.0,968000000.0,0.03817
K2-285 c,92.85099186954858,353000000.0,1568000000.0,0.0824
K2-29 b,71.68530058612774,1333871000.0,23201590000.0,0.04217
K2-290 c,76.13122023997255,1127625400.0,24600042000.0,0.305
K2-291 b,96.59250456124572,158900000.0,649000000.0,0.03261
K2-292 b,94.324749112874,263000000.0,2450000000.0,0.13
K2-295 b,79.72213194377119,1005447300.0,10647305000.0,0.0451
K2-3 b,94.12315765077356,207800000.0,511000000.0,0.0747
K2-3 c,96.33048531244097,158200000.0,268000000.0,0.1357
K2-30 b,76.00794841994576,1164615100.0,18402357000.0,0.04839
K2-31 b,72.05933618727828,1188154000.0,56383042000.0,0.022
K2-312 c,47.845478122190215,1280000000.0,171945168187.0,19610000000.0
K2-32 b,89.59679150484473,529900000.0,1500000000.0,0.0795
K2-32 c,93.33568823469975,313400000.0,810000000.0,0.13843
K2-32 d,92.66767262815743,348400000.0,670000000.0,0.18422
K2-32 e,97.13959318748574,121200000.0,210000000.0,0.04899
K2-329 b,81.76938384071511,867576600.0,8263580000.0,0.1016
K2-35 b,95.08961743595796,132000000.0,230000000.0,0.031
K2-35 c,94.13320789960135,193000000.0,438000000.0,0.055
K2-360 c,90.30774862566075,402000000.0,1523000000.0,0.0883
K2-39 b,87.55682754989772,627704000.0,2860470000.0,0.05708
K2-4 b,94.6546834664976,210000000.0,506000000.0,0.078
K2-419 A b,77.77945651409046,1055000000.0,19600000000.0,0.1208
K2-43 b,90.20287188754882,451000000.0,1850000000.0,0.03784
K2-45 b,85.25717640654847,671000000.0,3640000000.0,0.0224
K2-54 b,90.27716327182823,261169250.0,733000000.0,0.0761
K2-55 b,91.54427100205845,382000000.0,1400000000.0,0.03486
K2-57 b,90.64810802429426,230905002.0,594000000.0,0.0752
K2-66 b,94.75838572182613,249000000.0,2130000000.0,0.05983
K2-7 b,87.52122496757927,403523305.0,1530000000.0,0.1867
K2-72 b,95.9751186267036,108000000.0,128000000.0,0.04
K2-72 c,95.82065788543477,116000000.0,165000000.0,0.078
K2-72 d,96.10940191015769,101000000.0,101000000.0,0.05
K2-72 e,95.57027451465827,129000000.0,221000000.0,0.106
K2-81 b,95.32859801747166,197000000.0,454000000.0,0.059
K2-83 b,96.50704466657643,124400000.0,208000000.0,0.03014
K2-83 c,96.26194688156696,148300000.0,280000000.0,0.07131
K2-85 b,92.98729523050915,120000000.0,187000000.0,0.013
K2-88 b,92.50496927980413,123000000.0,204000000.0,0.0345
K2-89 b,97.1734734325537,0.615,0.17,0.01462
K2-90 b,93.90427759936941,260000000.0,727000000.0,0.096
K2-90 c,93.85559260630791,130000000.0,224000000.0,0.035
K2-91 b,96.36083721784,110000000.0,137000000.0,0.0164
K2-97 b,69.01517818958817,1345077684.0,17448779544.0,0.0854
K2-99 b,70.75382083754099,1188151954.0,27651071409.0,0.153
K2-99 c,45.94656221339538,1260000000.0,266975861880.0,14300000000.0
KELT-1 b,46.41709443834701,1244200000.0,865415000000.0,0.02466
KELT-11 b,70.5379803862534,1513212395.0,6515482343.0,0.0623
KELT-12 b,66.85909330526975,1995202000.0,30193850000.0,0.06708
KELT-14 b,65.87949252625998,1953728700.0,40809372000.0,0.03005
KELT-15 b,65.80316991200891,1950366000.0,41635730000.0,0.04613
KELT-16 b,61.7003450771076,1586073500.0,87403250000.0,0.02044
KELT-18 b,66.18451342179448,1759813000.0,37503940000.0,0.0455
KELT-2 A b,66.15268562617956,1513215000.0,54031100000.0,0.05497
KELT-23 A b,68.95804568307335,1482950700.0,29812454000.0,0.03302
KELT-24 b,62.26838494969764,1271098411.0,145883238813.0,0.0665
KELT-3 b,63.95522095283046,1748604000.0,61659020000.0,0.04123
KELT-4 A b,66.99996315561346,1904409100.0,28668266000.0,0.04317
KELT-6 b,66.71296944397703,1457170000.0,16527160000.0,0.07939
KELT-6 c,57.87583291397302,1300000000.0,117914930000.0,23900000000.0
KELT-7 b,65.5685279053071,1793440000.0,44178370000.0,0.04415
KELT-8 b,67.56986358582635,1815858000.0,20976780000.0,0.0455
KELT-9 b,61.19797394380041,2119621900.0,91535040000.0,0.03462
KIC 3526061 b,31.471283383321726,1210000000.0,576858558705.0,51400000000.0
KOBE-1 b,94.08241639674114,291000000.0,880000000.0,0.07006
KOBE-1 c,92.82395318364254,356000000.0,1240000000.0,0.16071
KOI-12 b,63.944947843139,1378707000.0,34961300000.0,0.154
KOI-1257 b,65.8882712841106,1054000000.0,46083000000.0,0.382
KOI-13 b,42.43849527019181,1694800800.0,294946240000.0,0.03641
KOI-134 b,71.08339146694857,1203844527.0,34643296363.0,0.363
KOI-134 c,76.0440241656594,986000000.0,6992224954.0,0.2305
KOI-142 c,70.78996311408895,1400000000.0,21410000000.0,0.154121003
KOI-1599.01,96.3202875267206,190000000.0,460000000.0,0.14728
KOI-1599.02,96.22479025729795,190000000.0,900000000.0,0.112293
KOI-351 b,97.1568726014115,131000000.0,227000000.0,0.074
KOI-351 c,97.38711781398177,119000000.0,181000000.0,0.089
KOI-351 d,94.15780906665755,287000000.0,860000000.0,0.32
KOI-351 e,94.56187638800805,266000000.0,756000000.0,0.42
KOI-351 f,94.13620936824853,288000000.0,865000000.0,0.48
KOI-351 g,83.91018000577009,810000000.0,1500000000.0,0.71
KOI-351 h,75.13795166094133,1130000000.0,20300000000.0,10100000000.0
KOI-7368 b,95.41222476729482,222000000.0,556000000.0,0.0678
KOI-7913 b,95.18075018714732,234000000.0,608000000.0,0.1456
KOI-94 b,91.73472046754733,171000000.0,1050000000.0,0.05119
KOI-94 c,82.95389398467243,432000000.0,1560000000.0,0.1013
KOI-94 d,77.67772417016886,1127000000.0,10600000000.0,0.1684
KOI-94 e,87.26833743295796,656000000.0,3500000000.0,0.3046
KOI-984 b,89.55117116263533,430000000.0,1710000000.0,0.0504
KOI-984 c,63.797501170175344,1410000000.0,20980000000.0,0.1467
KPS-1 b,74.69916614444749,1154527000.0,34643470000.0,0.0269
Kepler-10 b,96.84675405168448,147000000.0,324000000.0,0.01685
Kepler-10 c,92.92814112806515,235500000.0,1129000000.0,0.241
Kepler-10 d,89.6346897339806,349000000.0,1200000000.0,0.5379
Kepler-100 e,89.64076204952777,527000000.0,2414271827.0,0.312391586
Kepler-1002 b,96.39143501679169,171000000.0,357000000.0,0.0564
Kepler-1006 b,96.7164955536897,154000000.0,299000000.0,0.1464
Kepler-1007 b,96.9083467342557,144000000.0,267000000.0,0.048
Kepler-1009 b,95.50819559330995,217000000.0,535000000.0,0.0796
Kepler-101 b,87.189106860034,577000000.0,5110000000.0,0.0474
Kepler-1010 b,95.21890499533271,232000000.0,599000000.0,0.193
Kepler-1011 b,94.15971395237645,287000000.0,860000000.0,0.0633
Kepler-1013 b,95.54634313625814,215000000.0,527000000.0,0.137
Kepler-1014 b,95.08479999964607,239000000.0,630000000.0,0.121
Kepler-1018 b,94.71760184732636,258000000.0,718000000.0,0.253
Kepler-1019 b,96.87024944990972,146000000.0,273000000.0,0.0221
Kepler-1021 b,95.20033893203076,233000000.0,604000000.0,0.1034
Kepler-1022 b,95.14271160685672,236000000.0,617000000.0,0.0805
Kepler-1024 b,92.14393318036102,391000000.0,1450000000.0,0.3033
Kepler-1026 b,95.43038524160735,221000000.0,552000000.0,0.1977
Kepler-1028 b,97.11880071466376,133000000.0,233000000.0,0.0354
Kepler-1029 b,97.25244783702902,126000000.0,213000000.0,0.047
Kepler-1030 b,94.91137357595784,248000000.0,671000000.0,0.1338
Kepler-1031 b,99.64585059437232,0.87,0.59,0.0218
Kepler-1032 b,96.08461315576973,187000000.0,416000000.0,0.0361
Kepler-1033 b,94.85398173576456,251000000.0,685000000.0,0.0761
Kepler-1034 b,95.33511606994438,226000000.0,573000000.0,0.0965
Kepler-1037 b,97.21442802822585,128000000.0,218000000.0,0.0198
Kepler-1038 b,92.87812239940774,353000000.0,1220000000.0,0.5238
Kepler-1038 c,96.95378811390628,141623380.0,259000000.0,0.0692
Kepler-104 b,93.62471147643666,310000000.0,1960000000.0,0.094
Kepler-104 c,93.68271942093875,313000000.0,714430805.0,0.153
Kepler-104 d,92.84880684246916,358000000.0,554022107.0,0.257
Kepler-1041 b,94.02385242098623,294000000.0,896000000.0,0.1688
Kepler-1042 b,95.46982354590348,219000000.0,543000000.0,0.0756
Kepler-1043 b,94.7757828698597,255000000.0,704000000.0,0.2159
Kepler-1044 b,94.54558175642468,267000000.0,761000000.0,0.0741
Kepler-1045 b,94.50638153752323,269000000.0,770000000.0,0.1616
Kepler-1048 b,96.58295750880113,161000000.0,322000000.0,0.059
Kepler-1049 b,99.64577835589142,0.95,0.809,0.0349
Kepler-1052 c,95.25223744265118,230000000.0,590000000.0,0.6135
Kepler-1053 b,99.64580867139864,0.98,0.904,0.0315
Kepler-1056 b,93.88856487553235,301000000.0,932000000.0,0.1629
Kepler-1057 b,93.21234498264558,336000000.0,1120000000.0,0.1138
Kepler-1058 b,94.44549847153331,272000000.0,785000000.0,0.3679
Kepler-1059 b,96.35313247051083,173000000.0,364000000.0,0.044
Kepler-1060 b,95.10293809308037,238000000.0,626000000.0,0.2495
Kepler-1062 b,96.29540673253665,176000000.0,375000000.0,0.0748
Kepler-1063 b,96.81236446142066,149000000.0,283000000.0,0.1176
Kepler-1064 b,96.69749398477354,155000000.0,302000000.0,0.1183
Kepler-1065 b,92.49539174249452,373000000.0,1340000000.0,0.0455
Kepler-1065 c,96.60223331080837,160000000.0,319000000.0,0.0344
Kepler-1073 b,95.25831528587219,230000000.0,590000000.0,0.0805
Kepler-1073 c,96.5255294164064,164000000.0,333000000.0,0.0483
Kepler-1073 d,96.81718013489228,148770949.0,282000000.0,0.0352
Kepler-1074 b,97.27150914412701,125000000.0,210000000.0,0.0536
Kepler-1075 b,96.94679866626689,142000000.0,260000000.0,0.0208
Kepler-1076 b,99.64567694610312,0.8,0.437,0.0611
Kepler-1077 b,94.35170288987541,277000000.0,810000000.0,0.2101
Kepler-1078 b,96.02709288372904,190000000.0,427000000.0,0.0388
Kepler-1079 b,96.54441161780252,163000000.0,329000000.0,0.1092
Kepler-108 b,78.87549617106971,865000000.0,5600000000.0,0.292
Kepler-108 c,83.61969959977921,818000000.0,5090000000.0,0.721
Kepler-1080 b,93.36451450423574,328000000.0,1080000000.0,0.3781
Kepler-1083 b,93.21166291180309,336000000.0,1120000000.0,0.1899
Kepler-1084 b,97.54175148215256,111000000.0,141000000.0,0.0324
Kepler-1086 b,94.98840745792833,244000000.0,653000000.0,0.1198
Kepler-1086 c,94.01902668844272,294000000.0,896000000.0,0.503
Kepler-1089 b,96.16128591329094,183000000.0,401000000.0,0.0497
Kepler-1091 b,96.87024862026438,146000000.0,273000000.0,0.0252
Kepler-1092 b,95.6986956874488,207000000.0,494000000.0,0.2996
Kepler-1094 b,93.5584056504392,318000000.0,1020000000.0,0.3625
Kepler-1095 b,97.34858287750194,121000000.0,192000000.0,0.0514
Kepler-1096 b,97.29073211328121,124000000.0,207000000.0,0.034
Kepler-1097 b,93.3992152358476,326000000.0,1070000000.0,0.5791
Kepler-1098 b,97.17614538202547,130000000.0,224000000.0,0.0358
Kepler-1099 b,94.23703966984226,283000000.0,840000000.0,0.0337
Kepler-11 b,95.99112596408659,180000000.0,190000000.0,0.091
Kepler-11 c,94.36897260899875,287000000.0,290000000.0,0.107
Kepler-11 d,93.78497142562102,312000000.0,730000000.0,0.155
Kepler-11 e,91.93211053071698,419000000.0,800000000.0,0.195
Kepler-11 f,95.21069039312725,249000000.0,200000000.0,0.25
Kepler-110 b,96.16101919599424,183000000.0,401000000.0,0.107
Kepler-110 c,95.4305544695674,221000000.0,552000000.0,0.198
Kepler-1101 b,94.92848612901557,247000000.0,666000000.0,0.3483
Kepler-1102 b,94.56330939189256,266000000.0,756000000.0,0.2731
Kepler-1105 b,95.81585260546713,201000000.0,470000000.0,0.0471
Kepler-1106 b,96.50651204455323,165000000.0,336000000.0,0.0239
Kepler-1108 b,96.87014010320003,146000000.0,273000000.0,0.0511
Kepler-1109 b,95.46885264862169,219000000.0,543000000.0,0.2466
Kepler-111 b,96.64052176828227,158000000.0,312000000.0,0.046
Kepler-111 c,81.21575637173002,708407580.0,22247988490.0,0.751
Kepler-1110 b,94.56477855997518,266000000.0,756000000.0,0.0754
Kepler-1111 b,95.83490575583394,200000000.0,466000000.0,0.0872
Kepler-1112 b,93.86963619327756,302000000.0,938000000.0,0.1239
Kepler-1113 b,94.27422316321419,281000000.0,830000000.0,0.2415
Kepler-1115 b,96.40996440868373,170000000.0,353000000.0,0.2134
Kepler-1116 b,94.79497002569151,254000000.0,699000000.0,0.233
Kepler-1118 b,94.4094498586829,274000000.0,795000000.0,0.2079
Kepler-1119 b,95.9884901560489,192000000.0,435000000.0,0.0812
Kepler-112 b,95.1428028513641,236000000.0,617000000.0,0.076
Kepler-112 c,95.06507664453765,240000000.0,635000000.0,0.172
Kepler-1120 b,97.0232092673672,138000000.0,248000000.0,0.0369
Kepler-1122 b,95.75689728499725,204000000.0,482000000.0,0.2315
Kepler-1123 b,96.46808038679525,167000000.0,343000000.0,0.0497
Kepler-1124 b,97.21436491623342,128000000.0,218000000.0,0.0305
Kepler-1125 b,96.14172828257364,184000000.0,404000000.0,0.1348
Kepler-1126 c,96.88236886375105,145000000.0,270000000.0,0.6193
Kepler-1127 b,95.91186541792395,196000000.0,450000000.0,0.0556
Kepler-1128 b,92.64866618455535,365000000.0,1290000000.0,0.302
Kepler-1131 b,96.6213998221366,159000000.0,315000000.0,0.0459
Kepler-1132 b,95.16018015311158,235000000.0,612000000.0,0.2881
Kepler-1133 b,95.89243092919605,197000000.0,454000000.0,0.0983
Kepler-1134 b,94.60311565732917,264000000.0,746000000.0,0.1242
Kepler-1135 b,96.12042871038847,185000000.0,408000000.0,0.3436
Kepler-1136 b,96.52558813656918,164000000.0,333000000.0,0.0299
Kepler-1137 b,95.45003717289319,220000000.0,548000000.0,0.1871
Kepler-1138 b,96.41068366961555,170000000.0,353000000.0,0.0415
Kepler-114 b,97.26201890863258,126000000.0,109000000.0,0.053
Kepler-114 c,96.60563256414603,160000000.0,280000000.0,0.06482
Kepler-114 d,94.8433821540794,253000000.0,390000000.0,0.08358
Kepler-1140 b,94.35206510262512,277000000.0,810000000.0,0.1478
Kepler-1142 b,96.85053818482147,147000000.0,276000000.0,0.1343
Kepler-1143 b,96.46813157193637,167000000.0,343000000.0,0.0371
Kepler-1143 c,92.7403685334997,360000000.0,1260000000.0,0.6477
Kepler-1144 b,95.85381861817619,199000000.0,462000000.0,0.1291
Kepler-1145 b,96.98494276633765,140000000.0,254000000.0,0.0443
Kepler-1146 b,97.30986639001186,123000000.0,204000000.0,0.0325
Kepler-1147 b,94.66115231506,261000000.0,732000000.0,0.0961
Kepler-1148 b,96.42987180003126,169000000.0,350000000.0,0.0188
Kepler-1149 b,96.90839804443232,144000000.0,267000000.0,0.0473
Kepler-115 b,97.58024644052246,109000000.0,132000000.0,0.036
Kepler-115 c,94.68050988354197,260000000.0,727000000.0,0.087
Kepler-1150 b,97.71468548754653,102000000.0,104000000.0,0.0382
Kepler-1151 b,95.4101497527631,222000000.0,556000000.0,0.3197
Kepler-1152 b,99.6458357534236,0.87,0.59,0.0223
Kepler-1153 b,96.35320333830886,173000000.0,364000000.0,0.0277
Kepler-1154 b,95.18142390970176,234000000.0,608000000.0,0.0631
Kepler-1154 c,95.14280111508997,236000000.0,617000000.0,0.0875
Kepler-1155 b,95.77641256821303,203000000.0,478000000.0,0.2006
Kepler-1157 b,97.58017397082622,109000000.0,132000000.0,0.0448
Kepler-1159 b,95.12309076497928,237000000.0,621000000.0,0.1603
Kepler-116 b,93.09590974645593,342000000.0,1160000000.0,0.069
Kepler-116 c,95.25816028140943,230000000.0,590000000.0,0.116
Kepler-1160 b,95.56602968900297,214000000.0,522000000.0,0.0755
Kepler-1161 b,95.58514044209271,213000000.0,518000000.0,0.0784
Kepler-1162 b,95.43052469018215,221000000.0,552000000.0,0.19
Kepler-1162 c,96.19779012447403,181000000.0,393000000.0,0.2832
Kepler-1165 b,96.69774318780095,155000000.0,302000000.0,0.0914
Kepler-1165 c,93.21002539899442,336093385.0,1120000000.0,0.1969
Kepler-1166 b,96.42873782586773,169000000.0,350000000.0,0.1975
Kepler-1167 b,96.39155260881957,171000000.0,357000000.0,0.0175
Kepler-1168 b,94.87157854124327,250000000.0,680000000.0,0.2663
Kepler-117 b,83.85054141016104,805900000.0,2987500000.0,0.1445
Kepler-117 c,71.02201992711221,1234100000.0,58478000000.0,0.2804
Kepler-1170 b,95.04652491372165,241000000.0,639000000.0,0.088
Kepler-1171 b,94.75788316884643,256000000.0,708000000.0,0.0284
Kepler-1172 b,93.52164374360433,320000000.0,1030000000.0,0.168
Kepler-1174 b,96.62128126212356,159000000.0,315000000.0,0.0732
Kepler-1175 b,93.92679574278893,299000000.0,922000000.0,0.2181
Kepler-1176 b,94.96900976309301,245000000.0,657000000.0,0.1589
Kepler-1177 b,96.0234498973964,190000000.0,427000000.0,0.4301
Kepler-1178 b,97.61762395382033,107000000.0,124000000.0,0.1596
Kepler-118 b,95.91178090001753,196000000.0,450000000.0,0.073
Kepler-118 c,84.75555866906555,768000000.0,4570000000.0,0.141
Kepler-1180 b,95.85382872226177,199000000.0,462000000.0,0.1246
Kepler-1181 b,96.65958224292639,157000000.0,309000000.0,0.0621
Kepler-1181 c,96.1611517412887,183000000.0,401000000.0,0.0928
Kepler-1182 b,95.04648312560896,241000000.0,639000000.0,0.0981
Kepler-1183 b,94.25541012638794,282000000.0,835000000.0,0.1793
Kepler-1184 b,94.52472195174816,268000000.0,765000000.0,0.2863
Kepler-1185 b,97.11520723601159,133000000.0,233000000.0,0.4297
Kepler-1186 b,95.3926914262607,223000000.0,560000000.0,0.1281
Kepler-1187 b,94.66086145601238,261000000.0,732000000.0,0.1401
Kepler-1188 b,95.68095132071221,208000000.0,498000000.0,0.135
Kepler-1189 b,96.27648613245829,177000000.0,378000000.0,0.0467
Kepler-119 b,92.74771547838881,360000000.0,1260000000.0,0.035
Kepler-119 c,99.64574830386374,0.92,0.721,0.049
Kepler-1190 b,97.11852040558978,133000000.0,233000000.0,0.0845
Kepler-1191 b,96.77443322796448,151000000.0,289000000.0,0.0587
Kepler-1192 b,95.14221022906747,236000000.0,617000000.0,0.1693
Kepler-1194 b,96.774058359795,151000000.0,289000000.0,0.1212
Kepler-1195 b,95.68125621464318,208000000.0,498000000.0,0.0726
Kepler-1196 b,95.39092328696609,223000000.0,560000000.0,0.3179
Kepler-1198 b,96.85091285498598,147000000.0,276000000.0,0.0732
Kepler-12 b,68.37855711700392,1966058600.0,13730256000.0,0.0553
Kepler-120 b,95.51697836404699,215000000.0,850000000.0,0.055
Kepler-120 c,96.73585662309026,153000000.0,296000000.0,0.088
Kepler-1200 b,97.63791433265555,106000000.0,120000000.0,0.0188
Kepler-1201 b,95.27729314311868,229000000.0,586000000.0,0.1183
Kepler-1202 b,94.0237138336876,294000000.0,896000000.0,0.179
Kepler-1203 b,97.6379538023344,106000000.0,120000000.0,0.0114
Kepler-1204 b,93.8092182967977,305000000.0,953000000.0,0.3877
Kepler-1205 b,96.96592960440624,141000000.0,257000000.0,0.0196
Kepler-1206 b,96.52562852994033,164000000.0,333000000.0,0.0201
Kepler-1207 b,96.56351140937606,162000000.0,326000000.0,0.1156
Kepler-1208 b,95.21972305917525,232000000.0,599000000.0,0.0901
Kepler-121 b,95.18149477172886,234000000.0,608000000.0,0.039
Kepler-121 c,95.31488934045743,227000000.0,577000000.0,0.216
Kepler-1210 b,96.4105107432701,170000000.0,353000000.0,0.0753
Kepler-1212 b,95.56585428162278,214000000.0,522000000.0,0.1082
Kepler-1214 b,95.14243525573374,236000000.0,617000000.0,0.128
Kepler-1215 b,97.32917327812594,122000000.0,198000000.0,0.0528
Kepler-1216 b,97.00404389038556,139000000.0,251000000.0,0.0519
Kepler-1217 b,95.85435194321354,199000000.0,462000000.0,0.0326
Kepler-122 b,95.18140342312086,234000000.0,608000000.0,0.064
Kepler-122 c,88.31969813079678,587000000.0,2900000000.0,0.108
Kepler-122 d,95.45011951755923,220000000.0,548000000.0,0.155
Kepler-122 e,94.49093581605038,260000000.0,2770000000.0,0.227
Kepler-1220 b,96.75525354328315,152000000.0,292000000.0,0.0734
Kepler-1221 b,96.06519055708853,188000000.0,419000000.0,0.0906
Kepler-1223 b,97.32876627615597,122000000.0,198000000.0,0.1186
Kepler-1225 b,96.18042715062245,182000000.0,397000000.0,0.0771
Kepler-1229 b,96.98201899156768,140000000.0,254000000.0,0.3006
Kepler-123 b,93.59644109882876,294000000.0,5530000000.0,0.135
Kepler-123 c,96.83112682464505,148000000.0,279000000.0,0.181
Kepler-1230 b,94.46836252376501,271000000.0,780000000.0,0.0921
Kepler-1231 b,96.94648484514761,142000000.0,260000000.0,0.0914
Kepler-1233 b,94.67923479203054,260000000.0,727000000.0,0.263
Kepler-1234 b,94.27529447319858,281000000.0,830000000.0,0.096
Kepler-1236 b,95.56521503672472,214000000.0,522000000.0,0.1803
Kepler-1237 b,94.17623247456609,286000000.0,855000000.0,0.3778
Kepler-1238 b,95.96952238178707,193000000.0,438000000.0,0.0541
Kepler-1239 b,94.10183437210497,290000000.0,875000000.0,0.0625
Kepler-124 b,99.6457735163159,0.73,0.315,0.039
Kepler-124 c,96.31445484936441,175000000.0,371000000.0,0.1
Kepler-124 d,97.5407317906704,111000000.0,141000000.0,0.17
Kepler-1241 b,94.62236535889004,263000000.0,741000000.0,0.1336
Kepler-1242 b,95.33506299996844,226000000.0,573000000.0,0.1039
Kepler-1243 b,96.31434861244222,175000000.0,371000000.0,0.1256
Kepler-1244 b,97.0805282883723,135000000.0,239000000.0,0.0502
Kepler-1245 b,96.90837605410901,144000000.0,267000000.0,0.0484
Kepler-1245 c,96.90842607298521,144000000.0,267000000.0,0.0372
Kepler-1246 b,97.061144236957,136000000.0,242000000.0,0.0848
Kepler-1247 b,95.20033055126635,233000000.0,604000000.0,0.1091
Kepler-1248 b,97.40646180281426,118000000.0,176000000.0,0.0806
Kepler-1249 b,95.10373356404732,238000000.0,626000000.0,0.167
Kepler-125 b,95.12374510961136,237000000.0,621000000.0,0.041
Kepler-125 c,99.64569010029648,0.74,0.33,0.051
Kepler-1250 b,95.9886919584047,192000000.0,435000000.0,0.0393
Kepler-1251 b,96.14076071324324,184000000.0,404000000.0,0.2478
Kepler-1252 b,96.46770230742172,167000000.0,343000000.0,0.1078
Kepler-1254 b,96.69772509955875,155000000.0,302000000.0,0.0833
Kepler-1254 c,97.17610805705176,130000000.0,224000000.0,0.0422
Kepler-1254 d,97.15691780263772,131000000.0,227000000.0,0.0575
Kepler-1255 b,95.21883359797859,232000000.0,599000000.0,0.2226
Kepler-1257 b,96.75542145834754,152000000.0,292000000.0,0.0376
Kepler-1259 b,96.92773720952924,143000000.0,263000000.0,0.0141
Kepler-126 b,95.96803066489494,152000000.0,411726105.0,0.099
Kepler-126 c,93.33631472480086,158000000.0,127942148.0,0.162
Kepler-126 d,94.71308195609024,250000000.0,5459018723.0,0.448
Kepler-1260 b,96.27594518421746,177000000.0,378000000.0,0.1444
Kepler-1261 b,95.33383492769919,226000000.0,573000000.0,0.239
Kepler-1262 b,96.18036828402404,182000000.0,397000000.0,0.083
Kepler-1263 b,97.48385620770578,114000000.0,155000000.0,0.0499
Kepler-1265 b,97.08042983447157,135000000.0,239000000.0,0.0612
Kepler-1267 b,93.88907526660587,301000000.0,932000000.0,0.1057
Kepler-1268 b,95.77614719076936,203000000.0,478000000.0,0.2383
Kepler-127 b,87.72692449702521,140000000.0,254000000.0,0.125
Kepler-127 c,94.63617687817501,266000000.0,756000000.0,0.2
Kepler-127 d,94.67409767648364,264000000.0,746000000.0,0.28
Kepler-1272 b,95.12208782439876,237000000.0,621000000.0,0.2705
Kepler-1273 b,94.89174574242257,249000000.0,676000000.0,0.1857
Kepler-1275 b,96.83193976025541,148000000.0,279000000.0,0.0488
Kepler-1281 b,96.52556151985378,164000000.0,333000000.0,0.0415
Kepler-1282 b,96.69800242256836,155000000.0,302000000.0,0.0335
Kepler-1283 b,96.00753466207203,191000000.0,431000000.0,0.1062
Kepler-1284 b,97.34873358713554,121000000.0,192000000.0,0.0143
Kepler-1286 b,95.5466140136181,215000000.0,527000000.0,0.0991
Kepler-1287 b,96.71678789726079,154000000.0,299000000.0,0.0976
Kepler-1289 b,96.75523366786238,152000000.0,292000000.0,0.0785
Kepler-129 c,90.96629761125538,252000000.0,4300000000.0,0.39
Kepler-129 d,44.63269818555424,1260000000.0,263797577810.0,40000000000.0
Kepler-1290 b,96.94668676320966,142000000.0,260000000.0,0.0557
Kepler-1291 b,96.48713648845924,166000000.0,339000000.0,0.0779
Kepler-1292 b,96.18055892057073,182000000.0,397000000.0,0.0443
Kepler-1294 b,93.5373181044454,319000000.0,1030000000.0,0.4684
Kepler-1295 b,96.69794307871592,155000000.0,302000000.0,0.0464
Kepler-1296 b,99.64559802267861,0.91,0.693,0.0896
Kepler-1297 b,99.64583451719814,0.97,0.871,0.0283
Kepler-1299 b,93.94673090085722,298000000.0,917000000.0,0.1357
Kepler-130 b,95.24210367673382,102000000.0,104000000.0,0.079
Kepler-130 c,94.1010468612121,290000000.0,875000000.0,0.178
Kepler-130 d,86.87668940906175,164000000.0,333000000.0,0.377
Kepler-1301 b,96.98476239588237,140000000.0,254000000.0,0.0815
Kepler-1302 b,96.92742530436271,143000000.0,263000000.0,0.0795
Kepler-1303 b,96.94658562260693,142000000.0,260000000.0,0.0751
Kepler-1304 b,95.27725991645454,229000000.0,586000000.0,0.1202
Kepler-1305 b,96.06513543478574,188000000.0,419000000.0,0.1109
Kepler-1306 b,96.00741645745337,191000000.0,431000000.0,0.123
Kepler-1307 b,94.93071972405126,247000000.0,666000000.0,0.1369
Kepler-1308 b,99.64581960194323,0.52,0.0933,0.025
Kepler-1309 b,95.12287427902268,237000000.0,621000000.0,0.1679
Kepler-1314 b,89.80795878768696,511000000.0,2290000000.0,0.0504
Kepler-1317 b,96.67896242771266,156000000.0,305000000.0,0.0128
Kepler-1318 b,93.68873505466074,311000000.0,985000000.0,0.6085
Kepler-1319 b,90.81057778539981,134000000.0,236000000.0,0.0296
Kepler-132 b,97.3485155803648,121000000.0,192000000.0,0.067
Kepler-132 c,97.21423920586541,128000000.0,218000000.0,0.068
Kepler-132 d,96.69744213497373,155000000.0,302000000.0,0.136
Kepler-1320 b,96.41079554892121,170000000.0,353000000.0,0.0163
Kepler-1321 b,90.17860693990374,492000000.0,2150000000.0,0.0781
Kepler-1321 c,95.06600636459373,240000000.0,635000000.0,0.0267
Kepler-1321 d,94.62576103205394,262843782.0,741000000.0,0.0501
Kepler-1322 b,96.5832017268704,161000000.0,322000000.0,0.0183
Kepler-1322 c,95.53732020031357,215492527.0,529000000.0,0.0652
Kepler-1324 b,96.77448560381752,151000000.0,289000000.0,0.0466
Kepler-1325 b,94.1780213097995,286000000.0,855000000.0,0.2004
Kepler-1326 b,91.61953448415102,418000000.0,1630000000.0,0.2743
Kepler-1329 b,95.50826664803965,217000000.0,535000000.0,0.0747
Kepler-133 b,96.2954481639714,176000000.0,375000000.0,0.083
Kepler-133 c,94.216704236417,284000000.0,845000000.0,0.204
Kepler-1330 b,96.50619958496824,165000000.0,336000000.0,0.0889
Kepler-1331 b,97.657161317151,105000000.0,116000000.0,0.0142
Kepler-1333 b,94.2718467357882,281000000.0,830000000.0,0.4382
Kepler-1334 b,95.2772769587005,229000000.0,586000000.0,0.1229
Kepler-1335 b,96.88919343406819,145000000.0,270000000.0,0.0615
Kepler-1337 b,95.04601641576298,241000000.0,639000000.0,0.1441
Kepler-134 b,95.83502850865298,200000000.0,466000000.0,0.06
Kepler-134 c,97.25224712442392,126000000.0,213000000.0,0.092
Kepler-1342 b,96.48736284141458,166000000.0,339000000.0,0.0313
Kepler-1343 b,95.96955047137544,193000000.0,438000000.0,0.0449
Kepler-1346 b,96.64051965667993,158000000.0,312000000.0,0.044
Kepler-1347 b,97.69508200175349,103000000.0,108000000.0,0.104
Kepler-1348 b,95.94948830246048,194000000.0,442000000.0,0.1834
Kepler-135 b,96.19967024212355,181000000.0,393000000.0,0.067
Kepler-135 c,97.44501321420177,116000000.0,165000000.0,0.103
Kepler-1350 b,94.83479003590615,252000000.0,690000000.0,0.0413
Kepler-1350 c,96.35320295178954,173000000.0,364000000.0,0.0222
Kepler-1351 b,99.64589385908208,0.65,0.208,0.0156
Kepler-1353 b,96.21821606962247,180000000.0,389000000.0,0.153
Kepler-1354 b,93.964123197074,297000000.0,911000000.0,0.3521
Kepler-1355 b,96.87025374221814,146000000.0,273000000.0,0.0224
Kepler-1356 b,96.736308098923,153000000.0,296000000.0,0.0136
Kepler-1357 b,97.2143593838997,128000000.0,218000000.0,0.041
Kepler-1358 b,97.52227489677105,112000000.0,146000000.0,0.0656
Kepler-136 b,95.60088711646802,205000000.0,1980000000.0,0.106
Kepler-136 c,95.85384498557451,199000000.0,462000000.0,0.133
Kepler-1360 b,93.13328986086546,340000000.0,1150000000.0,0.2866
Kepler-1362 b,94.67602092357448,260000000.0,727000000.0,0.4626
Kepler-1363 b,97.27161513497984,125000000.0,210000000.0,0.0363
Kepler-1364 b,95.54654104354633,215000000.0,527000000.0,0.1284
Kepler-1366 b,96.92766082944526,143000000.0,263000000.0,0.0273
Kepler-1367 b,99.64583832011527,0.92,0.721,0.0236
Kepler-1368 b,96.50655624976396,165000000.0,336000000.0,0.0153
Kepler-1369 b,94.50640049718842,269000000.0,770000000.0,0.1741
Kepler-137 b,96.85088633312617,147000000.0,276000000.0,0.077
Kepler-137 c,96.06495290998315,188000000.0,419000000.0,0.13
Kepler-1372 b,97.23353450914199,127000000.0,215000000.0,0.024
Kepler-1374 b,95.27745314937646,229000000.0,586000000.0,0.0918
Kepler-1375 b,96.33394132056995,174000000.0,368000000.0,0.0471
Kepler-1376 b,97.65697398807076,105000000.0,116000000.0,0.0598
Kepler-1377 b,97.27171894571133,125000000.0,210000000.0,0.0153
Kepler-1378 b,95.45045944933034,220000000.0,548000000.0,0.0885
Kepler-1379 b,97.17623511810733,130000000.0,224000000.0,0.0171
Kepler-138 b,99.92966300104655,0.64,0.07,0.0753
Kepler-138 c,97.12733465668819,151000000.0,230000000.0,0.0913
Kepler-138 d,96.9931465881231,151000000.0,210000000.0,0.1288
Kepler-138 e,97.9779135937489,0.797,0.43,0.1803
Kepler-1380 b,96.92737337685688,143000000.0,263000000.0,0.0917
Kepler-1381 b,95.35385567692657,225000000.0,569000000.0,0.1728
Kepler-1384 b,95.94991913788041,194000000.0,442000000.0,0.1126
Kepler-1386 b,97.29059634833867,124000000.0,207000000.0,0.068
Kepler-1387 b,99.64581342794168,0.93,0.749,0.031
Kepler-1388 b,94.69969343562053,259000000.0,722000000.0,0.0882
Kepler-1388 c,95.33534853471261,226000000.0,573000000.0,0.0519
Kepler-1388 d,94.17847727700129,286000000.0,855000000.0,0.126
Kepler-1388 e,94.94923504176911,246000000.0,662000000.0,0.1861
Kepler-1390 b,97.40649663188401,118000000.0,176000000.0,0.0662
Kepler-1392 b,95.91151192730256,196000000.0,450000000.0,0.1189
Kepler-1393 b,99.64580763666582,0.8,0.437,0.0337
Kepler-1396 b,95.7001205960035,207000000.0,494000000.0,0.1406
Kepler-1399 b,97.27166112341797,125000000.0,210000000.0,0.0276
Kepler-14 b,50.98627591612152,1273300000.0,266966000000.0,0.0771
Kepler-140 b,96.58308689514706,161000000.0,322000000.0,0.045
Kepler-140 c,96.21586602955166,180000000.0,389000000.0,0.414
Kepler-1400 b,96.56367427329842,162000000.0,326000000.0,0.0771
Kepler-1401 b,96.44872305548456,168000000.0,346000000.0,0.0975
Kepler-1402 b,99.64582209273931,0.76,0.363,0.0322
Kepler-1403 b,95.56612762406505,214000000.0,522000000.0,0.064
Kepler-1404 b,95.8154464615816,201000000.0,470000000.0,0.1143
Kepler-1405 b,92.04739733274289,396000000.0,1490000000.0,0.1778
Kepler-1406 b,97.56062110349114,110000000.0,137000000.0,0.0987
Kepler-1407 b,95.35404315815215,225000000.0,569000000.0,0.1502
Kepler-141 b,99.64578420093768,0.69,0.257,0.039
Kepler-141 c,96.96572027741493,141000000.0,257000000.0,0.067
Kepler-1410 b,96.25526455096235,178000000.0,382000000.0,0.2543
Kepler-1411 b,94.25337729465298,282000000.0,835000000.0,0.4001
Kepler-1413 b,96.1802093550787,182000000.0,397000000.0,0.1066
Kepler-1414 b,97.30982533428929,123000000.0,204000000.0,0.0426
Kepler-1416 b,99.6458411048933,0.88,0.615,0.0257
Kepler-1418 b,96.48664791154805,166000000.0,339000000.0,0.131
Kepler-1419 b,94.17771633210256,286000000.0,855000000.0,0.2391
Kepler-142 b,95.8543522316124,199000000.0,462000000.0,0.032
Kepler-142 c,94.1790487455193,286000000.0,855000000.0,0.057
Kepler-142 d,95.52632831735424,216000000.0,531000000.0,0.242
Kepler-1420 b,97.21422916029694,128000000.0,218000000.0,0.0671
Kepler-1422 b,95.79614460059685,202000000.0,474000000.0,0.1499
Kepler-1423 b,97.6371085014338,106000000.0,120000000.0,0.1586
Kepler-1426 b,96.67845937230827,156000000.0,305000000.0,0.1187
Kepler-1427 b,97.56103145199053,110000000.0,137000000.0,0.0197
Kepler-1429 b,97.19519208640826,129000000.0,221000000.0,0.055
Kepler-143 b,95.04631256359282,241000000.0,639000000.0,0.127
Kepler-143 c,93.19212520051923,337000000.0,1130000000.0,0.181
Kepler-1430 b,97.40663847317535,118000000.0,176000000.0,0.0304
Kepler-1431 b,96.8509770324905,147000000.0,276000000.0,0.0648
Kepler-1432 b,95.41162250240444,222000000.0,556000000.0,0.1696
Kepler-1433 b,96.67881648557176,156000000.0,305000000.0,0.0516
Kepler-1436 b,97.1567774138455,131000000.0,227000000.0,0.0907
Kepler-1437 b,97.04204288677167,137000000.0,245000000.0,0.0951
Kepler-1438 b,99.64581202043445,0.94,0.779,0.0346
Kepler-1439 b,96.87001434674522,146000000.0,273000000.0,0.0594
Kepler-144 b,97.11868177634688,133000000.0,233000000.0,0.066
Kepler-144 c,97.08030244139377,135000000.0,239000000.0,0.094
Kepler-1441 b,97.15572812570048,131000000.0,227000000.0,0.2346
Kepler-1447 b,94.10001769409716,290000000.0,875000000.0,0.2836
Kepler-1448 b,96.58276873855466,161000000.0,322000000.0,0.1058
Kepler-1449 b,96.4486515372644,168000000.0,346000000.0,0.1176
Kepler-1450 b,96.3896645888042,171000000.0,357000000.0,0.2401
Kepler-1451 b,93.2304234756023,335000000.0,1120000000.0,0.2101
Kepler-1453 b,94.544156638606,267000000.0,761000000.0,0.262
Kepler-1454 b,96.06395443693906,188000000.0,419000000.0,0.2447
Kepler-1455 b,95.52606481042557,216000000.0,531000000.0,0.2149
Kepler-1456 b,97.48337680621542,114000000.0,155000000.0,0.1132
Kepler-1459 b,97.05932534445095,136000000.0,242000000.0,0.2829
Kepler-146 b,92.53301922982916,371000000.0,1330000000.0,0.2
Kepler-146 c,93.65486065552201,313000000.0,996000000.0,0.364
Kepler-1460 b,95.9109889010748,196000000.0,450000000.0,0.1614
Kepler-1461 b,95.77655795786745,203000000.0,478000000.0,0.1715
Kepler-1462 b,92.31811996693133,382000000.0,1400000000.0,0.3094
Kepler-1463 b,96.10304900748018,186000000.0,412000000.0,0.1694
Kepler-1465 b,96.27549673064036,177000000.0,378000000.0,0.1939
Kepler-1467 b,93.3269804712061,330000000.0,1090000000.0,0.2388
Kepler-1468 b,96.35297454032036,173000000.0,364000000.0,0.0817
Kepler-1468 c,97.46459189540008,115000000.0,160000000.0,0.0466
Kepler-1468 d,93.26606326534173,333187146.0,1110000000.0,0.1456
Kepler-1469 b,94.29424411762452,280000000.0,825000000.0,0.1466
Kepler-147 b,96.7358631158402,153000000.0,296000000.0,0.113
Kepler-147 c,95.00719094624208,243000000.0,648000000.0,0.216
Kepler-1470 b,97.61817129118566,107000000.0,124000000.0,0.116
Kepler-1471 b,96.96583924972566,141000000.0,257000000.0,0.0453
Kepler-1471 c,96.06520454720112,188000000.0,419000000.0,0.0981
Kepler-1472 b,96.02585348041703,190000000.0,427000000.0,0.2322
Kepler-1474 b,95.52651800943904,216000000.0,531000000.0,0.2108
Kepler-1475 b,94.06051818377783,292000000.0,885000000.0,0.373
Kepler-1476 b,96.46786799157184,167000000.0,343000000.0,0.0932
Kepler-1477 b,97.40631755006555,118000000.0,176000000.0,0.0911
Kepler-1478 b,96.35234488098254,173000000.0,364000000.0,0.1681
Kepler-148 b,96.21902854184275,180000000.0,389000000.0,0.028
Kepler-148 c,92.74765344613841,360000000.0,1260000000.0,0.05
Kepler-148 d,82.7727773804932,868000000.0,5630000000.0,0.2607
Kepler-1480 b,96.46745273440482,167000000.0,343000000.0,0.1525
Kepler-1481 b,97.30973971352859,123000000.0,204000000.0,0.059
Kepler-1483 b,96.75518009172274,152000000.0,292000000.0,0.0958
Kepler-1484 b,95.62285883239292,211000000.0,510000000.0,0.1939
Kepler-1486 b,95.21818582144564,232000000.0,599000000.0,0.2846
Kepler-1487 b,95.58526017129354,213000000.0,518000000.0,0.0898
Kepler-1487 c,84.18100769930112,797000000.0,4870000000.0,0.2588
Kepler-1489 b,96.27371592657012,177000000.0,378000000.0,0.3679
Kepler-149 b,91.56163771588153,421000000.0,1650000000.0,0.184
Kepler-149 c,96.58124938507491,161000000.0,322000000.0,0.281
Kepler-149 d,92.04274690620869,396000000.0,1490000000.0,0.571
Kepler-1490 b,93.82828163851838,304000000.0,948000000.0,0.3729
Kepler-1491 b,96.7740455697484,151000000.0,289000000.0,0.127
Kepler-1491 c,94.98689770807496,244000000.0,653000000.0,0.3045
Kepler-1492 b,96.81227014647392,149000000.0,283000000.0,0.1262
Kepler-1493 b,96.96543759066044,141000000.0,257000000.0,0.1197
Kepler-1494 b,93.77033777170067,307000000.0,964000000.0,0.3982
Kepler-1495 b,94.02171703813414,294000000.0,896000000.0,0.3677
Kepler-1496 b,95.4101846525261,222000000.0,556000000.0,0.3211
Kepler-1497 b,96.48713255172518,166000000.0,339000000.0,0.0817
Kepler-1498 b,97.1171938820814,133000000.0,233000000.0,0.2528
Kepler-15 b,76.87573131127274,1076000000.0,20976000000.0,0.05714
Kepler-150 b,97.27159798176292,125000000.0,210000000.0,0.044
Kepler-150 c,92.57245784117056,369000000.0,1320000000.0,0.073
Kepler-150 d,94.31387217950878,279000000.0,820000000.0,0.104
Kepler-150 e,93.67578030883368,312000000.0,991000000.0,0.189
Kepler-1500 b,97.36750293105047,120000000.0,187000000.0,0.1236
Kepler-1502 b,93.55968978394091,318000000.0,1020000000.0,0.2482
Kepler-1503 b,95.31294287275527,227000000.0,577000000.0,0.3771
Kepler-1504 b,95.58261423103122,213000000.0,518000000.0,0.3704
Kepler-1506 b,97.13750949848551,132000000.0,230000000.0,0.1168
Kepler-1508 b,97.11815881743753,133000000.0,233000000.0,0.1629
Kepler-1509 b,96.12224681217423,185000000.0,408000000.0,0.1707
Kepler-151 b,93.79231411069269,306000000.0,959000000.0,0.116
Kepler-151 c,95.66147782850663,209000000.0,502000000.0,0.16
Kepler-1510 b,93.20985320522591,336000000.0,1120000000.0,0.4089
Kepler-1511 b,96.44829829046594,168000000.0,346000000.0,0.1753
Kepler-1514 b,52.959449212168984,1241957200.0,167814240000.0,0.753
Kepler-1514 c,91.33735060364808,117582410.0,174000000.0,0.0997
Kepler-1516 b,96.31468640117761,175000000.0,371000000.0,0.0718
Kepler-1517 b,80.62542838026526,976000000.0,6870000000.0,0.078
Kepler-1518 b,93.81206320727391,305000000.0,953000000.0,0.0593
Kepler-1518 c,94.10167770065277,290000000.0,875000000.0,0.0905
Kepler-1519 b,85.97204881161126,706000000.0,3960000000.0,0.7655
Kepler-152 b,94.31367291525282,279000000.0,820000000.0,0.124
Kepler-152 c,95.08227052550434,239000000.0,630000000.0,0.356
Kepler-1520 b,88.5168277137371,577000000.0,2810000000.0,0.0129
Kepler-1522 b,96.35320009005304,173000000.0,364000000.0,0.0288
Kepler-1524 b,92.8610955888191,354000000.0,1230000000.0,0.3392
Kepler-1526 b,95.00823217223852,243000000.0,648000000.0,0.0418
Kepler-1527 b,90.46607647405277,477000000.0,2040000000.0,0.6276
Kepler-1528 b,96.87023604527066,146000000.0,273000000.0,0.0296
Kepler-1529 b,95.64295259731814,210000000.0,506000000.0,0.0525
Kepler-153 b,94.06275206999611,292000000.0,885000000.0,0.129
Kepler-153 c,94.81408618179728,253000000.0,694000000.0,0.237
Kepler-1532 b,97.08062040788917,135000000.0,239000000.0,0.0206
Kepler-1534 b,96.04620479208349,189000000.0,423000000.0,0.0599
Kepler-1535 b,94.77223873627135,255000000.0,704000000.0,0.5329
Kepler-1536 b,93.62548972260903,314000000.0,1000000000.0,0.8507
Kepler-1537 b,97.40667432621696,118000000.0,176000000.0,0.0245
Kepler-1538 b,94.25023596078562,282000000.0,835000000.0,0.6095
Kepler-1539 b,94.4833098464382,270000000.0,775000000.0,0.4765
Kepler-154 b,95.33437799954359,226000000.0,573000000.0,0.198
Kepler-154 c,94.00322776192336,295000000.0,901000000.0,0.303
Kepler-1540 b,94.88833045371436,249000000.0,676000000.0,0.4426
Kepler-1543 b,94.4684680131376,271000000.0,780000000.0,0.0867
Kepler-1545 b,94.48223753713967,270000000.0,775000000.0,0.5442
Kepler-1546 b,93.65687673690634,313000000.0,996000000.0,0.1366
Kepler-1548 b,94.59931544346033,264000000.0,746000000.0,0.4679
Kepler-1549 b,94.73105167769384,257000000.0,713000000.0,0.6687
Kepler-155 b,95.66213921770071,209000000.0,502000000.0,0.056
Kepler-155 c,95.37210066398791,224000000.0,565000000.0,0.242
Kepler-1550 b,93.86218297890774,302000000.0,938000000.0,0.7681
Kepler-1551 b,94.56425617016387,266000000.0,756000000.0,0.1772
Kepler-1553 b,97.46456729759875,115000000.0,160000000.0,0.0481
Kepler-1555 b,96.58291572939696,161000000.0,322000000.0,0.0805
Kepler-1556 b,95.9117347227726,196000000.0,450000000.0,0.0829
Kepler-1557 b,96.73617611603301,153000000.0,296000000.0,0.049
Kepler-156 b,95.25844603744072,230000000.0,590000000.0,0.054
Kepler-156 c,94.77658029268935,255000000.0,704000000.0,0.117
Kepler-1561 b,97.58029578767174,109000000.0,132000000.0,0.0194
Kepler-1562 b,92.8424934348916,355000000.0,1230000000.0,0.3308
Kepler-1563 b,99.64577273076117,0.75,0.347,0.0442
Kepler-1564 b,96.85054696009905,147000000.0,276000000.0,0.1327
Kepler-1565 b,97.38737121275581,119000000.0,181000000.0,0.0241
Kepler-1567 b,94.42468084893241,273000000.0,790000000.0,0.552
Kepler-157 b,97.13794354238753,132000000.0,230000000.0,0.028
Kepler-157 c,95.37348111661524,224000000.0,565000000.0,0.11
Kepler-1573 b,97.36794109223888,120000000.0,187000000.0,0.0364
Kepler-1574 b,97.19510536782768,129000000.0,221000000.0,0.0743
Kepler-1575 b,97.15702980297954,131000000.0,227000000.0,0.0366
Kepler-1577 b,97.50300182288545,113000000.0,151000000.0,0.0657
Kepler-1578 b,97.67631763527996,104000000.0,112000000.0,0.0252
Kepler-1579 b,99.64589386268999,0.84,0.52,0.014
Kepler-158 b,95.60413635595162,212000000.0,514000000.0,0.111
Kepler-158 c,96.02619152134233,190000000.0,427000000.0,0.158
Kepler-1582 b,96.81269056272166,149000000.0,283000000.0,0.0316
Kepler-1584 b,96.58272889831386,161000000.0,322000000.0,0.1168
Kepler-1585 b,96.23807836631826,179000000.0,386000000.0,0.0445
Kepler-1589 b,97.58033125788647,109000000.0,132000000.0,0.0205
Kepler-159 b,95.10423445875735,238000000.0,626000000.0,0.082
Kepler-159 c,93.11434328141442,341000000.0,1150000000.0,0.218
Kepler-1591 b,97.2332919677565,127000000.0,215000000.0,0.0794
Kepler-1592 b,96.71708500087338,154000000.0,299000000.0,0.04
Kepler-1594 b,97.63785796291963,106000000.0,120000000.0,0.0396
Kepler-1595 b,97.30978835259592,123000000.0,204000000.0,0.051
Kepler-1596 b,96.02485691633359,190000000.0,427000000.0,0.3237
Kepler-1599 b,96.55967643329362,162000000.0,326000000.0,0.4823
Kepler-16 b,82.89029684179121,844930000.0,10583300000.0,0.7048
Kepler-160 b,96.38183221325914,171500000.0,359000000.0,0.05511
Kepler-160 c,92.43667482461734,376000000.0,1360000000.0,0.1192
Kepler-1603 b,97.1952701836977,129000000.0,221000000.0,0.0351
Kepler-1606 b,95.69383203114867,207000000.0,494000000.0,0.6421
Kepler-1608 b,96.35268400134792,173000000.0,364000000.0,0.1126
Kepler-1609 b,95.40843150075777,222000000.0,556000000.0,0.4679
Kepler-161 b,95.62771736788065,212000000.0,263000000.0,0.054
Kepler-161 c,95.75046568070853,205000000.0,361000000.0,0.068
Kepler-1610 b,96.58289467044816,161000000.0,322000000.0,0.0777
Kepler-1610 c,95.66076113980527,209000000.0,502000000.0,0.2323
Kepler-1611 b,99.64571121074333,0.81,0.457,0.0586
Kepler-1612 b,97.69543809609576,103000000.0,108000000.0,0.0482
Kepler-1614 b,96.81272202284217,149000000.0,283000000.0,0.0471
Kepler-1615 b,95.71830155742724,206000000.0,490000000.0,0.2788
Kepler-162 b,97.25235954668135,126000000.0,213000000.0,0.069
Kepler-162 c,93.85015700237595,303000000.0,943000000.0,0.137
Kepler-1620 b,96.57960420595272,161000000.0,322000000.0,0.4322
Kepler-1621 b,95.52454795238589,216000000.0,531000000.0,0.4204
Kepler-1623 b,97.15696600004138,131000000.0,227000000.0,0.0518
Kepler-1624 b,88.65319461794604,570000000.0,2760000000.0,0.0327
Kepler-1626 b,95.79665503941011,202000000.0,474000000.0,0.0537
Kepler-1627 b,92.57246416314686,369000000.0,1320000000.0,0.0643
Kepler-1628 b,87.21819555377417,643000000.0,3380000000.0,0.2952
Kepler-1629 b,99.64575709245365,0.77,0.381,0.0485
Kepler-163 b,97.65688569670222,105000000.0,116000000.0,0.078
Kepler-163 c,95.33479061385225,226000000.0,573000000.0,0.152
Kepler-1630 b,94.22803172800046,219000000.0,543000000.0,11218000000.0
Kepler-1631 b,97.08051449638432,135000000.0,239000000.0,0.0511
Kepler-1632 b,94.91553639913876,247000000.0,666000000.0,0.6762
Kepler-1633 b,96.63406213900758,158000000.0,312000000.0,0.3875
Kepler-1634 b,92.37964182276549,319000000.0,1030000000.0,10525000000.0
Kepler-1637 b,99.64567827726839,0.89,0.64,0.0596
Kepler-1638 b,96.0755781691955,187000000.0,416000000.0,0.745
Kepler-1639 b,94.71898588422403,258000000.0,718000000.0,0.0932
Kepler-164 b,96.96578998853283,141000000.0,257000000.0,0.058
Kepler-164 c,94.4297280098493,273000000.0,790000000.0,0.097
Kepler-164 d,94.96883993241482,245000000.0,657000000.0,0.187
Kepler-164 e,91.50095894610507,424000000.0,1670000000.0,0.4025
Kepler-1640 b,90.37449878272473,482000000.0,2070000000.0,0.0836
Kepler-1641 b,93.69556600144763,311000000.0,985000000.0,0.1473
Kepler-1641 c,94.00427386709563,295000000.0,901000000.0,0.2065
Kepler-1642 b,93.52213121538605,320000000.0,1030000000.0,0.1016
Kepler-1642 c,94.56488589226994,266000000.0,756000000.0,0.0678
Kepler-1643 b,95.21992568892553,232000000.0,599000000.0,0.0531
Kepler-1644 b,96.06486980952442,188000000.0,419000000.0,0.142
Kepler-1645 b,96.2568414405512,178000000.0,382000000.0,0.1285
Kepler-1646 b,97.30979111273186,123000000.0,204000000.0,0.0295
Kepler-1647 b,69.28822575660699,1187390000.0,48300000000.0,27205000000.0
Kepler-1649 b,97.72022105013318,101700000.0,103000000.0,0.0514
Kepler-1649 c,97.63726447146692,106000000.0,120000000.0,0.0649
Kepler-165 b,95.21982553916354,232000000.0,599000000.0,0.072
Kepler-165 c,95.39271837758184,223000000.0,560000000.0,0.11
Kepler-1650 b,99.85787918930944,0.96,0.84,0.0167
Kepler-1651 b,94.09370066611285,184000000.0,404000000.0,0.0692
Kepler-1652 b,96.60097263391106,160000000.0,319000000.0,0.1654
Kepler-1653 b,95.50364708586604,217000000.0,535000000.0,0.4706
Kepler-1656 c,59.0604787952512,1400000000.0,12640000000.0,30530000000.0
Kepler-1658 b,59.18061125506432,1199363000.0,186884040000.0,0.0544
Kepler-166 b,95.31606641819761,227000000.0,577000000.0,0.072
Kepler-166 c,95.1033833257037,238000000.0,626000000.0,0.195
Kepler-1660 AB b,60.22637409742619,1290000000.0,158659940774.0,0.8
Kepler-1661 b,91.69196669689109,387000000.0,1700000000.0,0.633
Kepler-1663 b,93.32056171166836,330395896.0,1090000000.0,0.1072
Kepler-1664 b,93.84411038048785,303320653.0,945000000.0,0.1137
Kepler-1666 b,94.13445519431072,288273782.0,866000000.0,0.1761
Kepler-1666 c,93.45212538703487,323564749.0,1050000000.0,0.2383
Kepler-1668 b,91.29451854928485,434764405.0,1740000000.0,0.124
Kepler-1669 b,94.33245410691458,278043818.0,815000000.0,0.0745
Kepler-1669 c,96.02486329890074,190120972.0,427000000.0,0.0228
Kepler-1669 d,97.32917460587994,122000000.0,198000000.0,0.0468
Kepler-167 b,96.37608546154343,171800000.0,360000000.0,0.04825
Kepler-167 c,96.46034454454232,167400000.0,344000000.0,0.0684
Kepler-167 d,97.2939247516867,123800000.0,206000000.0,0.1404
Kepler-1670 b,93.21874965348793,335648010.0,1120000000.0,0.1528
Kepler-1674 b,93.50855248268309,320577490.0,1040000000.0,0.3017
Kepler-1676 b,93.17891426301358,337695960.0,1130000000.0,0.1954
Kepler-1678 b,93.31546498770906,330422249.0,1090000000.0,0.5302
Kepler-1679 b,95.70201193975939,206920360.0,493000000.0,0.0892
Kepler-168 b,96.87014309078243,146000000.0,273000000.0,0.056
Kepler-168 c,94.5068479264052,269000000.0,770000000.0,0.116
Kepler-1681 b,94.76852127335154,255321772.0,705000000.0,0.32
Kepler-1682 b,94.12190848525765,288940836.0,870000000.0,0.1134
Kepler-1683 b,96.07510622703985,187477762.0,417000000.0,0.1182
Kepler-1684 b,94.15663626284636,287084792.0,860000000.0,0.2253
Kepler-1685 b,94.72493759048794,257673985.0,716000000.0,0.1485
Kepler-1687 b,96.4944148202132,165623882.0,338000000.0,0.0532
Kepler-1688 b,97.24911681573106,126174569.0,213000000.0,0.0577
Kepler-169 b,97.5031096224894,113000000.0,151000000.0,0.04
Kepler-169 c,97.34851497086092,121000000.0,192000000.0,0.062
Kepler-169 d,97.2714243697896,125000000.0,210000000.0,0.075
Kepler-169 e,95.45039547097298,220000000.0,548000000.0,0.105
Kepler-169 f,94.71626135484695,258000000.0,718000000.0,0.359
Kepler-1690 b,94.26537873957218,281109223.0,830000000.0,0.7097
Kepler-1691 b,96.15236635961813,183470985.0,402000000.0,0.0495
Kepler-1692 b,97.53818349639415,111177184.0,142000000.0,0.0646
Kepler-1693 b,97.19608357649142,128938413.0,221000000.0,0.1011
Kepler-1693 c,99.64570459887827,0.97698289,0.894,0.0588
Kepler-1694 b,97.40685099881836,117986031.0,176000000.0,0.0449
Kepler-1695 b,97.523319744783,111948901.0,146000000.0,0.0529
Kepler-1696 b,94.2738200377448,280982017.0,829000000.0,0.3244
Kepler-1697 b,97.25236625359051,125954761.0,212000000.0,0.2008
Kepler-1699 b,96.66591950659489,156671124.0,308000000.0,0.0418
Kepler-170 b,92.85501756553893,320000000.0,8260000000.0,0.08
Kepler-170 c,94.17862868961306,286000000.0,855000000.0,0.131
Kepler-1702 b,96.59797759194785,160190793.0,320000000.0,0.1275
Kepler-1704 b,53.04122933351249,1194877343.0,132216617312.0,20270000000.0
Kepler-1705 b,95.788617391031,203000000.0,447000000.0,0.08
Kepler-171 b,95.18145985399583,234000000.0,608000000.0,0.05
Kepler-171 c,94.75752956765449,256000000.0,708000000.0,0.098
Kepler-171 d,96.04500932750459,189000000.0,423000000.0,0.223
Kepler-1711 b,95.9822970117517,192300000.0,436000000.0,0.1463
Kepler-1712 b,95.28943844855722,228372556.0,583000000.0,0.0903
Kepler-1717 b,93.92846861558088,298929758.0,921000000.0,0.2014
Kepler-172 b,95.1622956237953,235000000.0,612000000.0,0.04
Kepler-172 c,94.17899132404669,286000000.0,855000000.0,0.068
Kepler-172 d,95.35423525884245,225000000.0,569000000.0,0.118
Kepler-172 e,94.37097561168466,276000000.0,805000000.0,0.211
Kepler-1720 b,93.4913262956115,321585295.0,1040000000.0,0.1043
Kepler-1721 b,93.67949679228286,311856756.0,990000000.0,0.0519
Kepler-1722 b,94.1650662315661,286719266.0,858000000.0,0.0819
Kepler-1723 b,94.13833713449516,288046569.0,865000000.0,0.2249
Kepler-1724 b,94.2238535130953,283677238.0,843000000.0,0.0683
Kepler-1727 b,93.5736223789825,317321625.0,1020000000.0,0.0796
Kepler-1728 b,93.99552607945066,295501875.0,904000000.0,0.0535
Kepler-1729 b,92.17711324566389,389404186.0,1440000000.0,0.0418
Kepler-173 b,97.19519988940975,129000000.0,221000000.0,0.048
Kepler-173 c,95.00808759842563,243000000.0,648000000.0,0.074
Kepler-1730 b,91.02612888909476,448524519.0,1840000000.0,0.1131
Kepler-1732 b,91.77795517189463,409903273.0,1570000000.0,0.2015
Kepler-1733 b,92.67814380391862,363582354.0,1280000000.0,0.0933
Kepler-1734 b,93.73751741348181,308851092.0,974000000.0,0.0714
Kepler-1735 b,97.37879210151006,119429134.0,184000000.0,0.0621
Kepler-1736 b,92.2097356217974,387658560.0,1430000000.0,0.2188
Kepler-1737 b,89.24867305731443,539500000.0,2510000000.0,0.297
Kepler-1738 b,94.24705226427194,282472883.0,837000000.0,0.0781
Kepler-1739 b,95.00704033930413,243056832.0,648000000.0,0.0697
Kepler-174 b,95.91155283313944,196000000.0,450000000.0,0.1
Kepler-174 c,96.81130866127657,149000000.0,283000000.0,0.214
Kepler-174 d,95.46145282753952,219000000.0,543000000.0,0.677
Kepler-1740 b,93.28369804699554,332321414.0,1100000000.0,0.0779
Kepler-1741 b,97.22773968744961,127300000.0,216000000.0,0.0296
Kepler-1742 b,95.49104806464736,217824130.0,538000000.0,0.2587
Kepler-1745 b,95.97195627372531,192872921.0,438000000.0,0.0408
Kepler-1747 b,91.4559178307478,426508000.0,1680000000.0,0.066
Kepler-1748 b,94.46323520841521,271275017.0,781000000.0,0.0615
Kepler-1749 b,96.57691148468723,161301783.0,323000000.0,0.0956
Kepler-175 b,94.75751403973477,256000000.0,708000000.0,0.105
Kepler-175 c,93.71435898798585,310000000.0,980000000.0,0.213
Kepler-1750 b,88.0496336829644,600434637.0,3010000000.0,0.6785
Kepler-1751 b,96.17247191515686,182417378.0,398000000.0,0.0712
Kepler-1752 b,90.91757072360727,454060463.0,1870000000.0,0.2698
Kepler-1753 b,95.3988507624703,222678077.0,559000000.0,0.1179
Kepler-1754 b,94.9888468466915,243996509.0,653000000.0,0.0718
Kepler-1755 b,88.2272506779395,591688317.0,2940000000.0,0.1668
Kepler-1756 b,96.84724199114999,147199944.0,277000000.0,0.0319
Kepler-1757 b,94.01131751283175,294660251.0,899000000.0,0.1335
Kepler-1758 b,94.73715508900611,257059831.0,713000000.0,0.0919
Kepler-1759 b,99.6457625900919,0.9037791,0.676,0.0429
Kepler-176 c,94.73519779630777,260000000.0,133000000.0,0.102
Kepler-176 d,94.90068514752856,251000000.0,172000000.0,0.163
Kepler-1760 b,95.27656056097202,228995546.0,586000000.0,0.2084
Kepler-1761 b,97.00199068246484,139109603.0,251000000.0,0.0413
Kepler-1762 b,94.3707408542385,276022913.0,805000000.0,0.204
Kepler-1763 b,97.47132539187326,114651332.0,159000000.0,0.0257
Kepler-1764 b,90.88850638150178,455527871.0,1880000000.0,0.3512
Kepler-1765 b,94.8826175859378,249508857.0,678000000.0,0.0917
Kepler-1767 b,93.88161126789646,301299077.0,934000000.0,0.2873
Kepler-1768 b,95.38601560768856,223346338.0,562000000.0,0.1286
Kepler-1770 b,94.21455167814662,284141754.0,845000000.0,0.1261
Kepler-1771 b,91.86006180840036,405537256.0,1550000000.0,0.3815
Kepler-1778 b,93.8762642280251,301665969.0,936000000.0,0.0956
Kepler-1779 b,93.84460397894803,303295685.0,944000000.0,0.1264
Kepler-178 b,94.10167961783003,290000000.0,875000000.0,0.085
Kepler-178 c,94.13989192143536,288000000.0,865000000.0,0.142
Kepler-178 d,92.06474317926103,395000000.0,1480000000.0,0.397
Kepler-1780 b,92.73170053033493,360600667.0,1270000000.0,0.4276
Kepler-1781 b,95.10270495041615,238091029.0,626000000.0,0.0574
Kepler-1784 b,94.29582477727647,279936489.0,824000000.0,0.1072
Kepler-1787 b,95.22064507243753,231898181.0,599000000.0,0.227
Kepler-1788 b,95.10740280313334,237850461.0,625000000.0,0.0343
Kepler-1789 b,94.2316947182699,283137505.0,840000000.0,0.3543
Kepler-179 b,96.52557493231085,164000000.0,333000000.0,0.036
Kepler-179 c,95.8349903039485,200000000.0,466000000.0,0.064
Kepler-1791 b,93.67464923027644,312103321.0,991000000.0,0.0761
Kepler-1792 b,94.83506302368878,251990972.0,689000000.0,0.0488
Kepler-1793 b,92.37778076362582,379037518.0,1380000000.0,0.0787
Kepler-1794 b,96.2297376598496,179426276.0,387000000.0,0.0821
Kepler-1795 b,96.48119544682525,166301611.0,340000000.0,0.1002
Kepler-1796 b,94.38957348851423,275047868.0,800000000.0,0.1879
Kepler-1797 b,93.79636864778402,305774442.0,958000000.0,0.1637
Kepler-1798 b,95.24049111780752,230911251.0,594000000.0,0.1082
Kepler-1799 b,91.72223662669678,412801189.0,1590000000.0,0.1028
Kepler-18 b,95.81441927077142,200000000.0,690000000.0,0.0447
Kepler-18 c,89.1437062488099,549000000.0,1730000000.0,0.0752
Kepler-18 d,86.34484354901358,698000000.0,1640000000.0,0.1172
Kepler-180 b,96.7932585035825,150000000.0,286000000.0,0.109
Kepler-180 c,93.88805709715885,301000000.0,932000000.0,0.229
Kepler-1801 b,94.46973657190222,270926154.0,780000000.0,0.0915
Kepler-1801 c,94.0786039298632,291000000.0,880000000.0,0.4572
Kepler-1802 b,96.4658044930229,167100000.0,343000000.0,0.0662
Kepler-1802 c,95.21508499501968,232200000.0,600000000.0,0.1748
Kepler-1804 b,96.60921471211742,159615726.0,318000000.0,0.1017
Kepler-1805 b,96.70731428241719,154502915.0,300000000.0,0.0699
Kepler-1806 b,95.15125071292078,235560189.0,615000000.0,0.0813
Kepler-1807 b,94.48003832706111,270393215.0,777000000.0,0.0988
Kepler-1808 b,93.85950273266977,302511302.0,940000000.0,0.1467
Kepler-181 b,97.233470064834,127000000.0,215000000.0,0.04
Kepler-181 c,95.85427184912342,199000000.0,462000000.0,0.049
Kepler-1810 b,92.12642585821737,391815325.0,1460000000.0,0.4137
Kepler-1811 b,92.26350675895473,384829873.0,1410000000.0,0.3462
Kepler-1812 b,95.21036612859736,232494240.0,601000000.0,0.0765
Kepler-1813 b,96.96012441783381,141300000.0,258000000.0,0.0364
Kepler-1814 c,96.29573504218217,176000000.0,375000000.0,0.0133
Kepler-1815 b,94.39319959567499,274892620.0,799000000.0,0.0984
Kepler-1817 b,95.30801166594168,227349126.0,579000000.0,0.2348
Kepler-1818 b,96.3845371489096,171360684.0,358000000.0,0.055
Kepler-1819 b,92.15791627679783,390351256.0,1450000000.0,0.1337
Kepler-182 b,94.71898774346886,258000000.0,718000000.0,0.096
Kepler-182 c,93.07655213399063,343000000.0,1160000000.0,0.157
Kepler-1820 b,93.67806815777404,311883067.0,990000000.0,0.1964
Kepler-1821 b,94.69468753839513,259248115.0,724000000.0,0.1244
Kepler-1822 b,94.58832931461247,264755943.0,750000000.0,0.1416
Kepler-1824 b,95.09881475792689,238127597.0,626000000.0,0.4267
Kepler-1825 b,96.9429424830771,142200732.0,261000000.0,0.0187
Kepler-1826 b,96.84116315182169,147519116.0,278000000.0,0.0213
Kepler-1828 b,95.61201695316095,211598626.0,513000000.0,0.0924
Kepler-1829 b,94.91400134046775,247887001.0,671000000.0,0.0559
Kepler-183 b,95.71977034555097,206000000.0,490000000.0,0.064
Kepler-183 c,95.03969853637261,227000000.0,3570000000.0,0.103
Kepler-1831 b,95.89226125560452,197019818.0,454000000.0,0.0655
Kepler-1832 b,97.31530632087342,122719556.0,202000000.0,0.037
Kepler-1834 c,97.3293414901602,122000000.0,198000000.0,0.015
Kepler-1835 b,92.87563386717366,353387773.0,1220000000.0,0.0997
Kepler-1836 b,94.77115156125106,255303229.0,705000000.0,0.0602
Kepler-1837 b,95.70688399405456,206673842.0,492000000.0,0.065
Kepler-1839 b,95.93225098228568,194937590.0,446000000.0,0.0583
Kepler-184 b,95.14272244413918,236000000.0,617000000.0,0.092
Kepler-184 c,95.85280626502505,197000000.0,880000000.0,0.141
Kepler-184 d,94.89173174409962,249000000.0,676000000.0,0.179
Kepler-1841 b,96.81368743217182,148912557.0,282000000.0,0.1606
Kepler-1842 b,95.15439774364299,235388681.0,614000000.0,0.116
Kepler-1844 b,93.83821699112069,303648191.0,946000000.0,0.0478
Kepler-1845 b,94.99182929174955,243836702.0,652000000.0,0.0885
Kepler-1847 b,94.40049932279506,274516914.0,797000000.0,0.0989
Kepler-1849 b,95.08938286779158,238685349.0,629000000.0,0.2597
Kepler-185 b,97.42596748251023,117000000.0,171000000.0,0.026
Kepler-185 c,95.79606965748717,202000000.0,474000000.0,0.139
Kepler-1850 b,99.64584496058139,0.72909663,0.313,0.0206
Kepler-1851 b,92.16446421626583,390012032.0,1450000000.0,0.1016
Kepler-1852 b,96.05355334296355,188610592.0,422000000.0,0.0762
Kepler-1853 b,96.75638508975226,151862272.0,292000000.0,0.2395
Kepler-1855 b,97.33667522633296,121620500.0,196000000.0,0.0115
Kepler-1856 b,96.34459767603681,173447868.0,366000000.0,0.0215
Kepler-1858 b,95.02130037635506,242168247.0,644000000.0,0.3575
Kepler-1859 b,96.63454384435731,158313575.0,313000000.0,0.0394
Kepler-1859 c,96.48731411994885,166000000.0,339000000.0,0.0473
Kepler-186 b,97.61860913636662,107000000.0,124000000.0,0.0343
Kepler-186 c,97.27146250822325,125000000.0,210000000.0,0.0451
Kepler-186 d,96.98461205341295,140000000.0,254000000.0,0.0781
Kepler-186 e,97.2327901003755,127000000.0,215000000.0,0.11
Kepler-1862 b,95.44457086170436,220300000.0,549000000.0,0.1199
Kepler-1865 b,96.6465568025158,157686072.0,311000000.0,0.0344
Kepler-1866 b,95.67700000862911,208215108.0,499000000.0,0.1016
Kepler-1867 b,97.44533210210724,115985997.0,165000000.0,0.0872
Kepler-1869 c,99.64583327996637,0.74,0.33,0.028
Kepler-187 b,96.96579338189238,141000000.0,257000000.0,0.059
Kepler-187 c,94.54544533275264,267000000.0,761000000.0,0.099
Kepler-1871 b,95.024251912132,242172881.0,644000000.0,0.0308
Kepler-1872 b,95.09633906351843,238421141.0,628000000.0,0.0465
Kepler-1873 b,96.55299997715672,162573811.0,328000000.0,0.0128
Kepler-1874 b,95.4275916222133,221110724.0,552000000.0,0.2633
Kepler-1875 b,93.46888732360753,322686692.0,1050000000.0,0.2039
Kepler-1878 b,94.06279612190116,292019781.0,886000000.0,0.0521
Kepler-188 b,96.44904553039328,168000000.0,346000000.0,0.032
Kepler-188 c,93.54118866661901,319000000.0,1030000000.0,0.066
Kepler-1880 b,95.61050676042679,211686218.0,513000000.0,0.054
Kepler-1883 b,93.41992870924581,325107395.0,1060000000.0,0.4438
Kepler-1884 b,96.19171721888709,181406781.0,395000000.0,0.0845
Kepler-1885 b,96.7724591513859,151110555.0,289000000.0,0.036
Kepler-1886 b,94.71549333137017,258158428.0,718000000.0,0.16
Kepler-1887 b,94.05387784716356,292454357.0,888000000.0,0.1421
Kepler-1888 b,97.12651606067354,132578716.0,232000000.0,0.0956
Kepler-1889 b,94.01643040336658,294360686.0,898000000.0,0.2082
Kepler-189 b,97.34836661020822,121000000.0,192000000.0,0.088
Kepler-189 c,94.95215522705885,238000000.0,2270000000.0,0.137
Kepler-1891 b,96.75265992070638,152139156.0,293000000.0,0.0473
Kepler-1892 b,96.14772264748544,183707938.0,403000000.0,0.0633
Kepler-1893 b,96.39996214722805,170557445.0,355000000.0,0.0504
Kepler-1894 b,97.36571752317593,120117759.0,187000000.0,0.0385
Kepler-1894 c,97.34855526022521,121000000.0,192000000.0,0.0576
Kepler-1895 b,95.60574138185505,211934728.0,514000000.0,0.0615
Kepler-1896 b,93.715182371921,309935997.0,980000000.0,0.2529
Kepler-1897 b,94.26699138699865,281407954.0,832000000.0,0.1546
Kepler-1899 b,96.69608146665922,155098292.0,302000000.0,0.0457
Kepler-19 c,88.84684641271687,368000000.0,1310000000.0,0.1765736996
Kepler-190 b,96.67889114906468,156000000.0,305000000.0,0.03
Kepler-190 c,96.87016646337976,146000000.0,273000000.0,0.045
Kepler-1900 b,96.55786857066072,162314676.0,327000000.0,0.042
Kepler-1901 b,96.84307727286166,147418907.0,277000000.0,0.0453
Kepler-1902 b,97.41499581663875,117563613.0,174000000.0,0.0385
Kepler-1903 b,95.28405576135435,228642395.0,585000000.0,0.1321
Kepler-1904 b,97.00309581033473,139049940.0,251000000.0,0.0436
Kepler-1905 b,96.89678301033807,144607340.0,269000000.0,0.0451
Kepler-1906 b,94.34077855596792,277615754.0,813000000.0,0.0738
Kepler-1909 b,97.57605891069795,109217411.0,133000000.0,0.0306
Kepler-191 b,97.09942348856308,134000000.0,236000000.0,0.087
Kepler-191 c,96.10331083787024,186000000.0,412000000.0,0.128
Kepler-1910 b,97.39880463689832,118400000.0,178000000.0,0.0536
Kepler-1911 b,97.73180385606395,101100000.0,101000000.0,0.0636
Kepler-1913 b,96.7578016513182,151852059.0,292000000.0,0.1209
Kepler-1914 b,94.01793153829175,294298030.0,897000000.0,0.1954
Kepler-1915 b,93.48727166560775,321798413.0,1040000000.0,0.114
Kepler-1916 b,94.6458825487499,261757235.0,735000000.0,0.2053
Kepler-1917 b,96.04649212036453,188971288.0,423000000.0,0.103
Kepler-1918 b,95.26151762544296,229763023.0,589000000.0,0.2524
Kepler-1919 b,94.6334390004698,262390658.0,738000000.0,0.2107
Kepler-192 b,94.41046416006209,274000000.0,795000000.0,0.09
Kepler-192 c,94.31356651145738,279000000.0,820000000.0,0.15
Kepler-1920 b,93.99634019188866,295415848.0,903000000.0,0.2043
Kepler-1921 c,96.96585624980223,141000000.0,257000000.0,0.0454
Kepler-1922 b,95.27613978472522,229064904.0,586000000.0,0.1077
Kepler-1923 b,95.91097762894886,195958179.0,450000000.0,0.2846
Kepler-1924 b,94.57528213822928,265446572.0,753000000.0,0.1216
Kepler-1925 b,93.9037423992334,300177922.0,928000000.0,0.2588
Kepler-1926 b,95.22828105495482,231495961.0,597000000.0,0.2197
Kepler-1928 b,87.44038227606653,199200000.0,463000000.0,0.194
Kepler-193 b,95.08498287617871,239000000.0,630000000.0,0.106
Kepler-193 c,94.38972569808845,275000000.0,800000000.0,0.286
Kepler-1935 b,94.86810600843725,250271696.0,682000000.0,0.0463
Kepler-1938 b,96.16432111169905,182828927.0,400000000.0,0.0938
Kepler-1939 b,97.43598488269448,116480773.0,168000000.0,0.0334
Kepler-194 b,96.77455700825101,151000000.0,289000000.0,0.032
Kepler-194 c,94.6995162067598,259000000.0,722000000.0,0.131
Kepler-194 d,95.06422127527068,240000000.0,635000000.0,0.275
Kepler-1940 b,96.7030350956845,154732469.0,301000000.0,0.0525
Kepler-1941 b,94.58374893945839,264976949.0,751000000.0,0.2054
Kepler-1942 b,95.61025245734949,211702870.0,513000000.0,0.0516
Kepler-1944 b,94.37241075971116,275971163.0,805000000.0,0.0918
Kepler-1945 b,97.19701963370234,128900000.0,221000000.0,0.0597
Kepler-1946 b,94.89626949151511,248812698.0,675000000.0,0.0394
Kepler-1948 b,97.68959908873795,103283226.0,109000000.0,0.1022
Kepler-1949 b,95.4130563005173,221964541.0,556000000.0,0.0352
Kepler-195 b,95.77730044200504,203000000.0,478000000.0,0.077
Kepler-195 c,96.69687449326632,155000000.0,302000000.0,0.197
Kepler-1950 b,96.74174039512378,152696349.0,295000000.0,0.0871
Kepler-1951 b,95.21727373526367,232107188.0,600000000.0,0.1435
Kepler-1952 b,97.29131803108513,123923346.0,207000000.0,0.1724
Kepler-1953 b,97.20323481772343,128574667.0,220000000.0,0.0607
Kepler-1954 b,96.21434506109279,180235934.0,390000000.0,0.0625
Kepler-1956 b,97.58124734245334,108940238.0,132000000.0,0.0563
Kepler-1957 b,99.6458167065531,0.94374867,0.79,0.0299
Kepler-1958 b,95.73650757958437,205124311.0,486000000.0,0.0856
Kepler-1959 b,97.47765908872361,114315727.0,157000000.0,0.0617
Kepler-196 b,96.02646716155655,190000000.0,427000000.0,0.138
Kepler-196 c,95.37228535538918,224000000.0,565000000.0,0.24
Kepler-1960 b,97.16184626301902,130749704.0,226000000.0,0.0354
Kepler-1961 b,96.56618550435178,161878080.0,325000000.0,0.0588
Kepler-1962 b,97.33943506632447,121463929.0,195000000.0,0.0783
Kepler-1964 b,96.25523946809103,178105870.0,383000000.0,0.0322
Kepler-1966 b,97.55151306106464,110479327.0,139000000.0,0.0763
Kepler-1968 b,96.79341314294608,150004034.0,286000000.0,0.0696
Kepler-1969 b,96.44575843556247,168161001.0,347000000.0,0.0717
Kepler-197 b,97.99871934746726,102000000.0,104000000.0,0.06
Kepler-197 c,96.29139275499303,123000000.0,530000000.0,0.09
Kepler-197 d,97.40088174862763,122000000.0,198000000.0,0.119
Kepler-197 e,92.29571172149502,0.91,0.693,0.164
Kepler-1977 b,96.48728093053234,166000000.0,339000000.0,0.0486
Kepler-1978 b,94.54543794264228,267000000.0,761000000.0,0.0914
Kepler-198 b,94.25578824505546,282000000.0,835000000.0,0.131
Kepler-198 c,94.92960639316453,247000000.0,666000000.0,0.259
Kepler-1980 b,95.43050838744281,221000000.0,552000000.0,0.2049
Kepler-1981 b,80.2147966633894,923000000.0,6250000000.0,13292000000.0
Kepler-1982 b,99.64575895561876,0.77,0.381,0.0511
Kepler-1983 b,95.20055580893919,233000000.0,604000000.0,0.0689
Kepler-1984 b,86.47266114942036,681000000.0,3730000000.0,0.0238
Kepler-1985 b,95.31621566613231,227000000.0,577000000.0,0.0426
Kepler-1986 b,96.04571669972319,189000000.0,423000000.0,0.1307
Kepler-1987 b,97.30986661594386,123000000.0,204000000.0,0.0318
Kepler-1987 c,97.11876071117814,133000000.0,233000000.0,0.0427
Kepler-1987 d,94.56492140691068,266000000.0,756000000.0,0.0571
Kepler-1987 e,95.98847546259137,192000000.0,435000000.0,0.0765
Kepler-1988 b,96.73590248078858,153000000.0,296000000.0,0.1038
Kepler-1989 b,90.76409562430015,462000000.0,1930000000.0,0.0918
Kepler-199 b,93.695426078637,311000000.0,985000000.0,0.158
Kepler-199 c,93.42323393844612,325000000.0,1060000000.0,0.316
Kepler-1990 b,93.38694058983826,327000000.0,1070000000.0,0.0286
Kepler-1990 c,99.6457503041111,0.98,0.904,0.0504
Kepler-1991 b,96.85071609666,147000000.0,276000000.0,0.1065
Kepler-1991 c,94.7378300809504,257000000.0,713000000.0,0.1528
Kepler-1992 b,99.64534299893218,0.91,0.693,0.1169
Kepler-1993 b,91.67844917331148,415000000.0,1610000000.0,0.1943
Kepler-1994 b,99.6457311063649,0.51,0.087,0.053
Kepler-1995 b,91.42450529101696,428000000.0,1690000000.0,0.3259
Kepler-1996 b,95.33440144207782,226000000.0,573000000.0,0.1789
Kepler-1996 c,94.27244369333738,281000000.0,830000000.0,0.3608
Kepler-1997 b,95.29609238184378,228000000.0,582000000.0,0.1815
Kepler-1998 b,99.64578684584771,0.6,0.156,0.0405
Kepler-1999 b,93.34809381251891,329000000.0,1080000000.0,0.0713
Kepler-20 g,88.11520314480467,471000000.0,1996000000.0,0.2055
Kepler-200 b,95.58521516898738,213000000.0,518000000.0,0.08
Kepler-200 c,96.62116376151424,159000000.0,315000000.0,0.09
Kepler-2000 b,94.42988900665394,273000000.0,790000000.0,0.0562
Kepler-2000 c,96.65902737507885,157000000.0,309000000.0,0.1228
Kepler-2001 b,97.67633036931898,104000000.0,112000000.0,0.0197
Kepler-2001 c,96.18017725782853,182000000.0,397000000.0,0.1084
Kepler-201 b,94.94965709011201,246000000.0,662000000.0,0.175
Kepler-201 c,94.19315712170464,285000000.0,850000000.0,0.573
Kepler-202 b,96.54473539257452,163000000.0,329000000.0,0.045
Kepler-202 c,96.12256973025548,185000000.0,408000000.0,0.113
Kepler-203 b,94.73852266651353,257000000.0,713000000.0,0.043
Kepler-203 c,88.07172374485341,247000000.0,74990000000.0,0.061
Kepler-203 d,96.61990486736785,144000000.0,3390000000.0,0.1
Kepler-204 b,94.81523303981224,253000000.0,694000000.0,0.117
Kepler-204 c,96.23729931688214,179000000.0,386000000.0,0.173
Kepler-205 b,96.77453360064831,151000000.0,289000000.0,0.032
Kepler-205 c,96.52495492702552,164000000.0,333000000.0,0.122
Kepler-206 b,97.36775879412613,120000000.0,187000000.0,0.078
Kepler-206 c,96.27615624337594,177000000.0,378000000.0,0.111
Kepler-206 d,97.3865982758258,119000000.0,181000000.0,0.163
Kepler-207 b,96.65969803585965,157000000.0,309000000.0,0.029
Kepler-207 c,96.79363767629411,150000000.0,286000000.0,0.044
Kepler-207 d,93.30867261860956,331000000.0,1100000000.0,0.068
Kepler-208 b,96.5447297745095,163000000.0,329000000.0,0.054
Kepler-208 c,97.00393463365594,139000000.0,251000000.0,0.079
Kepler-208 d,97.36764059152041,120000000.0,187000000.0,0.103
Kepler-208 e,96.8314950607733,148000000.0,279000000.0,0.132
Kepler-209 b,95.33497620015083,226000000.0,573000000.0,0.122
Kepler-209 c,93.71408676604307,310000000.0,980000000.0,0.231
Kepler-21 b,96.4889716265625,163900000.0,750000000.0,0.0434
Kepler-210 b,94.0246394649753,294000000.0,896000000.0,0.032
Kepler-210 c,92.70799710064446,362000000.0,1280000000.0,0.07
Kepler-211 b,97.25245768624305,126000000.0,213000000.0,0.048
Kepler-211 c,97.04664084864493,129000000.0,1830000000.0,0.062
Kepler-212 b,97.5797575850907,109000000.0,132000000.0,0.133
Kepler-212 c,94.40969214740826,274000000.0,795000000.0,0.207
Kepler-213 b,96.56390732404451,162000000.0,326000000.0,0.036
Kepler-213 c,95.18143670641994,234000000.0,608000000.0,0.057
Kepler-214 b,94.66097472901691,261000000.0,732000000.0,0.13
Kepler-214 c,95.5845029116194,213000000.0,518000000.0,0.194
Kepler-215 b,96.56366390691568,162000000.0,326000000.0,0.084
Kepler-215 c,96.27610226787394,177000000.0,378000000.0,0.113
Kepler-215 d,94.92463207113015,239000000.0,2360000000.0,0.185
Kepler-215 e,96.31253739505705,175000000.0,371000000.0,0.314
Kepler-216 b,95.16212789545487,235000000.0,612000000.0,0.079
Kepler-216 c,93.83092916981502,304000000.0,948000000.0,0.136
Kepler-217 b,95.39306905625298,223000000.0,560000000.0,0.065
Kepler-217 c,96.12284131224204,185000000.0,408000000.0,0.089
Kepler-218 b,96.83194108611451,148000000.0,279000000.0,0.046
Kepler-218 c,93.63678345814931,314000000.0,1000000000.0,0.248
Kepler-219 b,94.0052644185016,295000000.0,901000000.0,0.057
Kepler-219 c,92.78559903824758,358000000.0,1250000000.0,0.165
Kepler-219 d,94.17435108188698,281000000.0,1910000000.0,0.272
Kepler-220 b,99.64574707718492,0.81,0.457,0.046
Kepler-220 c,96.65943612783995,157000000.0,309000000.0,0.076
Kepler-220 d,99.64490152503848,0.98,0.904,0.163
Kepler-220 e,97.11726970114557,133000000.0,233000000.0,0.226
Kepler-221 c,94.0402256840217,293000000.0,930000000.0,0.059
Kepler-221 d,94.46935278770363,273000000.0,361000000.0,0.087
Kepler-222 b,93.59962221474427,316000000.0,1010000000.0,0.048
Kepler-222 c,90.72549856066942,464000000.0,1940000000.0,0.091
Kepler-222 d,92.57172741412388,369000000.0,1320000000.0,0.18
Kepler-224 b,97.00408755462554,139000000.0,251000000.0,0.038
Kepler-224 c,93.67665899695481,312000000.0,991000000.0,0.058
Kepler-224 d,95.25822105308436,230000000.0,590000000.0,0.089
Kepler-224 e,95.8921808202817,197000000.0,454000000.0,0.124
Kepler-225 b,97.36779559834363,120000000.0,187000000.0,0.056
Kepler-225 c,96.14168861457821,184000000.0,404000000.0,0.111
Kepler-226 b,96.50431190265023,155000000.0,2400000000.0,0.047
Kepler-226 c,94.95224387508807,227000000.0,4520000000.0,0.058
Kepler-226 d,97.32905535056506,122000000.0,198000000.0,0.076
Kepler-227 b,93.69592536778944,311000000.0,985000000.0,0.09
Kepler-227 c,93.8296231458288,304000000.0,948000000.0,0.29
Kepler-228 b,96.73621753455716,153000000.0,296000000.0,0.038
Kepler-228 c,94.48786777357799,270000000.0,775000000.0,0.052
Kepler-228 d,91.89268054267032,404000000.0,1540000000.0,0.101
Kepler-229 b,95.45066061815064,220000000.0,548000000.0,0.062
Kepler-229 c,90.17843261295101,492000000.0,2150000000.0,0.117
Kepler-229 d,92.26062198661855,385000000.0,1420000000.0,0.22
Kepler-230 b,91.46455631793658,426000000.0,1680000000.0,0.191
Kepler-230 c,95.75514772828606,204000000.0,482000000.0,0.38
Kepler-231 b,96.05979365879804,173000000.0,3540000000.0,0.074
Kepler-231 c,95.78699071114983,193000000.0,2410000000.0,0.114
Kepler-232 b,93.75409551296718,308000000.0,969000000.0,0.054
Kepler-232 c,92.30119659539831,383000000.0,1400000000.0,0.101
Kepler-233 b,95.00807113357892,243000000.0,648000000.0,0.077
Kepler-233 c,94.46658188555304,271000000.0,780000000.0,0.287
Kepler-234 b,92.55378429588168,370000000.0,1320000000.0,0.04
Kepler-234 c,92.92170616575376,351000000.0,1210000000.0,0.077
Kepler-235 b,95.39314085438757,223000000.0,560000000.0,0.037
Kepler-235 c,97.21418945228407,128000000.0,218000000.0,0.065
Kepler-235 d,95.73847070183517,205000000.0,486000000.0,0.122
Kepler-235 e,95.41083657487641,222000000.0,556000000.0,0.213
Kepler-236 b,96.65946219000791,157000000.0,309000000.0,0.065
Kepler-236 c,95.83437039121765,200000000.0,466000000.0,0.132
Kepler-237 b,96.96580127752313,141000000.0,257000000.0,0.05
Kepler-237 c,95.68127007469198,208000000.0,498000000.0,0.071
Kepler-238 d,93.64886092267571,307000000.0,2310000000.0,0.115
Kepler-239 b,95.20039932994312,233000000.0,604000000.0,0.095
Kepler-239 c,94.85226442865331,251000000.0,685000000.0,0.268
Kepler-240 b,97.04228230732238,137000000.0,245000000.0,0.048
Kepler-240 c,94.55703837930031,220000000.0,10230000000.0,0.074
Kepler-241 b,95.20036562990984,233000000.0,604000000.0,0.094
Kepler-241 c,94.73736162563091,257000000.0,713000000.0,0.189
Kepler-242 b,94.66123784595047,261000000.0,732000000.0,0.075
Kepler-242 c,95.83470461224259,200000000.0,466000000.0,0.109
Kepler-243 b,94.96966109556757,245000000.0,657000000.0,0.062
Kepler-243 c,95.85371700211995,199000000.0,462000000.0,0.142
Kepler-244 b,94.37206268021637,276000000.0,805000000.0,0.05
Kepler-244 c,95.73883391458193,205000000.0,486000000.0,0.087
Kepler-244 d,95.15324497068202,231000000.0,1520000000.0,0.14
Kepler-245 c,95.2921001631461,218000000.0,2670000000.0,0.124
Kepler-245 d,93.73724486057445,303000000.0,2160000000.0,0.202
Kepler-246 b,95.1814445097417,234000000.0,608000000.0,0.052
Kepler-246 c,96.79335130571232,150000000.0,286000000.0,0.095
Kepler-247 b,96.52555375216771,164000000.0,333000000.0,0.042
Kepler-247 c,91.79577845105483,409000000.0,1570000000.0,0.084
Kepler-247 d,92.08719330811248,394000000.0,1470000000.0,0.14
Kepler-248 b,93.869920407304,302000000.0,938000000.0,0.066
Kepler-248 c,91.8341381133189,407000000.0,1560000000.0,0.123
Kepler-249 b,97.58021458177288,109000000.0,132000000.0,0.035
Kepler-249 c,96.77437981999259,151000000.0,289000000.0,0.058
Kepler-249 d,96.6592126141166,157000000.0,309000000.0,0.097
Kepler-25 d,78.09134891135157,1000000000.0,7190000000.0,0.4164221832
Kepler-250 b,97.50307795210004,113000000.0,151000000.0,0.048
Kepler-250 c,95.29678402441397,228000000.0,582000000.0,0.069
Kepler-250 d,95.48876583745657,218000000.0,539000000.0,0.127
Kepler-251 b,97.11872039164385,133000000.0,233000000.0,0.053
Kepler-251 c,94.35233229986787,277000000.0,810000000.0,0.122
Kepler-251 d,94.35185173481364,277000000.0,810000000.0,0.182
Kepler-251 e,94.3493990719711,277000000.0,810000000.0,0.404
Kepler-252 b,97.30971408915795,123000000.0,204000000.0,0.058
Kepler-252 c,95.54662832462195,215000000.0,527000000.0,0.08
Kepler-253 b,96.54474546478218,163000000.0,329000000.0,0.046
Kepler-253 c,94.58405758811172,265000000.0,751000000.0,0.089
Kepler-253 d,93.57936048929534,317000000.0,1020000000.0,0.13
Kepler-254 b,92.22327039578258,387000000.0,1430000000.0,0.064
Kepler-254 c,95.56567739992065,215000000.0,320000000.0,0.105
Kepler-254 d,94.872886828927,250000000.0,680000000.0,0.139
Kepler-255 b,96.69787600313668,155000000.0,302000000.0,0.063
Kepler-255 c,93.92778374944251,299000000.0,922000000.0,0.092
Kepler-255 d,97.13796777429349,132000000.0,230000000.0,0.0192
Kepler-256 b,96.6214672839342,159000000.0,315000000.0,0.027
Kepler-256 c,95.54689157737535,215000000.0,527000000.0,0.045
Kepler-256 d,94.91184960296387,248000000.0,671000000.0,0.064
Kepler-256 e,95.16202246189548,235000000.0,612000000.0,0.096
Kepler-257 b,94.66144325852005,261000000.0,732000000.0,0.034
Kepler-257 c,89.22154050735476,541000000.0,2520000000.0,0.066
Kepler-257 d,90.11976842037609,495000000.0,2170000000.0,0.16
Kepler-258 b,91.85400672574465,406000000.0,1550000000.0,0.103
Kepler-258 c,92.7268521852263,361000000.0,1270000000.0,0.193
Kepler-259 b,94.29472924363517,280000000.0,825000000.0,0.079
Kepler-259 c,94.48671071280042,270000000.0,775000000.0,0.217
Kepler-26 b,94.62407520112887,278000000.0,512000000.0,0.08551
Kepler-26 c,94.73968466161978,272000000.0,620000000.0,0.10725
Kepler-26 d,97.6186212351018,107000000.0,124000000.0,0.039
Kepler-26 e,95.0452250226383,241000000.0,639000000.0,0.22
Kepler-260 b,95.8157197227053,201000000.0,470000000.0,0.075
Kepler-260 c,96.33137423784332,174000000.0,368000000.0,0.332
Kepler-261 b,95.48902226728673,218000000.0,539000000.0,0.088
Kepler-261 c,95.83434912296615,200000000.0,466000000.0,0.156
Kepler-262 b,97.0610829041254,136000000.0,242000000.0,0.108
Kepler-262 c,96.52490033263703,164000000.0,333000000.0,0.152
Kepler-263 b,94.54523616072422,267000000.0,761000000.0,0.12
Kepler-263 c,94.92968524584357,247000000.0,666000000.0,0.242
Kepler-264 b,93.26884016236727,333000000.0,1110000000.0,0.249
Kepler-264 c,94.23217250690182,283000000.0,840000000.0,0.566
Kepler-265 b,96.10369518679123,186000000.0,412000000.0,0.069
Kepler-265 c,94.62241912253506,263000000.0,741000000.0,0.127
Kepler-265 d,94.89123391333612,249000000.0,676000000.0,0.236
Kepler-265 e,94.69773342833857,259000000.0,722000000.0,0.319
Kepler-266 b,94.91182210922307,248000000.0,671000000.0,0.071
Kepler-266 c,92.18107519994543,389000000.0,1440000000.0,0.457
Kepler-267 b,95.5659989533087,198000000.0,3790000000.0,0.037
Kepler-267 c,95.58527576839448,213000000.0,518000000.0,0.06
Kepler-267 d,95.31533195624533,227000000.0,577000000.0,0.154
Kepler-268 b,94.77622646329054,255000000.0,704000000.0,0.18
Kepler-268 c,93.17037505637074,338000000.0,1140000000.0,0.391
Kepler-269 b,94.93116749155615,247000000.0,666000000.0,0.061
Kepler-269 c,96.42962396773666,169000000.0,350000000.0,0.081
Kepler-270 b,95.81560367624527,201000000.0,470000000.0,0.107
Kepler-270 c,96.27572838015949,177000000.0,378000000.0,0.18
Kepler-272 b,96.23203449436865,143000000.0,7800000000.0,0.038
Kepler-272 c,95.37100864524454,179000000.0,9780000000.0,0.061
Kepler-272 d,95.35436545941504,225000000.0,569000000.0,0.091
Kepler-273 b,96.79364244134403,150000000.0,286000000.0,0.037
Kepler-273 c,95.8733483530834,198000000.0,458000000.0,0.073
Kepler-274 b,96.71678232450617,154000000.0,299000000.0,0.101
Kepler-274 c,96.14118036132224,184000000.0,404000000.0,0.204
Kepler-275 b,95.18124341697857,234000000.0,608000000.0,0.098
Kepler-275 c,93.17275189206153,338000000.0,1140000000.0,0.132
Kepler-275 d,93.26902118795971,333000000.0,1110000000.0,0.224
Kepler-278 b,91.69370075158675,407000000.0,1560000000.0,0.207
Kepler-278 c,83.11894303973571,359000000.0,1260000000.0,0.294
Kepler-279 e,91.34535454903059,413000000.0,5600000000.0,0.439
Kepler-280 b,96.88933897407684,145000000.0,270000000.0,0.032
Kepler-280 c,95.81583900186683,201000000.0,470000000.0,0.056
Kepler-281 b,91.34273126071335,282000000.0,32400000000.0,0.117
Kepler-281 d,82.41959600838302,593747806.0,65400000000.0,0.5456
Kepler-282 b,97.73357372552775,101000000.0,101000000.0,0.082
Kepler-282 c,97.36755213054363,120000000.0,187000000.0,0.106
Kepler-283 b,95.58513001050724,213000000.0,518000000.0,0.082
Kepler-283 c,96.17740193656888,182000000.0,397000000.0,0.341
Kepler-284 b,95.37351080492806,224000000.0,565000000.0,0.104
Kepler-284 c,94.66020358144269,261000000.0,732000000.0,0.213
Kepler-285 b,97.0996812832729,134000000.0,236000000.0,0.036
Kepler-285 c,97.52230582527739,112000000.0,146000000.0,0.064
Kepler-286 b,97.29077078427875,124000000.0,207000000.0,0.027
Kepler-286 c,97.04230617509539,137000000.0,245000000.0,0.042
Kepler-286 d,97.11868075127416,133000000.0,233000000.0,0.061
Kepler-286 e,96.27558870209428,177000000.0,378000000.0,0.176
Kepler-287 b,94.48982445380194,233000000.0,8300000000.0,0.145
Kepler-287 c,92.8938878318459,326000000.0,6600000000.0,0.246
Kepler-288 b,96.46801835805732,167000000.0,343000000.0,0.065
Kepler-288 c,94.19783534241927,285000000.0,850000000.0,0.14
Kepler-288 d,94.54382238489187,267000000.0,761000000.0,0.287
Kepler-289 e,93.93518529569344,294000000.0,1740000000.0,0.9342
Kepler-290 b,95.35423659168242,225000000.0,569000000.0,0.11
Kepler-290 c,94.48671616882962,270000000.0,775000000.0,0.205
Kepler-290 d,99.64589386307115,0.86,0.566,0.0154
Kepler-291 b,95.52767846997008,216000000.0,531000000.0,0.047
Kepler-291 c,96.06541286805131,188000000.0,419000000.0,0.065
Kepler-292 b,97.13791360234109,132000000.0,230000000.0,0.035
Kepler-292 c,96.85105292241985,147000000.0,276000000.0,0.045
Kepler-292 d,95.39300974899956,223000000.0,560000000.0,0.068
Kepler-292 e,94.54539809308595,267000000.0,761000000.0,0.097
Kepler-292 f,95.16166421011101,235000000.0,612000000.0,0.141
Kepler-293 b,93.77287226832807,307000000.0,964000000.0,0.144
Kepler-293 c,92.29968716713606,383000000.0,1400000000.0,0.286
Kepler-294 b,96.27648921571394,177000000.0,378000000.0,0.048
Kepler-294 c,94.46848003533384,271000000.0,780000000.0,0.071
Kepler-295 b,97.32889528686933,122000000.0,198000000.0,0.099
Kepler-295 c,97.42526551598505,117000000.0,171000000.0,0.142
Kepler-295 d,97.06034812678278,136000000.0,242000000.0,0.192
Kepler-297 b,93.79030390609205,287000000.0,4850000000.0,0.217
Kepler-297 c,86.93442354628664,654000000.0,4210000000.0,0.336
Kepler-298 b,95.91167655903223,196000000.0,450000000.0,0.08
Kepler-298 c,95.96885966876859,193000000.0,438000000.0,0.136
Kepler-298 d,94.87081455445148,250000000.0,680000000.0,0.305
Kepler-299 b,97.13790138259904,132000000.0,230000000.0,0.04
Kepler-299 c,94.58417742367044,265000000.0,751000000.0,0.07
Kepler-299 d,96.10340553689566,186000000.0,412000000.0,0.118
Kepler-299 e,96.08337829240197,187000000.0,416000000.0,0.22
Kepler-30 b,92.01125910790171,390000000.0,1130000000.0,0.18
Kepler-30 c,70.8013290482535,1230000000.0,64000000000.0,0.3
Kepler-30 d,83.09162009533269,880000000.0,2310000000.0,0.5
Kepler-300 b,96.46786489642699,167000000.0,343000000.0,0.094
Kepler-300 c,95.35331471100585,225000000.0,569000000.0,0.232
Kepler-301 b,97.08057048142584,135000000.0,239000000.0,0.036
Kepler-301 c,97.08046778108721,135000000.0,239000000.0,0.06
Kepler-301 d,96.31445732407698,175000000.0,371000000.0,0.112
Kepler-302 b,91.85340731844725,406000000.0,1550000000.0,0.193
Kepler-303 b,99.64582551179583,0.89,0.64,0.024
Kepler-303 c,97.48376764749224,114000000.0,155000000.0,0.057
Kepler-304 b,94.17910047524697,286000000.0,855000000.0,0.039
Kepler-304 c,95.50840851802549,217000000.0,535000000.0,0.054
Kepler-304 d,94.39117399707739,275000000.0,800000000.0,0.08
Kepler-306 b,96.75535166620382,152000000.0,292000000.0,0.05
Kepler-306 c,95.16214389603641,235000000.0,612000000.0,0.067
Kepler-306 d,94.93074405643873,247000000.0,666000000.0,0.12
Kepler-306 e,95.31475408865906,227000000.0,577000000.0,0.227
Kepler-308 b,95.60438386433881,212000000.0,514000000.0,0.09
Kepler-308 c,95.52726082631828,216000000.0,531000000.0,0.123
Kepler-309 b,96.67875340286716,156000000.0,305000000.0,0.059
Kepler-309 c,94.85053086452385,251000000.0,685000000.0,0.401
Kepler-310 b,97.3869339247502,119000000.0,181000000.0,0.111
Kepler-310 c,93.17132676700203,338000000.0,1140000000.0,0.281
Kepler-311 b,96.41047175696141,170000000.0,353000000.0,0.087
Kepler-311 c,96.92704071495062,143000000.0,263000000.0,0.145
Kepler-311 d,95.73099068214552,205000000.0,486000000.0,0.7326
Kepler-312 b,97.19528779942193,129000000.0,221000000.0,0.031
Kepler-312 c,93.61790267082941,315000000.0,1010000000.0,0.153
Kepler-313 b,94.81521294613998,253000000.0,694000000.0,0.125
Kepler-313 c,94.73749545683422,257000000.0,713000000.0,0.208
Kepler-314 b,99.6458070200452,0.83,0.498,0.035
Kepler-314 c,94.10180722438842,290000000.0,875000000.0,0.064
Kepler-315 b,92.41400589716339,377000000.0,1370000000.0,0.402
Kepler-315 c,91.67002231214754,415000000.0,1610000000.0,0.791
Kepler-316 b,97.63787474270028,106000000.0,120000000.0,0.027
Kepler-316 c,97.44517627096472,116000000.0,165000000.0,0.058
Kepler-317 b,94.69512764606095,209000000.0,10980000000.0,0.061
Kepler-317 c,96.3720708800995,172000000.0,361000000.0,0.083
Kepler-318 b,90.58920702098277,471000000.0,1990000000.0,0.056
Kepler-318 c,92.59206267719344,368000000.0,1310000000.0,0.105
Kepler-319 b,96.54472504382751,163000000.0,329000000.0,0.051
Kepler-319 c,94.62277507769768,263000000.0,741000000.0,0.069
Kepler-319 d,95.27670757582248,229000000.0,586000000.0,0.191
Kepler-320 b,97.48372140791821,114000000.0,155000000.0,0.085
Kepler-320 c,97.04179569120546,137000000.0,245000000.0,0.142
Kepler-321 b,96.27644637203788,177000000.0,378000000.0,0.057
Kepler-321 c,95.21965217412574,232000000.0,599000000.0,0.11
Kepler-322 b,97.7338407254559,101000000.0,101000000.0,0.027
Kepler-322 c,96.46808046550329,167000000.0,343000000.0,0.051
Kepler-324 c,93.65276497089975,315000000.0,620000000.0,0.26
Kepler-325 b,94.08255738248563,291000000.0,880000000.0,0.053
Kepler-325 c,94.79599106146567,254000000.0,699000000.0,0.105
Kepler-325 d,94.31294928797982,279000000.0,820000000.0,0.22
Kepler-326 b,96.37076705855833,152000000.0,4460000000.0,0.032
Kepler-326 c,96.84777671182846,140000000.0,1740000000.0,0.051
Kepler-326 d,97.30253384988066,121000000.0,690000000.0,0.066
Kepler-327 b,97.54173397165354,111000000.0,141000000.0,0.029
Kepler-327 c,97.51800896701567,103000000.0,2030000000.0,0.047
Kepler-327 d,96.35277236262414,173000000.0,364000000.0,0.09
Kepler-328 b,95.04881145432174,230000000.0,2850000000.0,0.2199
Kepler-328 c,89.10704141299712,540000000.0,3940000000.0,0.354
Kepler-329 b,96.98482118221585,140000000.0,254000000.0,0.061
Kepler-329 c,95.96900942715429,193000000.0,438000000.0,0.113
Kepler-33 b,96.3338577794546,174000000.0,368000000.0,0.0677
Kepler-330 b,97.08036754088552,135000000.0,239000000.0,0.075
Kepler-330 c,95.93069070667052,195000000.0,446000000.0,0.116
Kepler-331 b,96.18037610020347,182000000.0,397000000.0,0.065
Kepler-331 c,96.14174200739419,184000000.0,404000000.0,0.105
Kepler-331 d,96.52453756626115,164000000.0,333000000.0,0.159
Kepler-332 b,97.42575599569139,117000000.0,171000000.0,0.07
Kepler-332 c,97.57976682873438,109000000.0,132000000.0,0.114
Kepler-332 d,97.40551809117107,118000000.0,176000000.0,0.189
Kepler-333 b,96.89852788844306,132000000.0,2820000000.0,0.087
Kepler-333 c,97.54097394909672,111000000.0,141000000.0,0.135
Kepler-334 b,97.52233110299252,112000000.0,146000000.0,0.061
Kepler-334 c,96.92728702447788,143000000.0,263000000.0,0.107
Kepler-334 d,96.96508201970653,141000000.0,257000000.0,0.168
Kepler-335 b,93.15424967359446,339000000.0,1140000000.0,0.075
Kepler-335 c,93.77115768875578,307000000.0,964000000.0,0.356
Kepler-336 b,97.71471241273014,102000000.0,104000000.0,0.033
Kepler-336 c,95.64280224361113,210000000.0,506000000.0,0.092
Kepler-336 d,95.12316237521256,237000000.0,621000000.0,0.154
Kepler-337 b,96.71707668454587,154000000.0,299000000.0,0.045
Kepler-337 c,95.73883652899302,205000000.0,486000000.0,0.093
Kepler-338 b,94.62649514624398,244000000.0,3060000000.0,0.117
Kepler-338 c,95.2528425117276,234000000.0,608000000.0,0.172
Kepler-338 d,93.97936055497448,300000000.0,927000000.0,0.257
Kepler-339 b,96.94667678932217,142000000.0,260000000.0,0.055
Kepler-339 c,97.41186450548304,115000000.0,730000000.0,0.069
Kepler-339 d,97.3057664226617,117000000.0,1470000000.0,0.091
Kepler-34 b,78.51731591088881,856400000.0,6992000000.0,10896000000.0
Kepler-340 b,94.81521739333105,253000000.0,694000000.0,0.134
Kepler-340 c,93.19227544476662,337000000.0,1130000000.0,0.178
Kepler-341 b,97.40654196402383,118000000.0,176000000.0,0.06
Kepler-341 c,96.4105128897728,170000000.0,353000000.0,0.08
Kepler-341 d,96.12216803534992,185000000.0,408000000.0,0.182
Kepler-341 e,95.85292492476134,199000000.0,462000000.0,0.242
Kepler-342 b,95.35421609126402,225000000.0,569000000.0,0.128
Kepler-342 c,95.91112049094153,196000000.0,450000000.0,0.185
Kepler-342 d,94.89136345917171,249000000.0,676000000.0,0.242
Kepler-343 b,95.04656094627111,241000000.0,639000000.0,0.088
Kepler-343 c,95.79598169613435,202000000.0,474000000.0,0.167
Kepler-344 b,94.66075230419922,261000000.0,732000000.0,0.153
Kepler-344 c,94.00099435608875,295000000.0,901000000.0,0.488
Kepler-345 b,99.64563219170833,0.74,0.48,0.066
Kepler-346 b,94.56489084131172,266000000.0,756000000.0,0.071
Kepler-346 c,93.77271004393555,307000000.0,964000000.0,0.168
Kepler-347 b,95.8923870774008,197000000.0,454000000.0,0.11
Kepler-347 c,96.31397849970591,175000000.0,371000000.0,0.183
Kepler-347 d,93.82852578401204,304000000.0,948000000.0,0.3802
Kepler-348 b,96.75526660518756,152000000.0,292000000.0,0.076
Kepler-348 c,97.11828021080187,133000000.0,233000000.0,0.138
Kepler-349 b,95.19424734730225,190000000.0,9450000000.0,0.065
Kepler-349 c,95.91161402557381,196000000.0,450000000.0,0.105
Kepler-35 b,83.71429264698388,816000000.0,4036300000.0,0.60347
Kepler-350 b,96.00443227786647,185000000.0,1690000000.0,0.104
Kepler-350 c,93.74907784341212,310000000.0,610000000.0,0.1385
Kepler-350 d,94.23271978931132,280000000.0,1490000000.0,0.1786
Kepler-351 b,93.83575137651772,306000000.0,480000000.0,0.214
Kepler-351 c,93.53199689405017,319000000.0,1110000000.0,0.287
Kepler-351 d,94.44438416737938,272000000.0,785000000.0,0.5177
Kepler-352 b,99.6455390444875,0.86,0.566,0.085
Kepler-352 c,97.29025783559209,124000000.0,207000000.0,0.118
Kepler-353 b,99.64568936869809,0.89,0.64,0.051
Kepler-353 c,97.02301653739336,138000000.0,248000000.0,0.065
Kepler-354 b,96.14215854485292,184000000.0,404000000.0,0.054
Kepler-354 c,97.1565223389792,131000000.0,227000000.0,0.115
Kepler-354 d,97.28997988940738,124000000.0,207000000.0,0.146
Kepler-355 b,96.86990997070635,146000000.0,273000000.0,0.102
Kepler-355 c,94.46780479704448,271000000.0,780000000.0,0.179
Kepler-356 b,96.65959214710588,157000000.0,309000000.0,0.057
Kepler-356 c,96.19941903409325,181000000.0,393000000.0,0.115
Kepler-357 b,96.14212330163721,184000000.0,404000000.0,0.063
Kepler-357 c,94.54522591765955,267000000.0,761000000.0,0.12
Kepler-357 d,93.07553533533134,343000000.0,1160000000.0,0.246
Kepler-358 b,94.44821217785366,272000000.0,785000000.0,0.21
Kepler-358 c,94.19557056465354,285000000.0,850000000.0,0.381
Kepler-359 b,92.88245900574746,353000000.0,1220000000.0,0.178
Kepler-360 b,96.50644016882895,165000000.0,336000000.0,0.044
Kepler-360 c,95.64288740988792,210000000.0,506000000.0,0.075
Kepler-361 b,96.88911500819617,145000000.0,270000000.0,0.086
Kepler-361 c,94.83300132334448,252000000.0,690000000.0,0.3
Kepler-362 b,99.64552945343974,0.88,0.615,0.087
Kepler-362 c,96.88807830330899,145000000.0,270000000.0,0.207
Kepler-363 b,97.44528965340392,116000000.0,165000000.0,0.048
Kepler-363 c,95.84913373660085,169000000.0,6640000000.0,0.079
Kepler-363 d,95.73875752525225,205000000.0,486000000.0,0.107
Kepler-364 b,96.69716917575792,155000000.0,302000000.0,0.178
Kepler-364 c,95.54489462362704,215000000.0,527000000.0,0.312
Kepler-365 b,95.7580097558687,204000000.0,482000000.0,0.098
Kepler-365 c,96.52504393423894,164000000.0,333000000.0,0.137
Kepler-366 b,96.87018343846927,146000000.0,273000000.0,0.045
Kepler-366 c,96.23776313762012,179000000.0,386000000.0,0.11
Kepler-367 b,97.17490073441763,130000000.0,224000000.0,0.201
Kepler-367 c,97.36614279166612,120000000.0,187000000.0,0.253
Kepler-368 b,93.40489280713084,326000000.0,1070000000.0,0.186
Kepler-368 c,92.20208363592562,388000000.0,1430000000.0,0.36
Kepler-369 b,97.50312789604963,113000000.0,151000000.0,0.03
Kepler-369 c,96.96544289161466,141000000.0,257000000.0,0.094
Kepler-37 e,99.56933155303798,0.37,810000000.0,0.25
Kepler-370 b,96.62136286994337,159000000.0,315000000.0,0.054
Kepler-370 c,96.00732023207046,191000000.0,431000000.0,0.14
Kepler-371 b,96.04517984026744,189000000.0,423000000.0,0.2
Kepler-371 c,96.2550139518014,178000000.0,382000000.0,0.313
Kepler-372 b,97.06130207418785,136000000.0,242000000.0,0.075
Kepler-372 c,95.6616408819922,209000000.0,502000000.0,0.154
Kepler-372 d,96.42884891194204,169000000.0,350000000.0,0.201
Kepler-373 b,97.06134845413294,136000000.0,242000000.0,0.06
Kepler-373 c,97.2902439696656,124000000.0,207000000.0,0.126
Kepler-374 b,97.69550937989595,103000000.0,108000000.0,0.029
Kepler-374 c,97.56091561329649,110000000.0,137000000.0,0.042
Kepler-374 d,97.15694246623633,131000000.0,227000000.0,0.056
Kepler-375 b,96.88898658948354,145000000.0,270000000.0,0.101
Kepler-375 c,94.58371515490322,265000000.0,751000000.0,0.141
Kepler-376 b,97.61857267102992,107000000.0,124000000.0,0.057
Kepler-376 c,96.23770469732038,179000000.0,386000000.0,0.115
Kepler-377 b,97.00375668726798,139000000.0,251000000.0,0.109
Kepler-377 c,95.71901778975533,206000000.0,490000000.0,0.182
Kepler-378 b,99.64532601824838,0.75,0.347,0.112
Kepler-378 c,99.6448738687981,0.7,0.271,0.166
Kepler-379 b,96.48673182500025,166000000.0,339000000.0,0.152
Kepler-379 c,95.27561359720752,229000000.0,586000000.0,0.326
Kepler-380 b,97.38728678518252,119000000.0,181000000.0,0.05
Kepler-380 c,97.23331155335678,127000000.0,215000000.0,0.078
Kepler-381 b,99.64569523723492,0.99,0.937,0.066
Kepler-381 c,97.52205158765648,112000000.0,146000000.0,0.117
Kepler-382 b,97.13781898772199,132000000.0,230000000.0,0.055
Kepler-382 c,96.62109528655199,159000000.0,315000000.0,0.097
Kepler-383 b,97.13754931515908,132000000.0,230000000.0,0.095
Kepler-383 c,97.28973320485414,124000000.0,207000000.0,0.172
Kepler-384 b,97.52172676088085,112000000.0,146000000.0,0.148
Kepler-384 c,97.50162414471352,113000000.0,151000000.0,0.236
Kepler-385 b,94.38453721057763,273000000.0,1280000000.0,0.097
Kepler-385 c,93.7966760537163,304000000.0,1320000000.0,0.127
Kepler-386 b,97.00376371276903,139000000.0,251000000.0,0.096
Kepler-386 c,96.63975070077589,158000000.0,312000000.0,0.155
Kepler-387 b,97.69533669387596,103000000.0,108000000.0,0.068
Kepler-387 c,99.64547615824097,0.89,0.64,0.098
Kepler-388 b,99.64578188701199,0.81,0.457,0.036
Kepler-388 c,99.6454246586418,0.86,0.566,0.093
Kepler-389 b,96.77451636436928,151000000.0,289000000.0,0.041
Kepler-389 c,96.86978718999583,146000000.0,273000000.0,0.11
Kepler-39 b,41.79321133278946,1390000000.0,638810000000.0,0.164
Kepler-390 b,99.64565609892163,0.82,0.477,0.065
Kepler-390 c,99.64543301957045,0.79,0.418,0.101
Kepler-391 b,93.52230020219613,320000000.0,1030000000.0,0.082
Kepler-391 c,92.86287692167085,354000000.0,1230000000.0,0.161
Kepler-392 b,97.76187033960178,100000000.0,0.972,0.059
Kepler-392 c,97.5606636568756,110000000.0,137000000.0,0.093
Kepler-393 b,97.19502632669764,129000000.0,221000000.0,0.091
Kepler-393 c,97.1183737840118,133000000.0,233000000.0,0.124
Kepler-394 b,96.60203448189998,160000000.0,319000000.0,0.083
Kepler-394 c,96.48701297685409,166000000.0,339000000.0,0.11
Kepler-395 b,97.69532742376458,103000000.0,108000000.0,0.061
Kepler-395 c,97.13677002283046,132000000.0,230000000.0,0.177
Kepler-397 b,94.94977780987799,246000000.0,662000000.0,0.144
Kepler-397 c,87.70737219974187,618000000.0,3160000000.0,0.48
Kepler-398 b,99.64574984536752,0.93,0.749,0.044
Kepler-398 c,97.73349613451543,101000000.0,101000000.0,0.087
Kepler-398 d,99.6456527026113,0.88,0.615,0.0618
Kepler-399 b,99.64538484763057,0.96,0.84,0.103
Kepler-399 c,96.92679591839864,143000000.0,263000000.0,0.155
Kepler-399 d,96.04435867671954,189000000.0,423000000.0,0.261
Kepler-4 b,91.88081789378035,400200000.0,2447200000.0,0.0456
Kepler-40 b,68.49558155817213,1311000000.0,69920000000.0,0.08
Kepler-400 b,96.50623781086884,165000000.0,336000000.0,0.087
Kepler-400 c,96.81224938835973,149000000.0,283000000.0,0.134
Kepler-401 b,96.39108050746972,171000000.0,357000000.0,0.122
Kepler-401 c,95.54534143543796,215000000.0,527000000.0,0.269
Kepler-402 b,97.32919932973118,122000000.0,198000000.0,0.051
Kepler-402 c,96.67874630435796,156000000.0,305000000.0,0.068
Kepler-402 d,97.02299853405829,138000000.0,248000000.0,0.087
Kepler-402 e,96.86990252628281,146000000.0,273000000.0,0.102
Kepler-403 b,97.27147083018959,125000000.0,210000000.0,0.076
Kepler-403 c,96.31302718057852,175000000.0,371000000.0,0.297
Kepler-404 b,97.23316335555097,127000000.0,215000000.0,0.102
Kepler-404 c,96.37186000260658,172000000.0,361000000.0,0.118
Kepler-405 b,95.68118149847187,208000000.0,498000000.0,0.095
Kepler-405 c,90.68528308675603,466000000.0,1960000000.0,0.188
Kepler-407 c,38.81150191113424,1230000000.0,400000000000.0,32709036900.0
Kepler-41 b,70.76297695445894,1446000000.0,17798000000.0,0.03101
Kepler-410 A b,91.3245861020275,283800000.0,844000000.0,0.1226
Kepler-411 b,92.4988688146108,240100000.0,2560000000.0,0.0375
Kepler-411 c,89.49171880426661,442100000.0,2640000000.0,0.0739
Kepler-411 d,91.245220951528,331900000.0,1520000000.0,0.279
Kepler-411 e,93.70539205013928,328000000.0,1080000000.0,0.186
Kepler-412 b,68.64975339885899,1503126900.0,29907803000.0,0.02897
Kepler-413 b,89.04019911472423,434700000.0,6700000000.0,0.3553
Kepler-415 b,96.25973607425573,121000000.0,11990000000.0,0.0426
Kepler-415 c,95.815701352529,201000000.0,470000000.0,0.0695
Kepler-416 d,96.58309316989079,161000000.0,322000000.0,0.0407
Kepler-417 b,95.19227961456241,231000000.0,1100000000.0,0.1006
Kepler-417 c,94.50675089713062,269000000.0,770000000.0,0.1194
Kepler-419 b,62.31959381638009,1080000000.0,79450000000.0,0.37
Kepler-419 c,49.44668389231319,1260000000.0,232010000000.0,16800000000.0
Kepler-421 b,90.14433077800818,416000000.0,1610000000.0,12190000000.0
Kepler-422 b,74.10173173807061,1289000000.0,13666000000.0,0.082
Kepler-423 b,73.03598254609444,1336100000.0,18910100000.0,0.03585
Kepler-424 b,77.82395473442661,998000000.0,32735000000.0,0.044
Kepler-43 b,64.77872315685948,1366377100.0,102659090000.0,0.046
Kepler-430 b,93.4243322444583,325000000.0,1060000000.0,0.2244
Kepler-430 c,96.3110264990159,175000000.0,371000000.0,0.4757
Kepler-431 b,99.64565380734172,0.764,0.37,0.0719
Kepler-431 c,99.64558676121355,0.668,0.229,0.0847
Kepler-431 d,97.54140325179395,111000000.0,141000000.0,0.1045
Kepler-432 b,49.95134910664358,1283430500.0,171946030000.0,0.301
Kepler-433 b,59.5591509440818,1625000000.0,89624000000.0,0.0679
Kepler-434 b,65.31885302497211,1267000000.0,90896000000.0,0.1143
Kepler-435 b,65.47265625958006,2231000000.0,26697000000.0,0.0948
Kepler-444 b,96.96134546712801,0.403,0.0374,0.04178
Kepler-444 c,93.7807180764446,0.497,0.0793,0.04881
Kepler-444 f,94.20461398443022,0.741,0.332,0.0811
Kepler-445 b,96.64053438898246,158000000.0,312000000.0,0.0217
Kepler-445 c,94.85407663165145,251000000.0,685000000.0,0.0301
Kepler-445 d,97.27143126388182,125000000.0,210000000.0,0.0439
Kepler-446 b,96.79369082344346,150000000.0,286000000.0,0.0182
Kepler-446 c,97.54171680111216,111000000.0,141000000.0,0.0283
Kepler-446 d,97.08047731213917,135000000.0,239000000.0,0.0403
Kepler-447 b,63.72729811014204,1849000000.0,43541000000.0,0.0769
Kepler-448 c,32.72255411240526,1200000000.0,699226000000.0,42000000000.0
Kepler-449 b,95.79934045061015,205600000.0,488000000.0,0.1027
Kepler-449 c,94.01132097671125,276400000.0,807000000.0,0.1979
Kepler-45 b,76.27027462667793,1076000000.0,16049700000.0,0.03
Kepler-452 b,95.38986191706636,163000000.0,329000000.0,10460000000.0
Kepler-454 d,60.92704047250457,1330000000.0,73418362017.0,51000000000.0
Kepler-457 d,93.9380703493743,298467257.0,919000000.0,0.0996
Kepler-46 d,96.52543270441326,164000000.0,333000000.0,0.067
Kepler-47 b,94.14227641398462,305000000.0,207000000.0,0.2877
Kepler-47 c,90.6213428407488,465000000.0,317000000.0,0.9638
Kepler-47 d,86.40086323977143,704000000.0,1902000000.0,0.6992
Kepler-476 b,93.7537576384523,308000000.0,969000000.0,0.1126
Kepler-477 b,95.70037115594702,207000000.0,494000000.0,0.0911
Kepler-478 b,94.46824730839701,271000000.0,780000000.0,0.1032
Kepler-48 e,66.29947797279002,1340000000.0,65700000000.0,18982747480.0
Kepler-48 f,64.79220178296025,1380000000.0,29858099680.0,57191878770.0
Kepler-49 b,94.69706084386219,257900000.0,977000000.0,0.05929
Kepler-49 c,95.13370780384014,244400000.0,838000000.0,0.07821
Kepler-495 b,89.5736633708178,523000000.0,2380000000.0,0.0427
Kepler-495 c,97.33033127492938,121936414.0,198000000.0,0.0614
Kepler-496 b,95.2198210295036,232000000.0,599000000.0,0.0747
Kepler-497 b,87.98683921622299,604000000.0,3040000000.0,0.0457
Kepler-498 b,93.85050396024444,303000000.0,943000000.0,0.0897
Kepler-499 b,95.50839734694638,217000000.0,535000000.0,0.0598
Kepler-5 b,63.45359899086864,1598403400.0,67093913000.0,0.0538
Kepler-501 b,91.38738638482522,430000000.0,1710000000.0,0.0627
Kepler-501 c,96.44664247670524,168119739.0,347000000.0,0.0467
Kepler-502 b,90.47157562646342,477000000.0,2040000000.0,0.0535
Kepler-504 b,96.62118750513241,159000000.0,315000000.0,0.0646
Kepler-505 b,94.67985598661693,260000000.0,727000000.0,0.1445
Kepler-51 b,86.10974444187977,710000000.0,210000000.0,0.2514
Kepler-51 c,82.94830708640525,900000000.0,400000000.0,0.384
Kepler-51 d,81.46759027444119,970000000.0,760000000.0,0.509
Kepler-515 b,96.86959479812833,146000000.0,273000000.0,0.1333
Kepler-516 b,88.57431155469669,574000000.0,2790000000.0,0.1992
Kepler-529 b,96.10386688741303,186000000.0,412000000.0,0.0309
Kepler-529 c,95.83476325762066,200000000.0,466000000.0,0.1075
Kepler-529 d,94.3033970250089,279502603.0,822000000.0,0.2134
Kepler-534 b,95.37339574291994,224000000.0,565000000.0,0.1272
Kepler-534 c,97.31552511252673,122700000.0,202000000.0,0.0761
Kepler-54 b,95.93128274747627,210000000.0,0.98,0.0619
Kepler-54 c,97.32835080464666,123000000.0,0.7,0.0809
Kepler-546 b,86.09804408122993,700000000.0,3910000000.0,0.0502
Kepler-547 b,91.97098207003003,400000000.0,1510000000.0,0.058
Kepler-549 d,91.58156073521671,420000000.0,1640000000.0,0.1575
Kepler-55 b,94.67033687998742,243000000.0,4300000000.0,0.1593
Kepler-55 c,94.83693930637257,221000000.0,6980000000.0,0.2095
Kepler-55 d,96.62144644352884,159000000.0,315000000.0,0.029
Kepler-55 e,96.69791471494196,155000000.0,302000000.0,0.048
Kepler-55 f,96.62116459469758,159000000.0,315000000.0,0.081
Kepler-550 b,91.15383846474609,442000000.0,1790000000.0,0.0747
Kepler-551 b,94.42967752396365,273000000.0,790000000.0,0.0893
Kepler-552 b,92.06796891279575,395000000.0,1480000000.0,0.0612
Kepler-553 c,51.54033211393045,1157887706.0,212945032690.0,0.898
Kepler-555 b,94.23654391948531,283000000.0,840000000.0,0.1201
Kepler-557 b,94.54569001883391,267000000.0,761000000.0,0.0469
Kepler-558 b,95.12286846943384,237000000.0,621000000.0,0.1759
Kepler-559 b,92.72741908209464,361000000.0,1270000000.0,0.1277
Kepler-56 b,87.03784772329527,651000000.0,2210000000.0,0.1028
Kepler-56 c,79.51308664171302,980000000.0,18100000000.0,0.1652
Kepler-56 d,53.14306087411307,1280000000.0,178400000000.0,21600000000.0
Kepler-560 b,93.47526755476665,172000000.0,361000000.0,0.0899
Kepler-562 b,89.6117479313704,521000000.0,2370000000.0,0.1333
Kepler-563 b,93.7340769714509,309000000.0,975000000.0,0.1418
Kepler-564 b,90.7445605560736,463000000.0,1940000000.0,0.0484
Kepler-565 b,92.66952906386175,364000000.0,1290000000.0,0.0501
Kepler-566 b,95.54636087135883,215000000.0,527000000.0,0.1247
Kepler-567 b,95.35416765507665,225000000.0,569000000.0,0.1229
Kepler-568 b,95.3351549039352,226000000.0,573000000.0,0.0794
Kepler-570 b,94.96971098288289,245000000.0,657000000.0,0.0497
Kepler-571 b,94.60355088216943,264000000.0,746000000.0,0.0546
Kepler-572 b,94.7187273489249,258000000.0,718000000.0,0.1192
Kepler-574 b,95.08511448329993,239000000.0,630000000.0,0.0723
Kepler-575 b,95.08505378649008,239000000.0,630000000.0,0.0788
Kepler-576 b,93.38594634987511,327000000.0,1070000000.0,0.179
Kepler-577 b,94.77623487401135,255000000.0,704000000.0,0.1348
Kepler-578 b,95.83515908785952,200000000.0,466000000.0,0.0266
Kepler-579 b,95.83487497195982,200000000.0,466000000.0,0.0854
Kepler-580 b,94.73834412672451,257000000.0,713000000.0,0.0683
Kepler-581 b,94.62158713637798,263000000.0,741000000.0,0.2259
Kepler-582 b,92.59182705704362,368000000.0,1310000000.0,0.1254
Kepler-583 b,95.29680684695626,228000000.0,582000000.0,0.0689
Kepler-584 b,91.56142662909139,421000000.0,1650000000.0,0.2281
Kepler-586 b,94.31424114224728,279000000.0,820000000.0,0.0331
Kepler-587 b,95.3928726751712,223000000.0,560000000.0,0.0952
Kepler-588 b,94.6228710474464,263000000.0,741000000.0,0.052
Kepler-589 b,95.31575238988563,227000000.0,577000000.0,0.1196
Kepler-589 c,97.52763043567808,111727238.0,145000000.0,0.0426
Kepler-590 b,91.93238801309707,402000000.0,1520000000.0,0.0647
Kepler-591 b,93.15161705187691,339000000.0,1140000000.0,0.3554
Kepler-592 b,95.08528522086242,239000000.0,630000000.0,0.0397
Kepler-593 b,94.15916828695785,287000000.0,860000000.0,0.1508
Kepler-594 b,95.4889070585293,218000000.0,539000000.0,0.1089
Kepler-595 b,92.49915419103417,370800000.0,1740000000.0,0.1582
Kepler-595 c,97.71421120415728,100900000.0,330000000.0,0.0983
Kepler-599 b,94.21726394909004,284000000.0,845000000.0,0.1128
Kepler-6 b,70.1512009491527,1461653600.0,21231044000.0,0.04852
Kepler-600 b,94.10118213206123,290000000.0,875000000.0,0.1536
Kepler-602 b,95.66180916560249,209000000.0,502000000.0,0.1224
Kepler-604 b,94.69921461373659,259000000.0,722000000.0,0.1735
Kepler-606 b,93.30802166479404,331000000.0,1100000000.0,0.17
Kepler-608 b,92.66945253568626,364000000.0,1290000000.0,0.0685
Kepler-609 b,93.2314503481689,335000000.0,1120000000.0,0.0682
Kepler-610 b,91.60194366941967,419000000.0,1630000000.0,0.0719
Kepler-610 c,93.32328220079553,330000000.0,1090000000.0,0.5594
Kepler-611 b,96.50647025544457,165000000.0,336000000.0,0.0351
Kepler-612 b,94.21768503921211,284000000.0,845000000.0,0.0452
Kepler-613 b,95.2772722345818,229000000.0,586000000.0,0.1232
Kepler-614 b,95.08488949280321,239000000.0,630000000.0,0.1027
Kepler-615 b,96.33369235939196,174000000.0,368000000.0,0.085
Kepler-616 b,95.0080173133562,243000000.0,648000000.0,0.0927
Kepler-616 c,93.11269132508318,341000000.0,1150000000.0,0.4024
Kepler-616 d,94.57687461699066,265300000.0,752000000.0,0.2749
Kepler-617 b,97.13794529421412,132000000.0,230000000.0,0.0219
Kepler-619 d,91.6403780693673,417000000.0,1620000000.0,0.1021
Kepler-620 b,93.28958565090812,332000000.0,1100000000.0,0.1053
Kepler-621 b,95.25852879630587,230000000.0,590000000.0,0.031
Kepler-622 b,95.58501447849548,213000000.0,518000000.0,0.0978
Kepler-623 b,93.88921501577633,301000000.0,932000000.0,0.0854
Kepler-632 b,95.43057998760636,221000000.0,552000000.0,0.1885
Kepler-636 b,91.09521362915477,445000000.0,1810000000.0,0.1185
Kepler-65 b,97.06312360036864,142000000.0,240000000.0,0.035
Kepler-65 c,95.0196885621541,258000000.0,540000000.0,0.068
Kepler-65 d,97.0408246213713,152000000.0,414000000.0,0.084
Kepler-65 e,65.75937803554392,1390000000.0,26000000000.0,0.8539307544
Kepler-650 b,93.98601942543372,296000000.0,906000000.0,0.0421
Kepler-656 c,96.96578224442398,141000000.0,257000000.0,0.0602
Kepler-658 b,96.54483357191191,163000000.0,329000000.0,0.0188
Kepler-659 b,94.87292475063234,250000000.0,680000000.0,0.1204
Kepler-66 b,94.2943869472328,280000000.0,825000000.0,0.1352
Kepler-660 b,94.7383070349106,257000000.0,713000000.0,0.0759
Kepler-661 b,93.77333892827284,307000000.0,964000000.0,0.0585
Kepler-662 b,95.488623680135,218000000.0,539000000.0,0.1408
Kepler-663 b,94.68065082147743,260000000.0,727000000.0,0.0559
Kepler-664 b,94.56503147675444,266000000.0,756000000.0,0.0374
Kepler-665 b,94.68026209437926,260000000.0,727000000.0,0.1148
Kepler-666 b,95.0659261841974,240000000.0,635000000.0,0.0542
Kepler-667 b,90.54838677068297,473000000.0,2010000000.0,0.2288
Kepler-668 b,94.48771888361424,270000000.0,775000000.0,0.0768
Kepler-669 b,90.354859572617,483000000.0,2080000000.0,0.0529
Kepler-67 b,94.02417111934881,294000000.0,896000000.0,0.1171
Kepler-671 b,94.50716240948988,269000000.0,770000000.0,0.0503
Kepler-672 b,94.87219412060604,250000000.0,680000000.0,0.2163
Kepler-673 b,87.00430812830047,654000000.0,3480000000.0,0.0455
Kepler-674 b,96.42983161161548,169000000.0,350000000.0,0.028
Kepler-675 b,94.98898780824388,244000000.0,653000000.0,0.0325
Kepler-676 b,93.83113412945559,304000000.0,948000000.0,0.0798
Kepler-677 b,89.27990159805967,538000000.0,2500000000.0,0.067
Kepler-678 b,89.74953262445891,514000000.0,2310000000.0,0.0732
Kepler-679 b,93.8890977726192,301000000.0,932000000.0,0.0983
Kepler-68 d,67.91646832239914,1390000000.0,26700000000.0,14690000000.0
Kepler-68 e,66.31837658284657,1120000000.0,8644932670.0,46000000000.0
Kepler-680 b,95.02744740440973,242000000.0,644000000.0,0.0469
Kepler-681 b,93.75332051131991,308000000.0,969000000.0,0.1635
Kepler-682 b,85.36842453893576,737000000.0,4260000000.0,0.1058
Kepler-683 b,95.89274908760906,197000000.0,454000000.0,0.0355
Kepler-684 b,93.21260320811422,336000000.0,1120000000.0,0.064
Kepler-685 b,78.98760799187409,1058000000.0,7880000000.0,0.0265
Kepler-687 b,92.90147581238804,352000000.0,1220000000.0,0.1326
Kepler-688 b,80.62548660813114,976000000.0,6870000000.0,0.046
Kepler-689 b,94.12052811438032,289000000.0,870000000.0,0.1449
Kepler-69 b,92.68905334783288,224000000.0,565000000.0,0.094
Kepler-69 c,94.1226902791792,171000000.0,357000000.0,0.64
Kepler-690 b,88.16362033988523,595000000.0,2960000000.0,0.081
Kepler-691 b,95.66206218079238,209000000.0,502000000.0,0.0649
Kepler-692 b,93.69549046478058,311000000.0,985000000.0,0.1495
Kepler-693 b,79.78680235859068,1018000000.0,7380000000.0,0.1121
Kepler-694 b,94.29479097645839,280000000.0,825000000.0,0.0659
Kepler-695 b,81.72069236777564,921000000.0,6230000000.0,0.0374
Kepler-696 b,87.79012773449614,614000000.0,3130000000.0,0.0535
Kepler-697 b,91.71785849341785,413000000.0,1600000000.0,0.0471
Kepler-698 b,92.5919033673867,368000000.0,1310000000.0,0.1255
Kepler-7 b,68.35214173894508,1818099800.0,14016303000.0,0.06067
Kepler-700 b,88.08199500740474,599000000.0,3000000000.0,0.3577
Kepler-701 b,94.21745097782116,284000000.0,845000000.0,0.0895
Kepler-702 b,81.80039617046047,917000000.0,6180000000.0,0.088
Kepler-703 b,83.72667732339619,820000000.0,5110000000.0,0.0535
Kepler-704 b,94.66139459302902,261000000.0,732000000.0,0.047
Kepler-705 b,95.62195545832864,211000000.0,510000000.0,0.232
Kepler-707 b,97.11881049366045,133000000.0,233000000.0,0.0325
Kepler-708 b,94.04391405311074,293000000.0,891000000.0,0.0426
Kepler-709 b,94.06285034204048,292000000.0,885000000.0,0.1173
Kepler-710 b,96.0654606283145,188000000.0,419000000.0,0.0524
Kepler-711 b,93.11504924554987,341000000.0,1150000000.0,0.1429
Kepler-713 b,94.91179413371565,248000000.0,671000000.0,0.0748
Kepler-714 b,80.80503547402608,967000000.0,6760000000.0,0.0832
Kepler-715 b,92.45656639530894,375000000.0,1350000000.0,0.0933
Kepler-717 b,95.0274220519955,242000000.0,644000000.0,0.052
Kepler-719 b,83.09245618614075,852000000.0,5450000000.0,0.0556
Kepler-720 b,83.30984061071798,841000000.0,5340000000.0,0.0539
Kepler-721 b,94.60352994225639,264000000.0,746000000.0,0.0583
Kepler-722 b,94.6228755659541,263000000.0,741000000.0,0.0514
Kepler-722 c,94.25270580497359,282000000.0,835000000.0,0.4471
Kepler-724 b,93.34828523211226,329000000.0,1080000000.0,0.0433
Kepler-725 b,74.35607872899898,1080000000.0,8160000000.0,0.2238
Kepler-725 c,85.2101218455748,308000000.0,970000000.0,0.6744
Kepler-726 b,93.40507076280169,326000000.0,1070000000.0,0.1406
Kepler-727 b,94.81555931585595,253000000.0,694000000.0,0.0546
Kepler-728 b,93.25123905293438,334000000.0,1110000000.0,0.0625
Kepler-729 b,92.786288827454,358000000.0,1250000000.0,0.0432
Kepler-732 b,95.48905449841062,218000000.0,539000000.0,0.0691
Kepler-732 c,97.23358078931726,127000000.0,215000000.0,0.0143
Kepler-733 b,94.25568082559921,282000000.0,835000000.0,0.1483
Kepler-734 b,92.82478474996226,356000000.0,1240000000.0,0.0583
Kepler-735 b,94.00501989528611,295000000.0,901000000.0,0.0965
Kepler-736 b,94.04389875359713,293000000.0,891000000.0,0.0428
Kepler-737 b,95.91103703785234,196000000.0,450000000.0,0.1422
Kepler-738 b,94.8726807298305,250000000.0,680000000.0,0.1552
Kepler-739 b,93.28959910457155,332000000.0,1100000000.0,0.1054
Kepler-74 b,77.52771772611342,1076000000.0,20022000000.0,0.0781
Kepler-740 b,90.86221109639169,457000000.0,1890000000.0,0.0462
Kepler-741 b,93.96657823092394,297000000.0,911000000.0,0.0744
Kepler-742 b,93.44414475338544,324000000.0,1060000000.0,0.0744
Kepler-745 b,95.52745316847543,216000000.0,531000000.0,0.0915
Kepler-746 b,97.54170108403983,111000000.0,141000000.0,0.0435
Kepler-747 b,89.4944048506192,527000000.0,2410000000.0,0.1916
Kepler-748 b,94.83468733223289,252000000.0,690000000.0,0.0745
Kepler-749 b,93.71494891052835,310000000.0,980000000.0,0.1054
Kepler-75 b,38.202434340023395,1177000000.0,320990000000.0,0.0818
Kepler-751 b,94.94994739819356,246000000.0,662000000.0,0.1263
Kepler-752 b,94.27505144350162,281000000.0,830000000.0,0.1353
Kepler-753 b,96.00778866728879,191000000.0,431000000.0,0.054
Kepler-754 b,95.81549486934358,201000000.0,470000000.0,0.116
Kepler-756 b,97.52248091006044,112000000.0,146000000.0,0.0219
Kepler-757 b,97.06150768895364,136000000.0,242000000.0,0.019
Kepler-759 b,95.31486118276734,227000000.0,577000000.0,0.2329
Kepler-76 b,65.03229811324036,1524424000.0,63883830000.0,0.0274
Kepler-761 b,95.77723621440983,203000000.0,478000000.0,0.0874
Kepler-763 b,97.32929926807087,122000000.0,198000000.0,0.0205
Kepler-763 c,96.9467078759941,142000000.0,260000000.0,0.0466
Kepler-763 d,96.46800403371078,167000000.0,343000000.0,0.0634
Kepler-764 b,96.52541258228712,164000000.0,333000000.0,0.0724
Kepler-765 b,95.00739387525763,243000000.0,648000000.0,0.1754
Kepler-766 b,93.15426597781506,339000000.0,1140000000.0,0.066
Kepler-767 b,86.80205024544422,664000000.0,3570000000.0,0.5874
Kepler-768 b,96.23780284046344,179000000.0,386000000.0,0.092
Kepler-769 b,94.0631558932788,292000000.0,885000000.0,0.0778
Kepler-769 c,96.23764066328926,179000000.0,386000000.0,0.1297
Kepler-77 b,78.11255950884734,1076100000.0,13666100000.0,0.04501
Kepler-770 b,95.2579537223927,230000000.0,590000000.0,0.1694
Kepler-770 c,97.3679813341052,120000000.0,187000000.0,0.0309
Kepler-770 d,96.98493635550776,140000000.0,254000000.0,0.0616
Kepler-771 b,96.1803663130648,182000000.0,397000000.0,0.0843
Kepler-776 b,97.21429276107432,128000000.0,218000000.0,0.0523
Kepler-777 b,96.85098189811578,147000000.0,276000000.0,0.0519
Kepler-778 b,96.44898576049079,168000000.0,346000000.0,0.0453
Kepler-779 b,99.64564343106755,0.92,0.721,0.0533
Kepler-78 b,97.36790308849248,120100000.0,168000000.0,0.00901
Kepler-780 b,99.6458938636431,0.89,0.64,0.015
Kepler-781 b,94.1208510734269,289000000.0,870000000.0,0.1019
Kepler-784 c,96.69747223303324,155000000.0,302000000.0,0.1309
Kepler-787 b,97.2144655655807,128000000.0,218000000.0,0.0159
Kepler-788 b,94.77684523549968,255000000.0,704000000.0,0.0835
Kepler-789 b,95.60442114276543,212000000.0,514000000.0,0.0951
Kepler-79 b,93.32597256655389,347000000.0,1090000000.0,0.117
Kepler-79 c,92.65470227508155,372000000.0,590000000.0,0.187
Kepler-79 d,86.27853546572734,716000000.0,600000000.0,0.287
Kepler-79 e,93.28505720971808,349000000.0,410000000.0,0.386
Kepler-790 b,95.48890393510527,218000000.0,539000000.0,0.101
Kepler-791 b,93.8117300254101,305000000.0,953000000.0,0.1256
Kepler-792 b,95.91164742199545,196000000.0,450000000.0,0.0988
Kepler-793 b,97.04227888307362,137000000.0,245000000.0,0.0491
Kepler-797 b,95.50764081021333,217000000.0,535000000.0,0.181
Kepler-798 b,95.08490062856268,239000000.0,630000000.0,0.1174
Kepler-799 b,86.33061619872704,688000000.0,3790000000.0,0.5167
Kepler-799 c,94.33178767883335,278068551.0,815000000.0,0.1214
Kepler-8 b,68.0150056172591,1587194400.0,18751970000.0,0.0474
Kepler-80 b,94.6557471317188,267000000.0,693000000.0,0.0648
Kepler-80 c,94.58915689306757,274000000.0,674000000.0,0.0792
Kepler-80 d,96.78815760847885,153000000.0,675000000.0,0.0372
Kepler-80 e,96.66769154777377,160000000.0,413000000.0,0.0491
Kepler-800 b,94.19801791506708,285000000.0,850000000.0,0.1106
Kepler-801 b,95.83481319573525,200000000.0,466000000.0,0.0795
Kepler-802 b,92.86218624842567,354000000.0,1230000000.0,0.2265
Kepler-809 b,93.88757178229781,301000000.0,932000000.0,0.2901
Kepler-81 b,94.92806227633923,242000000.0,1720000000.0,0.0522
Kepler-81 c,95.1410948032367,237000000.0,430000000.0,0.08347
Kepler-81 d,97.3479982929554,121000000.0,192000000.0,0.128
Kepler-810 b,95.9695065248111,193000000.0,438000000.0,0.055
Kepler-812 b,92.84440443088587,355000000.0,1230000000.0,0.1024
Kepler-813 b,95.56563592283518,214000000.0,522000000.0,0.1439
Kepler-814 b,95.60450905874539,212000000.0,514000000.0,0.0695
Kepler-816 b,79.66748368310552,1024000000.0,7450000000.0,0.0895
Kepler-817 b,82.07913028920558,903000000.0,6020000000.0,0.0493
Kepler-818 b,89.8077960945669,511000000.0,2290000000.0,0.0886
Kepler-819 b,94.37104333247447,276000000.0,805000000.0,0.1894
Kepler-82 b,91.93559166426307,407000000.0,1215000000.0,0.1683
Kepler-82 c,89.60453917397274,534000000.0,1390000000.0,0.2626
Kepler-82 f,90.36225711600693,484000000.0,2090000000.0,0.3395
Kepler-821 b,97.15705204557719,131000000.0,227000000.0,0.029
Kepler-823 b,96.65960783565606,157000000.0,309000000.0,0.0507
Kepler-824 b,96.08456995635848,187000000.0,416000000.0,0.055
Kepler-825 b,96.73617494185281,153000000.0,296000000.0,0.0453
Kepler-825 c,96.14206308912438,184000000.0,404000000.0,0.0759
Kepler-827 b,88.78888423824202,563000000.0,2700000000.0,0.2742
Kepler-829 b,95.62369058893368,211000000.0,510000000.0,0.0678
Kepler-83 b,94.28716236744704,283000000.0,294000000.0,0.07295
Kepler-83 c,95.18059917264952,236000000.0,203000000.0,0.11796
Kepler-83 d,95.95323212154409,194000000.0,410000000.0,0.051
Kepler-830 b,96.41039691930587,170000000.0,353000000.0,0.1033
Kepler-832 b,95.7197191184396,206000000.0,490000000.0,0.075
Kepler-833 b,95.79613932506687,202000000.0,474000000.0,0.1139
Kepler-834 b,95.7963309594606,202000000.0,474000000.0,0.0862
Kepler-835 b,94.31391247088872,279000000.0,820000000.0,0.107
Kepler-836 b,94.42971335183731,273000000.0,790000000.0,0.1013
Kepler-837 b,94.7573497077838,256000000.0,708000000.0,0.1144
Kepler-838 b,94.42955849866067,273000000.0,790000000.0,0.1266
Kepler-84 b,95.0754694955981,223000000.0,4000000000.0,0.0827
Kepler-84 c,95.01316059074924,236000000.0,2020000000.0,0.1072
Kepler-84 d,97.0231642591858,138000000.0,248000000.0,0.052
Kepler-84 e,94.67985907739669,260000000.0,727000000.0,0.181
Kepler-84 f,95.44930917440179,220000000.0,548000000.0,0.25
Kepler-841 b,89.56939346696252,523000000.0,2380000000.0,0.479
Kepler-842 b,96.6022739163388,160000000.0,319000000.0,0.0204
Kepler-843 b,94.700054472053,259000000.0,722000000.0,0.0313
Kepler-844 b,96.44902608317325,168000000.0,346000000.0,0.0298
Kepler-846 b,94.91135669498898,248000000.0,671000000.0,0.1399
Kepler-847 b,97.40664261150425,118000000.0,176000000.0,0.0315
Kepler-849 b,79.46371305688068,808167508.0,29875870258.0,11370000000.0
Kepler-850 b,96.25715848663194,178000000.0,382000000.0,0.0744
Kepler-851 b,96.4488181055345,168000000.0,346000000.0,0.0802
Kepler-855 b,83.42921893810387,835000000.0,5270000000.0,0.0762
Kepler-856 b,81.54174211932042,930000000.0,6330000000.0,0.0787
Kepler-857 b,86.48948098352005,680000000.0,3720000000.0,0.3751
Kepler-860 b,93.44425976926266,324000000.0,1060000000.0,0.058
Kepler-861 b,95.29689719423752,228000000.0,582000000.0,0.0463
Kepler-862 b,95.4315626434087,221000000.0,552000000.0,0.039
Kepler-863 b,94.10146726646559,290000000.0,875000000.0,0.122
Kepler-864 b,95.06587907675096,240000000.0,635000000.0,0.0687
Kepler-864 c,96.56390876572992,162000000.0,326000000.0,0.0382
Kepler-865 b,94.89225604346227,249000000.0,676000000.0,0.1057
Kepler-865 c,99.64567476277662,0.89,0.64,0.061
Kepler-866 b,96.5447866424584,163000000.0,329000000.0,0.0331
Kepler-867 b,90.72055304379217,464000000.0,1940000000.0,0.5375
Kepler-868 b,95.7390009880801,205000000.0,486000000.0,0.0575
Kepler-869 b,92.72661309476479,361000000.0,1270000000.0,0.2244
Kepler-87 b,71.18170332571651,1349000000.0,32420000000.0,0.481
Kepler-87 c,87.89459031459988,614000000.0,640000000.0,0.676
Kepler-870 b,94.33286154090193,278000000.0,815000000.0,0.1539
Kepler-871 b,92.47497991878501,374000000.0,1350000000.0,0.1572
Kepler-872 b,95.85433265809529,199000000.0,462000000.0,0.0362
Kepler-873 b,92.45619423396889,375000000.0,1350000000.0,0.1542
Kepler-874 b,92.08650201917666,394000000.0,1470000000.0,0.2234
Kepler-875 b,94.10104690708795,290000000.0,875000000.0,0.1771
Kepler-876 b,96.92755568247877,143000000.0,263000000.0,0.0549
Kepler-877 b,95.60407462977766,212000000.0,514000000.0,0.1301
Kepler-878 b,95.9687533367356,193000000.0,438000000.0,0.165
Kepler-879 b,94.73745620695013,257000000.0,713000000.0,0.2012
Kepler-88 d,55.333932138504856,1310000000.0,96514699656.0,24663298660.0
Kepler-880 b,94.56484837182357,266000000.0,756000000.0,0.0915
Kepler-880 c,94.15950036503538,287000000.0,860000000.0,0.1216
Kepler-881 b,96.25725547358255,178000000.0,382000000.0,0.0552
Kepler-890 b,82.35591289505864,889000000.0,5860000000.0,0.2944
Kepler-891 b,87.25852714508918,641000000.0,3360000000.0,0.2881
Kepler-892 b,94.27523053526882,281000000.0,830000000.0,0.1015
Kepler-893 b,93.85061953037186,303000000.0,943000000.0,0.0699
Kepler-894 b,94.33326929513515,278000000.0,815000000.0,0.0916
Kepler-895 b,96.71709385278065,154000000.0,299000000.0,0.0328
Kepler-896 c,93.61755704526453,315000000.0,1010000000.0,0.1792
Kepler-897 b,95.0851007759131,239000000.0,630000000.0,0.077
Kepler-898 b,96.81265413148301,149000000.0,283000000.0,0.0545
Kepler-899 b,94.52593651905846,268000000.0,765000000.0,0.1392
Kepler-9 b,83.04457025961393,829000000.0,4340000000.0,0.143
Kepler-9 c,83.43663599655166,808000000.0,2990000000.0,0.227
Kepler-9 d,96.47868838645385,164000000.0,841466053.0,0.0273
Kepler-900 b,95.68130932480788,208000000.0,498000000.0,0.0679
Kepler-901 b,97.0423044319643,137000000.0,245000000.0,0.0378
Kepler-902 b,94.79502605454809,254000000.0,699000000.0,0.223
Kepler-904 b,96.2765131944053,177000000.0,378000000.0,0.0417
Kepler-907 b,97.3674735300849,120000000.0,187000000.0,0.1225
Kepler-91 b,68.01199245435254,1532270300.0,25744230000.0,0.0731
Kepler-912 b,94.29492616196313,280000000.0,825000000.0,0.0339
Kepler-913 b,95.71960771793385,206000000.0,490000000.0,0.1009
Kepler-913 c,92.24666179503119,385807090.0,1420000000.0,0.0699
Kepler-916 b,96.29459539906554,176000000.0,375000000.0,0.1885
Kepler-917 b,96.00788666879751,191000000.0,431000000.0,0.0378
Kepler-918 b,96.33388650478729,174000000.0,368000000.0,0.0569
Kepler-919 b,95.3543616227227,225000000.0,569000000.0,0.0981
Kepler-920 b,95.02734712021501,242000000.0,644000000.0,0.065
Kepler-920 c,92.35640116144108,380000000.0,1380000000.0,0.4029
Kepler-921 b,94.15810674465034,287000000.0,860000000.0,0.2716
Kepler-925 b,95.18041181452487,234000000.0,608000000.0,0.1805
Kepler-926 b,95.23748440063186,231000000.0,595000000.0,0.2739
Kepler-927 b,96.37205888339255,172000000.0,361000000.0,0.0866
Kepler-928 b,96.62138570271765,159000000.0,315000000.0,0.0444
Kepler-93 b,96.81841124799502,147800000.0,466000000.0,0.05343
Kepler-931 b,97.11860582976321,133000000.0,233000000.0,0.0719
Kepler-933 b,94.9500617431855,246000000.0,662000000.0,0.1041
Kepler-934 b,95.66038397526486,209000000.0,502000000.0,0.2658
Kepler-935 b,97.08048677182704,135000000.0,239000000.0,0.0527
Kepler-936 b,96.88904179841659,145000000.0,270000000.0,0.0954
Kepler-937 b,92.51196965825186,372000000.0,1340000000.0,0.3214
Kepler-937 c,94.54040984297953,267000000.0,761000000.0,0.5545
Kepler-938 b,95.41060911215185,222000000.0,556000000.0,0.2689
Kepler-939 b,96.31441755434653,175000000.0,371000000.0,0.1153
Kepler-94 c,38.84942425304123,1250000000.0,312600000000.0,15968066210.0
Kepler-940 b,93.24933785110788,334000000.0,1110000000.0,0.3059
Kepler-941 b,93.75363704529602,308000000.0,969000000.0,0.1311
Kepler-943 b,88.20073714157672,593000000.0,2950000000.0,0.2559
Kepler-944 b,94.62149151737682,263000000.0,741000000.0,0.2288
Kepler-945 b,94.62192601361963,263000000.0,741000000.0,0.2037
Kepler-946 b,95.9692526607719,193000000.0,438000000.0,0.1002
Kepler-947 b,95.29608508300826,228000000.0,582000000.0,0.1773
Kepler-948 b,96.12287016026931,185000000.0,408000000.0,0.0749
Kepler-949 c,93.96608568265503,297000000.0,911000000.0,0.1394
Kepler-950 b,82.17551689134247,898000000.0,5960000000.0,0.3982
Kepler-951 b,88.86631489765519,559000000.0,2670000000.0,0.3091
Kepler-952 b,84.8109544945682,765000000.0,4540000000.0,0.5183
Kepler-953 b,91.55954848789598,421000000.0,1650000000.0,0.392
Kepler-953 c,97.38710404180605,119000000.0,181000000.0,0.0862
Kepler-955 b,93.6570554648681,313000000.0,996000000.0,0.1083
Kepler-957 b,89.04555876287468,550000000.0,2590000000.0,0.0559
Kepler-959 b,91.23174180023823,438000000.0,1760000000.0,0.1633
Kepler-963 b,94.5647685486121,266000000.0,756000000.0,0.0849
Kepler-966 b,91.71446965946248,413000000.0,1600000000.0,0.3907
Kepler-967 b,95.1619326379863,235000000.0,612000000.0,0.1027
Kepler-967 c,92.64382864017621,365000000.0,1290000000.0,0.6253
Kepler-968 b,95.83508582960292,200000000.0,466000000.0,0.0389
Kepler-968 c,96.42970930787155,169000000.0,350000000.0,0.052
Kepler-970 b,88.16177871220796,260900000.0,731000000.0,0.139
Kepler-972 b,90.70584490494034,465000000.0,1950000000.0,0.0734
Kepler-974 b,96.65960690389116,157000000.0,309000000.0,0.0419
Kepler-975 c,78.76734425767955,1069000000.0,8020000000.0,0.0567
Kepler-976 b,92.04465455025414,396000000.0,1490000000.0,0.4217
Kepler-977 b,94.64127997077918,262000000.0,737000000.0,0.162
Kepler-978 b,93.92638371949792,299000000.0,922000000.0,0.2726
Kepler-979 b,94.44912865424597,272000000.0,785000000.0,0.0753
Kepler-981 b,95.23916400528248,231000000.0,595000000.0,0.0535
Kepler-983 b,95.14097936511953,236000000.0,617000000.0,0.3148
Kepler-987 b,93.40212438413157,326000000.0,1070000000.0,0.4238
Kepler-988 b,95.70013682218939,207000000.0,494000000.0,0.1085
Kepler-989 b,95.43139271605618,221000000.0,552000000.0,0.0734
Kepler-991 b,94.79352905053113,254000000.0,699000000.0,0.3104
Kepler-993 b,93.96604729110894,297000000.0,911000000.0,0.13
Kepler-994 b,96.60227632999585,160000000.0,319000000.0,0.0177
Kepler-995 b,94.48701620951044,270000000.0,775000000.0,0.1701
Kepler-996 b,95.87349812076384,198000000.0,458000000.0,0.0474
Kepler-998 b,95.21991471058591,232000000.0,599000000.0,0.0626
L 168-9 b,96.5376308291952,163000000.0,407000000.0,0.0208
L 98-59 b,98.17001873349028,0.85,0.4,0.02191
L 98-59 c,95.54036786508229,138500000.0,222000000.0,0.0304
L 98-59 d,95.90153261345209,152100000.0,194000000.0,0.0486
L 98-59 e,94.67252398272413,156000000.0,306000000.0,0.0717
L 98-59 f,96.60640068400902,148000000.0,280000000.0,0.1052
LHS 1678 d,99.590588363823,0.981,0.907,0.04
LHS 475 b,99.64582226620549,0.991,0.941,0.02037
LP 714-47 b,90.3675235065964,470000000.0,3080000000.0,0.0417
LP 791-18 b,97.34478133487632,121200000.0,194000000.0,0.00978
LP 791-18 c,94.98909760724939,243800000.0,710000000.0,0.02961
LP 791-18 d,97.73348489430887,103200000.0,0.9,0.01992
LSPM J2116+0234 b,89.36149674567258,371000000.0,1330000000.0,0.0876
LTT 1445 A b,94.28908341460115,118000000.0,273000000.0,0.022
LTT 3780 b,97.12710883811138,132500000.0,246000000.0,0.01195
LTT 3780 c,95.26821097293934,239000000.0,804000000.0,0.0757
LTT 9779 b,90.48359500433232,472000000.0,2932000000.0,0.01679
Luhman 16 b,36.45896806613167,1190000000.0,934415516580.0,35200000000.0
Lupus-TR-3 b,78.47675882473501,997600000.0,25743100000.0,0.0464
MASCARA-1 b,58.799864078474705,1790074218.0,117597100000.0,0.040352
MASCARA-4 b,64.7325624754613,1698160576.0,53236258173.0,0.0474
NGC 2682 Sand 1429 b,69.11987939799869,1340000000.0,57209113260.0,0.384
NGC 2682 Sand 364 b,49.38002767676489,1270000000.0,212628270000.0,0.53
NGTS-1 b,69.51907807171176,1490797000.0,25807796000.0,0.0326
NGTS-10 b,67.85945854276223,1350684500.0,68714846000.0,0.0143
NGTS-11 b,79.33559330448129,915775300.0,10933352000.0,0.201
NGTS-12 b,76.90603369032863,1174703200.0,6610864000.0,0.0757
NGTS-13 b,60.21894343230826,1280067800.0,153829720000.0,0.0549
NGTS-14 A b,90.00044394203132,497679600.0,2924036000.0,0.0403
NGTS-15 b,74.21543270896065,1232987877.0,23868913366.0,0.0441
NGTS-16 b,70.23859810333207,1457167491.0,21199154747.0,0.0523
NGTS-17 b,71.22107944938153,1389913607.0,24282090295.0,0.0391
NGTS-18 b,72.89587411979639,1356286665.0,12999181846.0,0.0448
NGTS-2 b,67.4751020205268,1787835500.0,23519420000.0,0.063
NGTS-20 b,59.85694898135977,1199360935.0,94712865286.0,0.313
NGTS-21 b,64.63920785098917,1490794433.0,75007504052.0,0.0236
NGTS-23 b,71.09384568713244,1420177855.0,19482881349.0,0.0504
NGTS-24 b,72.48580267337536,1360770257.0,16527077164.0,0.0479
NGTS-25 b,76.16989727645075,1146678726.0,20309235207.0,0.0388
NGTS-26 b,70.74734245932099,1488552637.0,9280589484.0,0.049
NGTS-27 b,68.42858873177687,1564773706.0,18847224535.0,0.0446
NGTS-30 b,71.7052034748541,1040193409.0,30511527072.0,0.408
NGTS-33 b,58.99801425036482,1838272835.0,115371711741.0,0.048
NGTS-4 b,93.46513161200926,318000000.0,2060000000.0,0.019
NGTS-6 b,67.71852930177751,1486313400.0,42557437000.0,0.01677
NGTS-8 b,74.11354930574683,1221781000.0,29558190000.0,0.035
NGTS-9 b,67.98115806572538,1199363000.0,92170700000.0,0.058
NN Ser c,47.38653145486728,1260000000.0,232960000000.0,53500000000.0
NN Ser d,60.67916698222052,1330000000.0,73100000000.0,34300000000.0
NSVS 14256825 b,41.11999130617094,1230000000.0,449729450000.0,31200000000.0
NY Vir b,61.659632951066776,1330000000.0,73097800000.0,33000000000.0
OGLE-2006-BLG-109L c,70.38478448334081,1110000000.0,8600000000.0,45000000000.0
OGLE-2016-BLG-1190L b,35.86623090787318,1230000000.0,425300000000.0,21700000000.0
OGLE-2018-BLG-0740L b,55.85118858436326,1290000000.0,150000000000.0,50000000000.0
OGLE-TR-10 b,71.43281276248726,1401100000.0,19704600000.0,0.0434
OGLE-TR-111 b,76.5154040798469,1142197100.0,17479900000.0,0.0473
OGLE-TR-113 b,72.87119309091698,1225100000.0,40044900000.0,0.02289
OGLE-TR-182 b,72.82260122729961,1266600000.0,32099500000.0,0.051
OGLE-TR-211 b,67.90742491030358,1524400000.0,32735100000.0,0.051
OGLE-TR-56 b,66.78747620798265,1527800000.0,44177000000.0,0.02383
PDS 70 b,35.99052977606834,3048848000.0,95349000000.0,200000000000.0
PH2 b,77.3920483842756,933708092.0,8708498352.0,0.833
PSR B1257+12 b,99.6450024462012,0.338,0.02,0.19
PSR B1257+12 c,96.31955435598819,191000000.0,430000000.0,0.36
PSR B1257+12 d,96.36395946054638,180000000.0,390000000.0,0.46
Pr0201 b,71.31130479936986,1420000000.0,17162820000.0,0.06
Pr0211 b,69.12109177331591,1340000000.0,59752040000.0,0.03176
Pr0211 c,37.24040881362952,1260000000.0,247589570000.0,55000000000.0
Qatar-1 b,71.71468812070539,1281188700.0,41127202000.0,0.02332
Qatar-10 b,67.48693629555436,1729548700.0,23392288000.0,0.0286
Qatar-2 b,65.85134725837656,1405600000.0,79263500000.0,0.02153
Qatar-3 b,63.86030262284704,1228506400.0,136984730000.0,0.03783
Qatar-4 b,57.78622262530269,1272221500.0,193876300000.0,0.02803
Qatar-5 b,63.59868166895196,1240836300.0,137302560000.0,0.04127
Qatar-6 b,75.26124088077805,1190395800.0,21231044000.0,0.0423
Qatar-7 b,64.1312418850786,1905530000.0,59752040000.0,0.0352
Qatar-8 b,71.42357258947408,1440356500.0,11791493000.0,0.0474
Qatar-9 b,74.84927729687675,1130988100.0,37821770000.0,0.0234
RR Cae b,56.8993910128779,1300000000.0,133488600000.0,53000000000.0
Ross 128 b,95.79012099231971,111000000.0,140000000.0,0.0496
Ross 508 b,89.87208470226837,183000000.0,400000000.0,0.05366
TIC 139270665 b,83.14901487264318,722979255.0,14715455244.0,0.163
TIC 139270665 c,49.136704600925675,1290000000.0,155418091023.0,20000000000.0
TIC 172900988 b,69.88544158438121,1125000000.0,94200000000.0,0.90281
TIC 237913194 b,60.71655246745623,1252045300.0,61722586000.0,0.1207
TIC 241249530 b,50.34302990090331,1329385111.0,158278546686.0,0.641
TIC 257060897 b,67.75256548557034,1670138124.0,21294503269.0,0.051
TIC 279401253 b,51.725857047028235,1120898070.0,195146641898.0,0.369
TIC 279401253 c,47.701651773821844,1260000000.0,254898382414.0,0.591
TIC 393818343 b,54.316071746911504,1218416202.0,137937528638.0,0.1291
TIC 434398831 b,92.78188446829074,351000000.0,1210000000.0,0.04641
TIC 434398831 c,89.06614898183976,563000000.0,2700000000.0,0.06572
TIC 4672985 b,48.30511505258274,1150041420.0,404913390518.0,0.33
TIC 88785435 b,87.89451714815846,503000000.0,2230000000.0,0.08432
TOI-1052 b,90.97449230454393,287000000.0,1690000000.0,0.09103
TOI-1052 c,82.80369460930831,648000000.0,3430000000.0,0.2263
TOI-1062 b,92.24029824481292,226500000.0,1015000000.0,0.052
TOI-1062 c,91.45512110098845,310000000.0,978000000.0,0.08
TOI-1064 b,94.3592184142804,258700000.0,1350000000.0,0.06152
TOI-1064 c,93.47060674201214,265100000.0,250000000.0,0.09429
TOI-1075 b,96.1801156863158,179100000.0,995000000.0,0.01159
TOI-1107 b,62.5467678371234,1457167491.0,106472516345.0,0.0561
TOI-1117 b,94.92944197743006,246000000.0,890000000.0,0.033
TOI-1117 c,94.08274074510882,291000000.0,878000000.0,0.0534
TOI-1117 d,93.38660376827818,327000000.0,1071000000.0,0.0817
TOI-1130 b,92.17034878827882,366000000.0,1980000000.0,0.0453
TOI-1130 c,71.91905797061293,1300000000.0,33600000000.0,0.0731
TOI-1136 b,96.16986351713714,190000000.0,350000000.0,0.05106
TOI-1136 c,92.53956066656612,287900000.0,632000000.0,0.0669
TOI-1136 d,90.66953021751564,462700000.0,835000000.0,0.1062
TOI-1136 e,94.424813044718,263900000.0,607000000.0,0.14
TOI-1136 f,92.53879944125542,373591482.0,970000000.0,0.174
TOI-1136 g,94.6867666635188,253000000.0,560000000.0,0.229
TOI-1173 b,82.30084411732926,919000000.0,2740000000.0,0.0696
TOI-1180 b,93.76611972046354,307200000.0,1000000000.0,0.080799
TOI-1184 b,95.08056733956128,239000000.0,680000000.0,0.056027
TOI-1194 b,82.1175977263897,871664516.0,12000000000.0,0.034
TOI-1199 b,79.21011888841106,1051402390.0,7596098927.0,0.04988
TOI-1201 b,95.03838550801268,241500000.0,628000000.0,0.0287
TOI-122 b,94.44923486595833,272000000.0,785000000.0,0.0392
TOI-1231 b,91.49037988616115,365000000.0,1540000000.0,0.1288
TOI-1244 b,94.93733485967368,246700000.0,660000000.0,0.060694
TOI-1246 c,94.94423547661012,245109846.0,910000000.0,0.061
TOI-1246 d,93.13121176382751,343139739.0,540000000.0,0.132
TOI-1246 e,92.89058397863539,351418750.0,1450000000.0,0.212
TOI-1248 b,86.5667980976051,680848590.0,2740000000.0,0.051
TOI-1249 b,93.37352483148788,327103010.0,1190000000.0,0.109
TOI-125 b,91.01736279979474,272600000.0,950000000.0,0.05186
TOI-125 c,93.69563200424216,275900000.0,663000000.0,0.0814
TOI-125 d,91.14598326345218,293000000.0,1360000000.0,0.137
TOI-1259 A b,76.77177802773302,1145557828.0,14016232749.0,0.0407
TOI-1260 b,95.02673989339024,241000000.0,856000000.0,0.0367
TOI-1260 c,94.3244205158947,276000000.0,1320000000.0,0.0657
TOI-1260 d,93.65846984748242,312000000.0,1184000000.0,0.1116
TOI-1266 b,94.73834113243285,252000000.0,446000000.0,0.073
TOI-1269 b,95.06275529090345,240144286.0,640000000.0,0.0496
TOI-1272 b,84.89931831804226,413204907.0,2700000000.0,0.0417
TOI-1272 c,88.28406947294087,495000000.0,2170000000.0,0.079
TOI-1273 b,77.6318263864967,1109689089.0,7055790635.0,0.0549
TOI-1278 b,46.90473549682993,1221778896.0,587982552950.0,0.095
TOI-1279 b,94.53396451114371,266146528.0,1060000000.0,0.085
TOI-1288 b,89.87902548493295,496846551.0,4410000000.0,0.0374
TOI-1288 c,76.76208402162501,1110000000.0,8570000000.0,10700000000.0
TOI-1294 b,79.9846370774892,1012369881.0,6390000000.0,0.051
TOI-1294 c,71.3447314952367,1430000000.0,14700000000.0,0.61
TOI-1295 b,66.11763209691894,1569257298.0,45131633794.0,0.047
TOI-1296 b,72.1731401686894,1411645916.0,9530000000.0,0.051
TOI-1298 b,80.53784069614525,965807033.0,9900000000.0,0.057
TOI-1333 b,62.37635313544757,1564776400.0,75325710000.0,0.0626
TOI-1347 b,96.15254769671968,180000000.0,1110000000.0,0.0171
TOI-1386 b,87.51164216236828,621638650.0,4580000000.0,0.173
TOI-1386 c,72.19088491011924,1030000000.0,7520000000.0,0.75
TOI-1408 b,64.22164578335916,2500000000.0,59300000000.0,0.05778
TOI-1408 c,93.23287887193797,222000000.0,760000000.0,0.03587
TOI-1410 c,88.7890384145961,563000000.0,2700000000.0,0.239
TOI-1410.01,93.6890346891377,310083009.0,1250000000.0,0.0207
TOI-1411 b,97.36903182092897,119880592.0,200000000.0,0.02122
TOI-1416 b,96.5619260603546,162000000.0,348000000.0,0.019
TOI-1422 b,91.96244035358883,396000000.0,900000000.0,0.108
TOI-1431 b,60.54063830079531,1670138124.0,99162462984.0,0.046
TOI-1437 b,92.44037815273005,224000000.0,960000000.0,0.14
TOI-1439 b,88.67607913313681,424278610.0,3850000000.0,0.192
TOI-1444 b,96.94172165013902,141792246.0,358000000.0,0.0116
TOI-1451 b,94.58550752166073,261143902.0,1520000000.0,0.127
TOI-1452 b,96.4512470416872,167200000.0,482000000.0,0.061
TOI-1472 b,91.65730243763505,415964583.0,1650000000.0,0.065
TOI-1478 b,74.01226749695121,1199360935.0,27968899816.0,0.0818
TOI-157 b,69.02948472215525,1441477400.0,37503940000.0,0.03138
TOI-1601 b,69.32542295685263,1419902343.0,38700000000.0,0.069
TOI-163 b,66.06713395266087,1669020100.0,38775260000.0,0.058
TOI-1669 b,69.9175416873223,1410000000.0,19100000000.0,12700000000.0
TOI-1670 c,75.7549856435903,1106326395.0,20023189641.0,0.249
TOI-1685 b,96.85245983445408,146800000.0,303000000.0,0.01138
TOI-169 b,74.39370889757336,1217297400.0,25140353000.0,0.03524
TOI-1691 b,92.6157220403813,366000000.0,1460000000.0,0.129365
TOI-1694 b,89.29301605878312,534222660.0,3130000000.0,0.045
TOI-1694 c,70.89405402015848,1380000000.0,29700000000.0,0.1
TOI-172 b,56.008276576444764,1081668500.0,172263860000.0,0.0914
TOI-1723 b,93.0784533879318,343500000.0,1040000000.0,0.113496
TOI-1728 b,89.3848347099838,505000000.0,2678000000.0,0.0391
TOI-1736 b,93.53822402464777,318175535.0,1230000000.0,0.073
TOI-1736 c,41.6358498848759,1250000000.0,280000000000.0,13700000000.0
TOI-1742 b,89.44723222965507,236507598.0,970000000.0,0.154
TOI-1751 b,87.68033018824605,295078450.0,1950000000.0,0.215
TOI-1753 b,94.82336780019742,247852533.0,1660000000.0,0.059
TOI-1758 b,92.76199955033098,362000000.0,690000000.0,0.141409
TOI-1759 b,93.63031230555933,314000000.0,1080000000.0,0.1177
TOI-1775 b,83.59977316908154,804728896.0,9600000000.0,0.08
TOI-1776 b,97.34189089607213,121612741.0,140000000.0,0.0378
TOI-1794 b,93.35426329461578,329701268.0,870000000.0,0.082
TOI-1798.01,94.97399342977279,244800000.0,650000000.0,0.074984
TOI-1798.02,96.83627636720847,146400000.0,560000000.0,0.010789
TOI-1799 b,96.51546995865942,164200000.0,400000000.0,0.072502
TOI-1803 b,93.91776062372342,299000000.0,1032000000.0,0.06
TOI-1803 c,91.48995396360756,429000000.0,800000000.0,0.097
TOI-1807 b,96.80362073760438,149681583.0,244000000.0,0.0122
TOI-181 b,83.55231104742458,695590000.0,4616870000.0,0.0539
TOI-1811 b,75.41105266162008,1114172682.0,30892921160.0,0.04389
TOI-1820 b,68.62354456950247,1277823800.0,73100533610.0,0.061
TOI-1823 b,84.8171909161598,754062410.0,6740000000.0,0.212
TOI-1824 b,94.32850603978491,274382690.0,1600000000.0,0.151
TOI-1836 b,84.21351703274271,800321222.0,3845723725.0,0.1597
TOI-1842 b,70.41385163110834,1234850230.0,8940000000.0,0.1
TOI-1855 b,66.33092936811464,1849481816.0,36009958513.0,0.02398
TOI-1859 b,70.99383558087656,975181321.0,6860000000.0,0.337
TOI-1898 b,71.17839116427396,939553231.0,12900000000.0,0.269
TOI-1937 A b,67.41852502252249,1397759893.0,63883509807.0,0.01932
TOI-199 b,80.83953817255609,907927437.0,5403082919.0,0.4254
TOI-199 c,76.01183250651896,1140000000.0,8899195396.0,0.807
TOI-1994 b,37.3620511484072,1367495645.0,702400779470.0,0.0613
TOI-2000 b,94.45790973353645,270000000.0,1100000000.0,0.04271
TOI-2000 c,82.92949917787483,814000000.0,8170000000.0,0.0878
TOI-201 b,71.89831287358713,1129867200.0,13348860000.0,0.3
TOI-2010 b,69.825545378828,1181426566.0,40872733140.0,0.5516
TOI-2015 b,92.36247757834138,330900000.0,920000000.0,0.029322
TOI-2015 c,94.0508261464941,293000000.0,891000000.0,0.041232
TOI-2019 b,89.28184341080564,533275337.0,3440000000.0,0.128
TOI-2025 b,59.035712327526525,1189272852.0,114418226520.0,0.0892
TOI-2076 b,94.99457407779077,239000000.0,1610000000.0,0.0682
TOI-2096 b,94.81259856149372,124300000.0,208000000.0,0.025
TOI-2096 c,94.58795470405536,191400000.0,432000000.0,0.04
TOI-2107 b,71.6483530919428,1357407563.0,26379757781.0,0.03515
TOI-2128 b,95.66892889905417,208874836.0,450000000.0,0.127
TOI-2134 b,93.92976483967328,269000000.0,913000000.0,0.078
TOI-2134 c,75.91454201586248,727000000.0,4189000000.0,0.371
TOI-2136 b,95.4612286410425,219000000.0,637000000.0,0.057
TOI-2145 b,56.19773687695425,1241899699.0,176700000000.0,0.111
TOI-2152 A b,63.79476917554052,1435870428.0,89945439181.0,0.05064
TOI-2154 b,65.17449699572508,1628664896.0,29240213444.0,0.0513
TOI-216.01,79.07284711345497,1010000000.0,17798390792.0,0.2069
TOI-216.02,81.71712350418424,800000000.0,1875187601.0,0.1293
TOI-2180 b,63.12728961723576,1132107051.0,87561726129.0,0.828
TOI-2193 A b,66.88854264904177,1983989584.0,29875870258.0,0.03319
TOI-2196 b,92.79363389531314,351000000.0,2600000000.0,0.02234
TOI-220 b,93.83982013996571,303000000.0,1380000000.0,0.08911
TOI-2202 b,76.60531449247195,1095117414.0,28731687993.0,0.09564
TOI-2202 c,72.70858187419825,1340000000.0,11727868218.0,0.15544
TOI-2207 b,73.7767488462229,1115293580.0,20341018048.0,0.0854
TOI-2236 b,67.94065217190214,1436991326.0,50216888306.0,0.05009
TOI-2257 b,85.81532557311877,219400000.0,545000000.0,0.145
TOI-2295 b,60.70431008737431,1647720163.0,27809985612.0,0.1992
TOI-2295 c,53.435562282975994,1280000000.0,178301736327.0,20180000000.0
TOI-2328 b,79.88242839770234,997599282.0,5085254512.0,0.127
TOI-2338 b,51.34235930142007,1120898070.0,190061387386.0,0.158
TOI-2364 b,82.76877697501578,860849718.0,7151139158.0,0.04871
TOI-2368 b,76.73480774820004,1083908434.0,20658846455.0,0.05649
TOI-237 b,96.90833787396332,144000000.0,267000000.0,0.0341
TOI-2373 b,51.061596332149584,1042435205.0,295580418510.0,0.112
TOI-2379 b,54.11930739627557,1172459381.0,183069162432.0,0.05263
TOI-2384 b,72.23523694762241,1148920522.0,62485064816.0,0.02793
TOI-2416 b,66.18676262411756,986390302.0,95348522100.0,0.0831
TOI-2420 b,68.17327164358565,1502003414.0,29462693329.0,0.0684
TOI-2421 b,79.13678026153616,1036830715.0,10583685953.0,0.0543
TOI-2443 b,89.47535932444914,236300000.0,480000000.0,0.105
TOI-2447 b,77.49790891210155,960609646.0,12490656395.0,0.347
TOI-2485 b,69.68711298544868,1213932610.0,76660211768.0,0.1093
TOI-2497 b,61.09140811317391,1114172682.0,153193292174.0,0.1166
TOI-2498 b,86.73126967254453,606000000.0,3462000000.0,0.0491
TOI-2524 b,76.65247509121767,1120898070.0,20341018048.0,0.073
TOI-2525 b,80.15853242900712,867575106.0,2669758619.0,0.1511
TOI-2525 c,76.0074392150093,1013291855.0,20881326340.0,0.249
TOI-2529 b,71.2933387590663,1154525012.0,74371847238.0,0.327
TOI-2537 b,67.59842254617307,1125381662.0,41540172795.0,0.3715
TOI-2537 c,46.034905016537685,1270000000.0,229789938261.0,27800000000.0
TOI-2567 b,78.46812098107799,1092875618.0,6388350981.0,0.0672
TOI-257 b,85.74741200862674,716253867.0,4386032017.0,0.1528
TOI-2570 b,71.54249016774793,1364132951.0,26061929374.0,0.04145
TOI-2580 b,66.8097076411951,1737392009.0,20023189641.0,0.048
TOI-2583 A b,71.6729429772274,1445958510.0,7945710175.0,0.0571
TOI-2587 A b,76.26445514189592,1207207221.0,6928659273.0,0.0635
TOI-2589 b,56.92623063633692,1210569916.0,111239942450.0,0.3
TOI-260 b,96.38502130747389,171000000.0,423000000.0,0.0943
TOI-269 b,86.0428533812557,277000000.0,880000000.0,0.0345
TOI-2803 A b,66.78588376103345,1811371281.0,30988269682.0,0.03185
TOI-2818 b,68.78219595796037,1527784069.0,22565816897.0,0.0493
TOI-2842 b,74.36166984110503,1284549188.0,11759651059.0,0.0475
TOI-286 b,96.92888105205327,142000000.0,453000000.0,0.0503
TOI-286 c,96.06856276926162,188000000.0,372000000.0,0.213
TOI-2969 b,73.01577543725463,1232987877.0,36868095212.0,0.0261
TOI-2977 b,69.92788062384588,1315934334.0,53395172376.0,0.03386
TOI-2989 b,67.1961904590681,1255405838.0,95348522100.0,0.0384
TOI-3023 b,67.82712713451093,1643236571.0,19705361234.0,0.0505
TOI-3261 b,92.17000202336493,382000000.0,3030000000.0,0.01714
TOI-329 b,82.4042700930388,494057819.0,4040000000.0,0.0638
TOI-332 b,93.08971675025259,320000000.0,5720000000.0,0.0159
TOI-3321 b,68.27510180742534,1555806521.0,17607693748.0,0.047
TOI-3331 A b,68.53511540627515,1297999965.0,72147048389.0,0.03144
TOI-3362 b,51.13360883063886,1280065596.0,159835905880.0,0.153
TOI-3364 b,71.70970619181313,1222899794.0,53077343969.0,0.0675
TOI-3540 A b,66.18452201034823,2353885947.0,37503752026.0,0.04289
TOI-3568 b,89.38383744004572,530000000.0,2640000000.0,0.0485
TOI-3593 b,72.12831334425304,1102963701.0,56573456446.0,0.0481
TOI-3688 A b,72.12895098569923,1308088048.0,31147183886.0,0.0456
TOI-3693 b,72.91939635993032,1259889431.0,32418497514.0,0.0813
TOI-3757 b,73.99216688722383,1200000000.0,8530000000.0,0.03845
TOI-3785 b,88.20061826388324,514000000.0,1495000000.0,0.043
TOI-3819 b,71.64204625252708,1313692538.0,35278953177.0,0.04611
TOI-3837 b,73.45458597943549,1087271128.0,18751876013.0,0.099
TOI-3884 b,86.66787218441142,643000000.0,3259000000.0,0.0361
TOI-3894 b,68.10753982154561,1527784069.0,26061929374.0,0.05354
TOI-3912 b,71.55324261118376,1428024141.0,12903833324.0,0.0463
TOI-3919 b,60.27457827348073,1231866979.0,123317421916.0,0.0795
TOI-3976 A b,76.01045956477495,1227383387.0,5561997123.0,0.0743
TOI-4010 b,93.92723773319162,302000000.0,1100000000.0,0.0229
TOI-4010 c,88.35921125711118,593000000.0,2031000000.0,0.058
TOI-4010 d,86.87511884381472,618000000.0,3815000000.0,0.113
TOI-4010 e,61.65939213975,1330000000.0,69200000000.0,15700000000.0
TOI-406 c,97.16960391062177,132000000.0,208000000.0,0.0322
TOI-406.01,95.18720731950388,208000000.0,657000000.0,0.0809
TOI-4087 b,72.92561920293574,1304725353.0,23201473711.0,0.04469
TOI-4127 b,60.10848843227942,1228504285.0,73100533610.0,0.3081
TOI-4137 b,69.85052764024776,1357407563.0,45767290608.0,0.05222
TOI-4145 A b,73.3199046047217,1330506009.0,13666621501.0,0.04823
TOI-4153 b,66.1537251755094,1611851425.0,36550266805.0,0.06311
TOI-4201 b,66.44873888428566,1367495645.0,78821444936.0,0.04
TOI-421 b,92.56224837733508,264000000.0,670000000.0,0.0554
TOI-421 c,86.60593593595755,509000000.0,1410000000.0,0.117
TOI-431 b,97.20625165950008,128000000.0,307000000.0,0.0113
TOI-431 c,96.81269016670797,149000000.0,283000000.0,0.052
TOI-431 d,93.35626869619867,329000000.0,990000000.0,0.098
TOI-4364 b,90.37488106370884,201000000.0,470000000.0,0.04753
TOI-4377 b,68.12843778847672,1510970598.0,30416178550.0,0.0579
TOI-4406 b,75.176598068906,1120898070.0,9534852210.0,0.201
TOI-4438 b,92.58818747352596,252000000.0,540000000.0,0.0534
TOI-4463 A b,72.33669866696704,1326022417.0,25235575516.0,0.04036
TOI-4465 b,51.589744133075776,1401122587.0,187200931723.0,0.416
TOI-451 b,96.00792589717534,191000000.0,431000000.0,0.0283
TOI-451 c,93.71523560059167,310000000.0,980000000.0,0.0823
TOI-451 d,91.8341336850774,407000000.0,1560000000.0,0.1208
TOI-4515 b,61.77332751105972,1217000000.0,63700000000.0,0.118
TOI-4551 b,71.50098736654279,1185910158.0,47356432643.0,0.0994
TOI-4562 b,59.63189660959041,1253000000.0,73200000000.0,0.768
TOI-4562 c,50.89317502847029,1280000000.0,183386990839.0,52190000000.0
TOI-4603 b,41.45982613922275,1167975789.0,409680816623.0,0.0888
TOI-4791 b,69.43126643840336,1244196858.0,73418362017.0,0.0555
TOI-480 b,94.07774805791203,285372018.0,2080000000.0,0.077
TOI-481 b,71.7168580087362,1109691000.0,48627990000.0,0.097
TOI-4860 b,82.62594323984422,870000000.0,8670000000.0,0.01808
TOI-4914 b,65.36255176694618,1287000000.0,22700000000.0,0.098
TOI-4961 b,67.96625701642994,1234108775.0,57209113260.0,0.0726
TOI-4994 b,76.67767466671992,854124329.0,8899195396.0,0.1515
TOI-500 b,96.80859966350461,116600000.0,142000000.0,0.01189
TOI-5027 b,65.99377334480754,1076062147.0,64201338214.0,0.093
TOI-5076 b,92.92268585584567,348935569.0,1614568308.0,0.1481
TOI-5110 b,58.91957926069707,1198240037.0,92170238030.0,0.2157
TOI-5126 b,90.52989514470863,474000000.0,2020000000.0,0.06519
TOI-5126 c,92.24260563503877,386000000.0,1420000000.0,0.1439
TOI-5153 b,66.47853651677461,1188151954.0,103612060682.0,0.158
TOI-5205 b,74.91189880031331,1160000000.0,34300000000.0,0.0199
TOI-5232 b,68.67587230239047,1277823800.0,74371847238.0,0.05593
TOI-530 b,80.9461867252987,930345398.0,12713136280.0,0.052
TOI-5300 b,79.30388421509863,986390302.0,19069704420.0,0.0295
TOI-5301 b,57.78148120469904,1309208946.0,118232167404.0,0.073
TOI-532 b,88.11430165623383,582000000.0,6150000000.0,0.0296
TOI-540 b,99.64585013868371,0.903,0.674,0.01223
TOI-544 b,95.81758799628534,201800000.0,289000000.0,0.0225
TOI-5542 b,74.79195052259844,1130986153.0,41953349724.0,0.332
TOI-5573 b,79.42605876114999,975000000.0,11200000000.0,0.0712
TOI-558 b,60.51386179793116,1217295304.0,114736054927.0,0.1291
TOI-559 b,56.485677989262015,1222899794.0,191014872607.0,0.0723
TOI-561 b,96.99553352202523,139700000.0,202000000.0,0.01064
TOI-561 c,94.41411869491476,286500000.0,593000000.0,0.0889
TOI-561 d,92.95030660452356,261500000.0,1333000000.0,0.1587
TOI-561 e,93.92623720443407,251700000.0,1240000000.0,0.33
TOI-564 b,72.99773810690935,1143318000.0,46498529000.0,0.02734
TOI-5678 b,87.94965524999736,491000000.0,2000000000.0,0.249
TOI-5688 A b,77.09198482704092,1030000000.0,12400000000.0,0.03379
TOI-5713 b,91.89551319491439,177000000.0,378000000.0,0.06008
TOI-5800 b,86.93611667479755,268000000.0,1080000000.0,0.0345
TOI-5882 b,48.0335038933891,1146678726.0,699540323807.0,0.0804
TOI-6002 b,94.03378970607491,165000000.0,336000000.0,0.05722
TOI-6016 b,70.45246060288542,1367495645.0,37185923619.0,0.055
TOI-6034 b,74.70634962902928,1192000000.0,25400000000.0,0.02949
TOI-6130 b,69.48242832261957,1434749530.0,33371982735.0,0.036
TOI-620 b,88.48031934992869,376000000.0,1360000000.0,0.04825
TOI-628 b,57.8767300901685,1188154000.0,201186390000.0,0.0486
TOI-6628 b,67.13518326975053,1098480109.0,23519302118.0,0.134
TOI-6651 b,88.27267134972773,509000000.0,6100000000.0,0.0633
TOI-669 b,94.681743951425,258606487.0,1000000000.0,0.048
TOI-6695 b,80.93863374193634,952763359.0,6674396547.0,0.402
TOI-6695 c,70.00566352540922,1360000000.0,46085119015.0,0.838
TOI-674 b,89.53788315902513,525000000.0,2360000000.0,0.025
TOI-6894 b,81.19221309198821,958367850.0,5339517238.0,0.02604
TOI-700 b,98.7634570618488,0.914,0.704,0.0677
TOI-700 c,93.94660373181571,260000000.0,727000000.0,0.0929
TOI-700 d,97.42932787446362,107300000.0,125000000.0,0.1633
TOI-700 e,99.10209117638522,0.953,0.818,0.134
TOI-712 b,86.09492450002831,204900000.0,485000000.0,0.07928
TOI-712 c,93.30527307655973,270100000.0,776000000.0,0.2447
TOI-712 d,94.0809650185895,247400000.0,668000000.0,0.3405
TOI-733 b,95.57316170419037,199200000.0,572000000.0,0.0618
TOI-757 b,87.27745205395877,250000000.0,1050000000.0,0.122
TOI-763 b,95.12025306198072,228000000.0,979000000.0,0.06
TOI-763 c,94.46501318505598,263000000.0,932000000.0,0.1011
TOI-771 b,96.60299470462225,136000000.0,247000000.0,0.0208
TOI-771 c,96.12334009998344,150000000.0,287000000.0,0.046
TOI-776 b,95.81792827278905,179800000.0,500000000.0,0.0653
TOI-776 c,94.54650973562596,204700000.0,690000000.0,0.1001
TOI-778 b,58.786894470490935,1540000000.0,87800000000.0,0.06
TOI-784 b,95.92074806705615,193000000.0,967000000.0,0.038
TOI-813 b,86.66646094948516,671000000.0,3640000000.0,0.423
TOI-836 b,95.97829880329488,170400000.0,453000000.0,0.0422
TOI-836 c,93.7378132495767,258700000.0,960000000.0,0.075
TOI-849 b,92.40295759084599,364000000.0,4180000000.0,0.0155
TOI-905 b,73.16184929007518,1312573900.0,21199261000.0,0.04666
TOI-908 b,91.40424248745248,318600000.0,1613700000.0,0.041657
TOI-954 b,78.88427687445609,955006800.0,5530242000.0,0.04963
TOI-969 c,33.83053292042784,1240000000.0,359146099910.0,25200000000.0
TRAPPIST-1 b,97.66268849503132,111600000.0,137400000.0,0.01154
TRAPPIST-1 c,97.7058435994461,109700000.0,130800000.0,0.0158
TRAPPIST-1 d,99.82322812529702,0.788,0.388,0.02227
TRAPPIST-1 e,99.75381877760904,0.92,0.692,0.02925
TRAPPIST-1 f,97.88089619130133,104500000.0,103900000.0,0.03849
TRAPPIST-1 g,97.55052082459304,112900000.0,132100000.0,0.04683
TRAPPIST-1 h,99.76545788668257,0.755,0.326,0.06189
TYC 0434-04538-1 b,56.833213836155196,1270000000.0,193876300000.0,0.66
TYC 1422-614-1 b,66.68733527526555,1330000000.0,79450000000.0,0.69
TYC 1422-614-1 c,44.943537972375445,1250000000.0,317800000000.0,13700000000.0
TYC 2187-512-1 b,73.42226220226392,1250000000.0,10488337431.0,12200000000.0
TYC 3667-1280-1 b,59.63698912878538,1280000000.0,171628200000.0,0.21
Teegarden's Star b,97.72908165413092,105000000.0,116000000.0,0.0259
Teegarden's Star c,97.57434260324479,102000000.0,105000000.0,0.0455
Teegarden's Star d,98.86890688850602,0.954,0.82,0.0791
TrES-1 b,73.32085057096697,1266617000.0,26697720000.0,0.03925
TrES-3 b,65.83307252105568,1497500000.0,60703000000.0,0.02282
TrES-4 b,67.35780430198044,1804649000.0,24790740000.0,0.05084
TrES-5 b,69.1828641231771,1338354600.0,56891570000.0,0.02459
V0391 Peg b,63.68474148185093,1310000000.0,101705600000.0,17000000000.0
V830 Tau b,71.21872816389777,1400000000.0,22248100000.0,0.057
VHS J125601.92-125723.9 b,4.238637753708292,1367495645.0,508525451200.0,3500000000000.0
WASP-1 b,67.1408866101926,1662300000.0,27141500000.0,0.03889
WASP-10 b,67.30589803715525,1210600000.0,100112000000.0,0.03781
WASP-100 b,67.86569483203323,1490797000.0,40046580000.0,0.04574
WASP-101 b,68.14979077390505,1602887000.0,16209330000.0,0.05057
WASP-102 b,69.73719460889649,1490794433.0,19768926915.0,0.041
WASP-103 b,65.27547748099288,1712700000.0,47354700000.0,0.01985
WASP-104 b,71.90536736320843,1274500000.0,40426300000.0,0.02918
WASP-105 b,74.09442800158939,1076064000.0,57209400000.0,0.075
WASP-106 b,71.39973061823493,1210569916.0,61340882551.0,0.0901
WASP-107 b,78.95122621304621,1053646000.0,3050000000.0,0.055
WASP-11 b,73.88980864914609,1244199000.0,25108570000.0,0.0435
WASP-113 b,68.50010903508331,1579348100.0,15096925000.0,0.05885
WASP-114 b,66.4371018065774,1500885100.0,56224127000.0,0.02851
WASP-116 b,72.00700374818783,1367495645.0,20341018048.0,0.065
WASP-117 b,70.72971677359936,1188154000.0,9534900000.0,0.09459
WASP-118 b,68.13804138118489,1614096000.0,16336462000.0,0.05453
WASP-12 b,65.09431815341509,2202564708.0,46721010000.0,0.0234
WASP-120 b,54.91890917804028,1651085700.0,154147550000.0,0.0514
WASP-121 b,66.25205238812546,1964934317.0,36772746690.0,0.02596
WASP-123 b,69.17799793570947,1477346200.0,28572917000.0,0.04263
WASP-127 b,71.47967985075688,1469499900.0,5234660100.0,0.0484
WASP-13 b,72.82835019554551,1367498000.0,11441880000.0,0.05362
WASP-130 b,77.24438551692378,997601000.0,39093090000.0,0.1012
WASP-131 b,72.95686514778629,1374221034.0,8676715511.0,0.0608
WASP-132 b,79.71042649811223,1009929161.0,13603055820.0,0.0674
WASP-132 c,96.11994364862971,184100000.0,626000000.0,0.01833
WASP-132 d,55.5394927397866,1280000000.0,163999458012.0,27100000000.0
WASP-135 b,66.6219192149802,1457170000.0,60387700000.0,0.0243
WASP-136 b,66.07649414602628,1546842000.0,47992330000.0,0.0661
WASP-139 b,82.40976455606858,896720000.0,3718611000.0,0.062
WASP-14 b,43.37545835469305,1546842000.0,280961720000.0,0.037
WASP-140 b,62.20021989751636,1614096000.0,77550520000.0,0.0323
WASP-141 b,66.20498644881067,1356289000.0,85496270000.0,0.0469
WASP-142 b,67.18186002699197,1714977000.0,26697720000.0,0.0347
WASP-144 b,80.40664603083087,952765000.0,13984520000.0,0.0316
WASP-145 A b,78.03088932613286,1008810000.0,28286870000.0,0.0261
WASP-147 b,75.29484105392295,1249803500.0,8740325000.0,0.0549
WASP-149 b,68.02138946002759,1524421375.0,31496795134.0,0.024
WASP-15 b,68.28835732696203,1580469000.0,17162820000.0,0.05165
WASP-150 b,44.939780225295365,1199363000.0,268884180000.0,0.0694
WASP-154 b,77.53829480377033,1076062147.0,19896058278.0,0.044
WASP-155 b,71.75185876699763,1345077684.0,27682854250.0,0.043
WASP-156 b,87.90417109729124,602802815.0,4180000000.0,0.0458
WASP-158 b,68.8678725030359,1199363000.0,88674570000.0,0.0517
WASP-159 b,68.89249854951653,1546842000.0,17480650000.0,0.0538
WASP-16 b,70.2471008578998,1367498000.0,39410920000.0,0.0415
WASP-160 B b,75.81396830581846,1221781000.0,8835674000.0,0.0452
WASP-162 b,54.782246379644015,1120900000.0,165271600000.0,0.0871
WASP-164 b,69.57918587511418,1264375200.0,67697790000.0,0.02818
WASP-165 b,71.10962558974171,1412334000.0,20913214000.0,0.04823
WASP-166 b,86.04641831962104,706167000.0,3210083000.0,0.0641
WASP-168 b,68.41376659769884,1681350000.0,13348860000.0,0.0519
WASP-169 b,70.46497883316127,1461653600.0,17830263000.0,0.0681
WASP-17 b,67.35779789819051,2096083000.0,24790740000.0,0.0515
WASP-171 b,75.77248668559832,1098482000.0,34452772000.0,0.0504
WASP-172 b,68.2670555172738,1759813000.0,14938010000.0,0.0694
WASP-173 A b,63.48292602925526,1345080000.0,117279270000.0,0.0248
WASP-174 b,68.67776448925639,1610730527.0,10488337431.0,0.05503
WASP-175 b,71.23381546922548,1354047200.0,31465170000.0,0.04403
WASP-176 b,67.13779557094216,1686954500.0,27174465000.0,0.0535
WASP-178 b,64.77651878551656,2028829000.0,52759780000.0,0.0558
WASP-180 A b,70.82209016959888,1389916000.0,28604700000.0,0.048
WASP-182 b,81.26312717801844,952765000.0,4703884000.0,0.0451
WASP-184 b,69.8895808258379,1490797000.0,18116310000.0,0.0627
WASP-185 b,65.9953189931799,1401125000.0,31147340000.0,0.0904
WASP-186 b,57.539492331718506,1244199000.0,134124260000.0,0.06
WASP-187 b,67.29908231024899,1838276000.0,25426400000.0,0.0653
WASP-188 b,67.49779745499728,1481827249.0,45862639130.0,0.072
WASP-189 b,63.80858511226132,1814733975.0,63247852993.0,0.05053
WASP-190 b,72.4291239598812,1289035000.0,31783000000.0,0.0663
WASP-192 b,66.92666562894553,1378707000.0,73100900000.0,0.0408
WASP-193 b,68.75873905338892,1640994774.0,4417814857.0,0.0676
WASP-194 b,67.04110196446058,1547960235.0,37313054982.0,0.047
WASP-195 b,79.91405421072011,1031226224.0,3305415433.0,0.063
WASP-197 b,68.70503117355882,1444837612.0,40332424848.0,0.065
WASP-2 b,74.20313322836762,1211692900.0,29589973000.0,0.03144
WASP-20 b,68.73350671581935,1638800000.0,9884100000.0,0.06
WASP-21 b,76.17860981431453,1199000000.0,9534500000.0,0.052
WASP-22 b,71.99203404850367,1378707000.0,21294610000.0,0.047
WASP-24 b,66.86858315752377,1546842000.0,39410920000.0,0.03651
WASP-25 b,75.76109402083138,1199363000.0,13984520000.0,0.0473
WASP-26 b,71.60225478108096,1356289000.0,27015550000.0,0.04
WASP-29 b,82.78394438562009,863093000.0,7310090000.0,0.0457
WASP-3 b,62.53335233566215,1591678000.0,77232690000.0,0.0315
WASP-31 b,68.24372451917252,1736300000.0,15191600000.0,0.04659
WASP-32 b,71.65998134929976,1076064000.0,83589290000.0,0.0394
WASP-34 b,76.74724738522033,1120900000.0,17798480000.0,0.0524
WASP-35 b,70.11246908756003,1457170000.0,22565930000.0,0.04317
WASP-36 b,64.69953944269214,1487434300.0,75039663000.0,0.02677
WASP-37 b,69.87244854286115,1300200000.0,57207000000.0,0.0446
WASP-38 b,63.654670572510874,1378707000.0,109333520000.0,0.07522
WASP-39 b,70.69807347850691,1493038800.0,8898900000.0,0.0486
WASP-4 b,68.272854585023,1480708900.0,37694638000.0,0.0226
WASP-41 b,73.92499412140558,1232990000.0,27015550000.0,0.04022
WASP-41 c,58.93156615909128,1310000000.0,101069940000.0,10700000000.0
WASP-42 b,73.80139465274955,1257649800.0,16749641000.0,0.0561
WASP-43 b,74.78776174771072,1042400000.0,56571400000.0,0.0142
WASP-44 b,73.86635055471598,1232990000.0,27651210000.0,0.03453
WASP-45 b,76.84244644899212,1060371400.0,30638812000.0,0.03963
WASP-46 b,69.25318960951145,1315936600.0,60705530000.0,0.02335
WASP-47 b,71.98066438318408,1286000000.0,37400000000.0,0.052
WASP-47 d,92.64773008513102,365000000.0,1550000000.0,0.085
WASP-48 b,67.29918831957634,1681350000.0,25426400000.0,0.03444
WASP-49 b,75.1218225443788,1244199000.0,11759710000.0,0.0379
WASP-5 b,71.9612554000344,1218400000.0,50215000000.0,0.0267
WASP-52 b,71.47072544877923,1424000000.0,14620000000.0,0.0272
WASP-54 b,67.13905903457837,1771022000.0,18751970000.0,0.04988
WASP-55 b,69.77227459816967,1490797000.0,19387630000.0,0.0558
WASP-56 b,78.47679899294296,1053646000.0,14302350000.0,0.05614
WASP-57 b,75.58505420864613,1176945000.0,20468252000.0,0.03769
WASP-58 b,66.80042806728332,1602887000.0,30829510000.0,0.0562
WASP-59 b,79.33723279466518,868700000.0,27427600000.0,0.0697
WASP-6 b,76.45908893171547,1154527000.0,11759710000.0,0.04217
WASP-60 b,79.45043569211234,986392000.0,17480650000.0,0.05548
WASP-61 b,62.01111866804517,1580469000.0,85178440000.0,0.0521
WASP-62 b,70.24743142740647,1479588000.0,16527160000.0,0.0571
WASP-63 b,68.78699409316997,1580469000.0,11759710000.0,0.0574
WASP-64 b,69.07878840116423,1424700000.0,40394500000.0,0.02648
WASP-65 b,71.61924910095438,1246400000.0,49262000000.0,0.0334
WASP-66 b,63.190254453455324,1569260000.0,74690050000.0,0.0546
WASP-67 b,74.10112434974175,1289035000.0,13666690000.0,0.05179
WASP-68 b,68.60476676896363,1479588000.0,34325640000.0,0.06206
WASP-69 b,75.35644719966142,1244199000.0,9217070000.0,0.04525
WASP-7 b,68.73288438310881,1490797000.0,30511680000.0,0.0617
WASP-70 A b,73.33679847951775,1304700000.0,18751200000.0,0.04853
WASP-71 b,70.65175161774673,1322662000.0,44178370000.0,0.04622
WASP-72 b,65.65973456230671,1445961000.0,73100900000.0,0.03711
WASP-73 b,61.27195970619357,1591678000.0,90899380000.0,0.05512
WASP-74 b,68.8162179167009,1524424000.0,22883760000.0,0.03443
WASP-75 b,69.69096384098432,1423500000.0,34006000000.0,0.0375
WASP-76 b,67.0234842260592,2078145022.0,28413859586.0,0.033
WASP-77 A b,69.50285987881898,1356000000.0,52931142902.0,0.023233633
WASP-78 b,66.38986811805626,2163337000.0,35279130000.0,0.03488
WASP-79 b,67.15248285542046,1714974047.0,27015414595.0,0.0519
WASP-8 b,62.469065679100474,1266617000.0,80728820000.0,0.0801
WASP-8 c,42.46523775840548,1250000000.0,300337000000.0,52800000000.0
WASP-80 b,77.0152937738025,1119779100.0,17099254000.0,0.0344
WASP-82 b,66.21385215181571,1815858000.0,37186110000.0,0.0447
WASP-83 b,76.80518889604387,1165736000.0,9534900000.0,0.059
WASP-84 b,77.42047763641872,1072000000.0,22000000000.0,0.0778
WASP-87 b,64.00573671679359,1552446500.0,69286940000.0,0.02946
WASP-88 b,68.4137383564499,1636514000.0,13348860000.0,0.06431
WASP-89 b,56.99468450539259,1165736000.0,187519700000.0,0.0427
WASP-90 b,67.797784625146,1827067000.0,20023290000.0,0.0562
WASP-91 b,73.96580575603343,1154527000.0,42589220000.0,0.037
WASP-92 b,67.28452078722893,1637634900.0,25585315000.0,0.0348
WASP-93 b,65.33386499376309,1790077300.0,46721010000.0,0.04211
WASP-94 A b,68.17911078685685,1771022000.0,15891500000.0,0.055
WASP-94 B b,71.27105049077295,1410000000.0,19641100000.0,0.0335
WASP-95 b,69.4493172659876,1378707000.0,45767520000.0,0.03416
WASP-96 b,72.9002911808133,1345000000.0,15255000000.0,0.0453
WASP-97 b,71.58441584200708,1277826000.0,43224880000.0,0.03303
WASP-98 b,72.78470068602067,1282309600.0,29303926000.0,0.03762
WASP-99 b,70.97957734730184,1143318000.0,77232690000.0,0.0717
WD 1856+534 b,50.05395968530638,1040000000.0,438605400000.0,0.0204
WTS-2 b,67.57959473001527,1527786700.0,35596960000.0,0.01855
Wolf 1061 b,94.8762716857605,121000000.0,191000000.0,0.0375
Wolf 1061 c,94.86240246163818,166000000.0,341000000.0,0.089
Wolf 1061 d,84.85375502776083,269000000.0,770000000.0,0.47
Wolf 327 b,97.28658877978812,124000000.0,253000000.0,0.01
Wolf 503 b,87.77493318314535,204300000.0,627000000.0,0.05712
XO-1 b,73.13899221183561,1277826000.0,26379890000.0,0.0488
XO-2 N b,77.13196658315505,1113053700.0,17989178000.0,0.0368
XO-2 S b,75.2402958712058,1090000000.0,8263580000.0,0.13
XO-2 S c,67.47128509580403,1360000000.0,43540900000.0,0.4756
XO-3 b,43.04775111380776,1580469000.0,231698070000.0,0.0476
XO-4 b,69.0855964019168,1401125000.0,45131860000.0,0.05524
XO-5 b,72.0798855483174,1278000000.0,37820000000.0,0.0515
XO-7 b,68.47641343752426,1538995700.0,22534147000.0,0.04421
YZ Cet b,99.08179721528292,0.913,0.7,0.01634
YZ Cet c,97.65723792657022,105000000.0,114000000.0,0.02156
YZ Cet d,96.91925481199169,103000000.0,109000000.0,0.02851
alf Ari b,63.20710525664059,1340000000.0,57207000000.0,12000000000.0
alf Tau b,53.715231079743994,1270000000.0,205636010000.0,14600000000.0
bet Cnc b,50.16604526708575,1260000000.0,247900000000.0,17000000000.0
bet Pic b,26.870359824018216,1849485000.0,372780938570.0,100180000000.0
bet Pic c,37.44105995490644,1250000000.0,322246221857.0,26800000000.0
bet UMi b,52.96201050475656,1270000000.0,193870000000.0,14000000000.0
eps CrB b,53.010581387209044,1270000000.0,212946100000.0,13000000000.0
eps Eri b,66.4254664546238,1410000000.0,20976674862.0,35300000000.0
eps Ind A b,28.85628661148978,1270000000.0,200549724817.0,284000000000.0
eps Tau b,51.657648743164884,1270000000.0,228518624633.0,18780000000.0
gam Cep b,51.53264899783743,1270000000.0,209766748620.0,21300000000.0
gam Lib b,66.39608174942315,1370000000.0,35787478628.0,13190000000.0
gam Lib c,56.955211758301935,1280000000.0,166256039702.0,23180000000.0
gam Psc b,65.01773154514106,1360000000.0,42589006538.0,13200000000.0
gam1 Leo b,46.685921889294065,1250000000.0,279043000000.0,11900000000.0
iot Dra b,35.036847043402815,1240000000.0,375673177074.0,14530000000.0
iot Dra c,16.841354738849642,1220000000.0,495812314920.0,194000000000.0
kap CrB b,66.03430493645982,1340000000.0,59116380000.0,25000000000.0
mu Leo b,65.13779023738773,1330000000.0,76280000000.0,11000000000.0
nu Oct A b,63.37312339012723,1330000000.0,69604421133.0,12400000000.0
nu Oph b,43.13164814780117,1200000000.0,705773298000.0,17650000000.0
nu Oph c,37.47950501461499,1200000000.0,783832346000.0,58290000000.0
ome Ser b,67.9949834806933,1400000000.0,23392170755.0,0.838
omi CrB b,69.02728583197998,1370000000.0,35596781584.0,0.699
omi UMa b,57.91232100900713,1300000000.0,116039151396.0,36910000000.0
pi Men c,95.63109559495847,211000000.0,430000000.0,0.068
psi1 Dra B b,57.00863690916266,1350000000.0,48627990000.0,44300000000.0
rho CrB b,70.53234249975007,1370000000.0,34738644885.0,0.2245
rho CrB c,87.16609262327317,578000000.0,2820000000.0,0.4206
rho CrB d,90.13044216280727,494000000.0,2160000000.0,0.827
rho CrB e,94.3125838948862,177000000.0,379000000.0,0.1061
tau Boo b,58.31368878036561,1280000000.0,189100000000.0,0.049
tau Cet e,93.0856343868385,181000000.0,393000000.0,0.538
tau Cet f,92.03729939718949,181000000.0,393000000.0,13340000000.0
tau Cet g,96.84208651802223,118000000.0,175000000.0,0.133
tau Cet h,93.21679884176044,119000000.0,183000000.0,0.243
tau Gem b,45.614848157075585,1210000000.0,654700000000.0,11700000000.0
ups And b,71.5075212034923,1400000000.0,21853100000.0,0.05922166
ups And c,41.669873845888894,1230000000.0,444324112986.0,0.827774
ups And d,37.684900116284155,1250000000.0,325774117175.0,25132900000.0
ups Leo b,64.02115627401862,1420000000.0,16209248757.0,11800000000.0
xi Aql b,68.1613673783406,1340000000.0,61690493799.0,0.625
